timestamp,experiment_id,round,client_id,number_of_clients,number_of_samples,training_latency_ms,serialization_latency_ms,deserialization_latency_ms,encryption_latency_ms,decryption_latency_ms,aggregation_latency_ms,encrypted_update_size_bytes,communication_latency_ms,total_round_latency_ms,security_overhead_ms,energy_joules,energy_status,energy_method,ELEI,energy_reference_joules,latency_reference_ms,reference_source
2026-09-30T17:51:39.376674+00:00,real-a59671e40fc44e9496857e3ecb7ff216,1,,2,176,,17.08100000178092,16.195499996683793,0.2367999986745417,0.5149999997229315,0.6289999982982408,,,44317.8373999981,0.7517999983974732,419.5086949999677,estimated,CodeCarbon software estimate (CPU/GPU/RAM),,,,
2026-09-30T17:51:39.376674+00:00,real-a59671e40fc44e9496857e3ecb7ff216,1,client_02,2,88,15545.955800000229,19.41149999765912,,0.2657000004546717,,,106743,,,,,,,,,,
2026-09-30T17:51:39.498648+00:00,real-a59671e40fc44e9496857e3ecb7ff216,1,client_01,2,88,15438.135200001852,25.0558000007004,,0.4853999998886138,,,106729,,,,,,,,,,
2026-09-30T17:54:10.840532+00:00,final-449dad36cea243028ec6cbc363c3b9c6,1,,2,176,,15.669199998228578,18.272599998454098,0.21700000070268288,0.520200002938509,0.5233000010775868,,,37529.61680000226,0.7372000036411919,360.6906680000248,estimated,"CodeCarbon software estimate (CPU/GPU/RAM), whole-machine Flower round scope",,,,
2026-09-30T17:54:10.843531+00:00,final-449dad36cea243028ec6cbc363c3b9c6,1,client_01,2,88,10580.09299999685,22.986500000115484,,0.5130999998073094,,,106763,,,,,,,,,,
2026-09-30T17:54:10.889887+00:00,final-449dad36cea243028ec6cbc363c3b9c6,1,client_02,2,88,10451.583900001424,22.795000000769505,,0.2762000003713183,,,106746,,,,,,,,,,
2026-10-04T09:31:57.411108+00:00,c940531e89f34d7db98a6afc5695d8ec,1,client_03,4,88,8694.109299998672,8.082599999397644,,0.20980000044801272,10.828000000401516,,106909,,,,,,,,,,
2026-10-04T09:31:57.412107+00:00,c940531e89f34d7db98a6afc5695d8ec,1,client_04,4,86,9229.861800000435,6.6874000003736,,0.3470999999990454,13.446599999952014,,106891,,,,,,,,,,
2026-10-04T09:31:57.423104+00:00,c940531e89f34d7db98a6afc5695d8ec,1,client_01,4,88,9495.64780000037,7.387800000287825,,0.16940000023168977,12.299300000449875,,106902,,,,,,,,,,
2026-10-04T09:31:57.431101+00:00,c940531e89f34d7db98a6afc5695d8ec,1,client_02,4,88,7985.4348999997455,6.957599998713704,,0.3431000004638918,15.326500000810483,,106914,,,,,,,,,,
2026-10-04T09:31:57.466090+00:00,c940531e89f34d7db98a6afc5695d8ec,1,,4,350,,4.878600000665756,10.519799998292001,0.1458000006095972,1.0403999986010604,0.2621000003273366,,,14196.735999999873,1.1861999992106576,136.50148900000204,estimated,"CodeCarbon software estimate (CPU/GPU/RAM), whole-machine Flower round scope",,,,
2026-10-04T09:32:10.731326+00:00,ae8e58bc27bd4d0c967228df09ecada7,1,client_01,4,88,7424.7726000012335,5.214499999055988,,0.1523000009910902,13.508300000466988,,106754,,,,,,,,,,
2026-10-04T09:32:10.732326+00:00,ae8e58bc27bd4d0c967228df09ecada7,1,client_02,4,88,6406.993700000385,21.042800000941497,,3.5345999986020615,33.031700000719866,,106754,,,,,,,,,,
2026-10-04T09:32:10.740322+00:00,ae8e58bc27bd4d0c967228df09ecada7,1,client_04,4,86,7421.38739999973,5.687100001523504,,0.4984999995940598,7.48359999852255,,106742,,,,,,,,,,
2026-10-04T09:32:10.750319+00:00,ae8e58bc27bd4d0c967228df09ecada7,1,client_03,4,88,7054.2829999994865,5.27689999944414,,0.14769999870622996,13.33830000112357,,106770,,,,,,,,,,
2026-10-04T09:32:10.784310+00:00,ae8e58bc27bd4d0c967228df09ecada7,1,,4,350,,5.049600000347709,9.870099998806836,0.14589999955205712,0.572199996895506,0.24990000019897707,,,12179.895999999644,0.7180999964475632,115.87963599999057,estimated,"CodeCarbon software estimate (CPU/GPU/RAM), whole-machine Flower round scope",,,,
2026-10-04T09:32:16.780894+00:00,ae8e58bc27bd4d0c967228df09ecada7,2,client_04,4,86,836.9633000002068,11.023799999748007,,0.9294000010413583,8.604599999671336,,106700,,,,,,,,,,
2026-10-04T09:32:16.783897+00:00,ae8e58bc27bd4d0c967228df09ecada7,2,client_02,4,88,828.6218000012013,8.458899999823188,,0.7017000007181196,36.41480000078445,,106716,,,,,,,,,,
2026-10-04T09:32:16.794889+00:00,ae8e58bc27bd4d0c967228df09ecada7,2,client_03,4,88,837.1320999995078,5.739500000345288,,0.27180000142834615,37.38900000098511,,106712,,,,,,,,,,
2026-10-04T09:32:16.805885+00:00,ae8e58bc27bd4d0c967228df09ecada7,2,client_01,4,88,807.495299999573,7.261400000061258,,0.4284999995434191,44.307000000117114,,106723,,,,,,,,,,
2026-10-04T09:32:16.840873+00:00,ae8e58bc27bd4d0c967228df09ecada7,2,,4,350,,5.362500000046566,9.768400002940325,0.1584999990882352,1.2388999966788106,0.30669999978272244,,,5498.601200000849,1.3973999957670458,50.28866599999674,estimated,"CodeCarbon software estimate (CPU/GPU/RAM), whole-machine Flower round scope",,,,
2026-10-04T09:32:22.846005+00:00,ae8e58bc27bd4d0c967228df09ecada7,3,client_03,4,88,818.8290999987657,5.134999999427237,,0.1596000001882203,42.89819999939937,,106791,,,,,,,,,,
2026-10-04T09:32:22.847191+00:00,ae8e58bc27bd4d0c967228df09ecada7,3,client_04,4,86,793.1102999991708,9.216599999490427,,0.4293999991205055,14.190599998983089,,106801,,,,,,,,,,
2026-10-04T09:32:22.858187+00:00,ae8e58bc27bd4d0c967228df09ecada7,3,client_02,4,88,812.3218000000634,5.333499999323976,,0.16940000023168977,18.578200000774814,,106802,,,,,,,,,,
2026-10-04T09:32:22.867397+00:00,ae8e58bc27bd4d0c967228df09ecada7,3,client_01,4,88,790.8953000005567,8.372899999812944,,0.3560999994078884,6.279900000663474,,106796,,,,,,,,,,
2026-10-04T09:32:22.901411+00:00,ae8e58bc27bd4d0c967228df09ecada7,3,,4,350,,6.240300001081778,9.662399999797344,0.1899999988381751,0.7106999964889837,0.246300000071642,,,5484.531100000822,0.9006999953271588,50.06497500000477,estimated,"CodeCarbon software estimate (CPU/GPU/RAM), whole-machine Flower round scope",,,,
2026-10-04T09:32:29.149137+00:00,ae8e58bc27bd4d0c967228df09ecada7,4,client_03,4,88,1116.3570999997319,5.592100000285427,,0.16630000027362257,45.02189999948314,,106768,,,,,,,,,,
2026-10-04T09:32:29.150138+00:00,ae8e58bc27bd4d0c967228df09ecada7,4,client_04,4,86,1116.0971999997855,7.528299998739385,,0.16729999879316892,22.789799999372917,,106752,,,,,,,,,,
2026-10-04T09:32:29.161643+00:00,ae8e58bc27bd4d0c967228df09ecada7,4,client_02,4,88,1094.524199999796,6.7947000006824965,,1.7370999994454905,39.24199999892153,,106773,,,,,,,,,,
2026-10-04T09:32:29.169640+00:00,ae8e58bc27bd4d0c967228df09ecada7,4,client_01,4,88,1119.5801999983814,8.170000000973232,,0.1861000000644708,5.882999999812455,,106772,,,,,,,,,,
2026-10-04T09:32:29.204629+00:00,ae8e58bc27bd4d0c967228df09ecada7,4,,4,350,,5.096599999887985,10.617499998261337,0.15040000107546803,0.7526999997935491,0.27969999973720405,,,5765.975600001184,0.9031000008690171,52.95844099999158,estimated,"CodeCarbon software estimate (CPU/GPU/RAM), whole-machine Flower round scope",,,,
2026-10-04T09:32:35.192284+00:00,ae8e58bc27bd4d0c967228df09ecada7,5,client_04,4,86,790.2776999999332,10.37969999924826,,0.45879999925091397,11.271100000158185,,106778,,,,,,,,,,
2026-10-04T09:32:35.193284+00:00,ae8e58bc27bd4d0c967228df09ecada7,5,client_03,4,88,771.8944000007468,10.828099999343976,,0.1869000006990973,34.58900000077847,,106780,,,,,,,,,,
2026-10-04T09:32:35.203433+00:00,ae8e58bc27bd4d0c967228df09ecada7,5,client_02,4,88,789.420400000381,9.103600001253653,,0.7067999995342689,12.95639999989362,,106768,,,,,,,,,,
2026-10-04T09:32:35.214384+00:00,ae8e58bc27bd4d0c967228df09ecada7,5,client_01,4,88,781.9174000014755,7.478800000171759,,0.26959999922837596,38.98090000075172,,106788,,,,,,,,,,
2026-10-04T09:32:35.247374+00:00,ae8e58bc27bd4d0c967228df09ecada7,5,,4,350,,6.889000000228407,9.471999999732361,0.3741000000445638,0.823200001832447,0.2702000001590932,,,5486.870799999451,1.1973000018770108,49.845839999998134,estimated,"CodeCarbon software estimate (CPU/GPU/RAM), whole-machine Flower round scope",,,,
2026-10-04T09:32:41.563213+00:00,ae8e58bc27bd4d0c967228df09ecada7,6,client_04,4,86,1159.4696000011027,7.803399999829708,,0.1990000000660075,5.4021999985707225,,106770,,,,,,,,,,
2026-10-04T09:32:41.564212+00:00,ae8e58bc27bd4d0c967228df09ecada7,6,client_01,4,88,1196.7956999997114,5.399200001193094,,0.1861000000644708,38.97719999986293,,106783,,,,,,,,,,
2026-10-04T09:32:41.574211+00:00,ae8e58bc27bd4d0c967228df09ecada7,6,client_03,4,88,1168.3030999993207,5.480399999214569,,0.167199999850709,40.51979999894684,,106772,,,,,,,,,,
2026-10-04T09:32:41.582207+00:00,ae8e58bc27bd4d0c967228df09ecada7,6,client_02,4,88,1227.9761000008875,6.382899999152869,,0.21219999871391337,14.80230000015581,,106802,,,,,,,,,,
2026-10-04T09:32:41.617758+00:00,ae8e58bc27bd4d0c967228df09ecada7,6,,4,350,,5.520699998669443,9.516100000837469,0.22469999930763151,0.7581999980175169,0.2752999989752425,,,5833.371400000033,0.9828999973251484,53.785305000001244,estimated,"CodeCarbon software estimate (CPU/GPU/RAM), whole-machine Flower round scope",,,,
2026-10-04T09:32:48.055997+00:00,ae8e58bc27bd4d0c967228df09ecada7,7,client_04,4,86,1008.7663000012981,5.429599999843049,,0.16700000014679972,59.350999999878695,,106786,,,,,,,,,,
2026-10-04T09:32:48.055997+00:00,ae8e58bc27bd4d0c967228df09ecada7,7,client_01,4,88,1065.9254000001965,5.896599999687169,,0.18600000112201087,48.199400000157766,,106784,,,,,,,,,,
2026-10-04T09:32:48.066265+00:00,ae8e58bc27bd4d0c967228df09ecada7,7,client_02,4,88,1096.0438000001886,5.918999999266816,,0.9766999992280034,12.500300001192954,,106777,,,,,,,,,,
2026-10-04T09:32:48.076040+00:00,ae8e58bc27bd4d0c967228df09ecada7,7,client_03,4,88,981.1110000009649,5.907000000661355,,0.19470000006549526,38.94639999998617,,106815,,,,,,,,,,
2026-10-04T09:32:48.112572+00:00,ae8e58bc27bd4d0c967228df09ecada7,7,,4,350,,5.205899999054964,9.760700002516387,0.19980000070063397,0.9442999999009771,0.287499999103602,,,5751.680800000031,1.144100000601611,52.44907400001466,estimated,"CodeCarbon software estimate (CPU/GPU/RAM), whole-machine Flower round scope",,,,
2026-10-04T09:32:54.842761+00:00,ae8e58bc27bd4d0c967228df09ecada7,8,client_03,4,88,1112.4733000015112,8.561500000723754,,0.182699999641045,30.71809999892139,,106815,,,,,,,,,,
2026-10-04T09:32:54.842761+00:00,ae8e58bc27bd4d0c967228df09ecada7,8,client_02,4,88,1108.9515000003303,6.08500000089407,,0.19780000002356246,2.770799999780138,,106775,,,,,,,,,,
2026-10-04T09:32:54.854571+00:00,ae8e58bc27bd4d0c967228df09ecada7,8,client_01,4,88,1156.1067000002367,6.294900000284542,,0.18119999913324136,47.302000000854605,,106764,,,,,,,,,,
2026-10-04T09:32:54.860594+00:00,ae8e58bc27bd4d0c967228df09ecada7,8,client_04,4,86,1088.4402000010596,7.185200000094483,,0.5096999993838836,48.10639999959676,,106796,,,,,,,,,,
2026-10-04T09:32:54.904188+00:00,ae8e58bc27bd4d0c967228df09ecada7,8,,4,350,,6.343200000628713,11.890499999935855,0.17589999879419338,0.792600003478583,0.2745000001596054,,,6010.932499999399,0.9685000022727763,54.711795999992326,estimated,"CodeCarbon software estimate (CPU/GPU/RAM), whole-machine Flower round scope",,,,
2026-10-04T09:33:01.494493+00:00,ae8e58bc27bd4d0c967228df09ecada7,9,client_03,4,88,1264.6941000002698,10.390999999799533,,0.24910000138334,13.842600001225946,,106791,,,,,,,,,,
2026-10-04T09:33:01.495651+00:00,ae8e58bc27bd4d0c967228df09ecada7,9,client_01,4,88,1308.8260000004084,13.956599999801256,,0.19260000044596381,38.78219999933208,,106806,,,,,,,,,,
2026-10-04T09:33:01.507104+00:00,ae8e58bc27bd4d0c967228df09ecada7,9,client_04,4,86,1297.6608000008127,11.254700000790763,,0.29569999969680794,39.876900000308524,,106821,,,,,,,,,,
2026-10-04T09:33:01.516951+00:00,ae8e58bc27bd4d0c967228df09ecada7,9,client_02,4,88,1337.4258000003465,13.66059999963909,,0.781700000516139,13.08459999927436,,106832,,,,,,,,,,
2026-10-04T09:33:01.550250+00:00,ae8e58bc27bd4d0c967228df09ecada7,9,,4,350,,5.150699998921482,9.595200002877391,0.15750000056868885,0.6869999997434206,0.2874000001611421,,,5994.377400000303,0.8445000003121095,55.10329200000342,estimated,"CodeCarbon software estimate (CPU/GPU/RAM), whole-machine Flower round scope",,,,
2026-10-04T09:33:07.873527+00:00,ae8e58bc27bd4d0c967228df09ecada7,10,client_03,4,88,972.6461000009294,8.42929999998887,,0.21130000095581636,36.69209999861778,,106719,,,,,,,,,,
2026-10-04T09:33:07.874525+00:00,ae8e58bc27bd4d0c967228df09ecada7,10,client_04,4,86,911.5148000000772,9.389200000441633,,0.3391999998711981,12.17980000001262,,106710,,,,,,,,,,
2026-10-04T09:33:07.884557+00:00,ae8e58bc27bd4d0c967228df09ecada7,10,client_02,4,88,943.3414999984961,15.981200000169338,,0.1922999999806052,63.63059999966936,,106724,,,,,,,,,,
2026-10-04T09:33:07.897501+00:00,ae8e58bc27bd4d0c967228df09ecada7,10,client_01,4,88,883.1438999986858,16.53240000086953,,0.28199999906064477,41.137599999274244,,106721,,,,,,,,,,
2026-10-04T09:33:07.934007+00:00,ae8e58bc27bd4d0c967228df09ecada7,10,,4,350,,7.580600000437698,9.557999999742606,0.17419999858248048,1.2165000007371418,0.2586999999039108,,,5800.292800000534,1.3906999993196223,51.7031550000138,estimated,"CodeCarbon software estimate (CPU/GPU/RAM), whole-machine Flower round scope",,,,
2026-10-04T09:33:14.541776+00:00,ae8e58bc27bd4d0c967228df09ecada7,11,client_04,4,86,1025.1256000010471,5.473199998959899,,0.18699999964155722,11.803600000348524,,106827,,,,,,,,,,
2026-10-04T09:33:14.542777+00:00,ae8e58bc27bd4d0c967228df09ecada7,11,client_03,4,88,1076.2446000007913,7.892600000559469,,0.176199999259552,42.443800000910414,,106849,,,,,,,,,,
2026-10-04T09:33:14.552773+00:00,ae8e58bc27bd4d0c967228df09ecada7,11,client_02,4,88,1035.9580000003916,9.83509999969101,,0.31379999927594326,13.422499998341664,,106857,,,,,,,,,,
2026-10-04T09:33:14.561770+00:00,ae8e58bc27bd4d0c967228df09ecada7,11,client_01,4,88,1041.9287999993685,10.494700001800084,,0.23969999892869964,38.964499999565305,,106838,,,,,,,,,,
2026-10-04T09:33:14.596128+00:00,ae8e58bc27bd4d0c967228df09ecada7,11,,4,350,,5.697599999621161,10.626199999023811,0.3723999998328509,0.7678999991185265,0.2749999985098839,,,6042.440600000191,1.1402999989513773,52.44337300000552,estimated,"CodeCarbon software estimate (CPU/GPU/RAM), whole-machine Flower round scope",,,,
2026-10-04T09:33:20.599787+00:00,ae8e58bc27bd4d0c967228df09ecada7,12,client_02,4,88,795.7476999999926,7.18839999899501,,0.22460000036517158,34.33699999914097,,106797,,,,,,,,,,
2026-10-04T09:33:20.600787+00:00,ae8e58bc27bd4d0c967228df09ecada7,12,client_01,4,88,798.838099999557,12.843000000430038,,1.0836000001290813,32.422199999928125,,106774,,,,,,,,,,
2026-10-04T09:33:20.610783+00:00,ae8e58bc27bd4d0c967228df09ecada7,12,client_04,4,86,817.8420000003825,9.790899999643443,,0.18210000052931719,12.28599999922153,,106770,,,,,,,,,,
2026-10-04T09:33:20.621954+00:00,ae8e58bc27bd4d0c967228df09ecada7,12,client_03,4,88,832.2689999986324,5.333400000381516,,0.17810000099416357,29.951600001368206,,106788,,,,,,,,,,
2026-10-04T09:33:20.654101+00:00,ae8e58bc27bd4d0c967228df09ecada7,12,,4,350,,6.514700000479934,10.592399998131441,0.16680000044289045,0.7015999963186914,0.30590000096708536,,,5489.989499999865,0.8683999967615819,50.05710600000384,estimated,"CodeCarbon software estimate (CPU/GPU/RAM), whole-machine Flower round scope",,,,
2026-10-04T09:33:26.700841+00:00,ae8e58bc27bd4d0c967228df09ecada7,13,client_02,4,88,891.6205999994418,15.933700000459794,,0.19919999976991676,50.8745999995881,,106800,,,,,,,,,,
2026-10-04T09:33:26.701840+00:00,ae8e58bc27bd4d0c967228df09ecada7,13,client_01,4,88,905.5004000001645,13.507599998774822,,0.6542999999510357,13.134399998307345,,106812,,,,,,,,,,
2026-10-04T09:33:26.713208+00:00,ae8e58bc27bd4d0c967228df09ecada7,13,client_04,4,86,887.6024000001053,7.332900000619702,,0.3415000010136282,40.92320000017935,,106792,,,,,,,,,,
2026-10-04T09:33:26.721207+00:00,ae8e58bc27bd4d0c967228df09ecada7,13,client_03,4,88,878.3414999998058,13.881299999411567,,1.1321000001771608,12.612499998795101,,106800,,,,,,,,,,
2026-10-04T09:33:26.845896+00:00,ae8e58bc27bd4d0c967228df09ecada7,13,,4,350,,9.82070000100066,14.322900000479422,0.1745000008668285,0.8520999999745982,0.29489999906218145,,,5586.837900000319,1.0266000008414267,51.379945000007865,estimated,"CodeCarbon software estimate (CPU/GPU/RAM), whole-machine Flower round scope",,,,
2026-10-04T09:33:33.064938+00:00,ae8e58bc27bd4d0c967228df09ecada7,14,client_03,4,88,831.5471000005346,7.802399999491172,,0.20760000006703194,45.037399999273475,,106821,,,,,,,,,,
2026-10-04T09:33:33.065937+00:00,ae8e58bc27bd4d0c967228df09ecada7,14,client_02,4,88,809.8536999987118,5.556800000704243,,0.16759999925852753,59.667799998351256,,106806,,,,,,,,,,
2026-10-04T09:33:33.077934+00:00,ae8e58bc27bd4d0c967228df09ecada7,14,client_04,4,86,797.8739000009227,6.498200000351062,,2.5182999997923616,56.442999999489984,,106809,,,,,,,,,,
2026-10-04T09:33:33.088932+00:00,ae8e58bc27bd4d0c967228df09ecada7,14,client_01,4,88,824.2418999998335,7.785600000715931,,0.29999999969732016,16.490099998918595,,106804,,,,,,,,,,
2026-10-04T09:33:33.119602+00:00,ae8e58bc27bd4d0c967228df09ecada7,14,,4,350,,6.082899999455549,8.973599999080761,0.4408999993756879,0.7275999996636529,0.3228999994462356,,,5513.706099998672,1.1684999990393408,50.104895000004035,estimated,"CodeCarbon software estimate (CPU/GPU/RAM), whole-machine Flower round scope",,,,
2026-10-04T09:33:39.730512+00:00,ae8e58bc27bd4d0c967228df09ecada7,15,client_03,4,88,1077.258499999516,6.182900000567315,,0.17889999980980065,39.20010000001639,,106800,,,,,,,,,,
2026-10-04T09:33:39.731512+00:00,ae8e58bc27bd4d0c967228df09ecada7,15,client_01,4,88,1013.8881999992009,6.718599999658181,,0.5895999984204536,40.38839999884658,,106793,,,,,,,,,,
2026-10-04T09:33:39.743509+00:00,ae8e58bc27bd4d0c967228df09ecada7,15,client_02,4,88,964.6897000002355,6.166899998788722,,0.21239999841782264,9.6415000007255,,106784,,,,,,,,,,
2026-10-04T09:33:39.751505+00:00,ae8e58bc27bd4d0c967228df09ecada7,15,client_04,4,86,1055.06719999903,5.828100000144332,,0.17870000010589138,38.28500000054191,,106789,,,,,,,,,,
2026-10-04T09:33:39.784495+00:00,ae8e58bc27bd4d0c967228df09ecada7,15,,4,350,,4.923399999825051,10.229100000287872,0.1300999992963625,0.6444999999075662,0.261799999861978,,,6126.035499999489,0.7745999992039287,52.783287000002026,estimated,"CodeCarbon software estimate (CPU/GPU/RAM), whole-machine Flower round scope",,,,
2026-10-04T09:33:45.758349+00:00,ae8e58bc27bd4d0c967228df09ecada7,16,client_03,4,88,839.950300000055,5.7393999995838385,,0.21399999968707561,40.387400000327034,,106829,,,,,,,,,,
2026-10-04T09:33:45.759348+00:00,ae8e58bc27bd4d0c967228df09ecada7,16,client_01,4,88,876.6099000004033,6.195600000864943,,0.26450000041222665,14.495599998554098,,106852,,,,,,,,,,
2026-10-04T09:33:45.770347+00:00,ae8e58bc27bd4d0c967228df09ecada7,16,client_04,4,86,762.0679000010568,8.58440000047267,,0.20319999930507038,61.90919999971811,,106839,,,,,,,,,,
2026-10-04T09:33:45.779341+00:00,ae8e58bc27bd4d0c967228df09ecada7,16,client_02,4,88,820.5980000002455,13.72809999884339,,0.20249999943189323,8.06190000002971,,106827,,,,,,,,,,
2026-10-04T09:33:45.814115+00:00,ae8e58bc27bd4d0c967228df09ecada7,16,,4,350,,5.09059999967576,9.730699999636272,0.15800000073795673,1.137200002631289,0.2841000004991656,,,5492.568400000891,1.2952000033692457,50.410940000001574,estimated,"CodeCarbon software estimate (CPU/GPU/RAM), whole-machine Flower round scope",,,,
2026-10-04T09:33:52.037995+00:00,ae8e58bc27bd4d0c967228df09ecada7,17,client_03,4,88,1082.29780000147,5.785999999716296,,0.5143999987922143,12.335600000369595,,106718,,,,,,,,,,
2026-10-04T09:33:52.039993+00:00,ae8e58bc27bd4d0c967228df09ecada7,17,client_04,4,86,1060.5577000005724,5.596500001047389,,0.882399999682093,39.789500000551925,,106756,,,,,,,,,,
2026-10-04T09:33:52.049951+00:00,ae8e58bc27bd4d0c967228df09ecada7,17,client_01,4,88,1008.8562999990245,6.995900001129485,,0.20869999934802763,51.19699999886507,,106746,,,,,,,,,,
2026-10-04T09:33:52.059946+00:00,ae8e58bc27bd4d0c967228df09ecada7,17,client_02,4,88,1064.712800000052,7.853899998735869,,0.33369999982824083,9.305099998528021,,106754,,,,,,,,,,
2026-10-04T09:33:52.095374+00:00,ae8e58bc27bd4d0c967228df09ecada7,17,,4,350,,5.215999999563792,9.7433999999339,0.19880000036209822,1.2609000023076078,0.2880000010918593,,,5724.711299999399,1.459700002669706,52.55186500000491,estimated,"CodeCarbon software estimate (CPU/GPU/RAM), whole-machine Flower round scope",,,,
2026-10-04T09:33:58.530665+00:00,ae8e58bc27bd4d0c967228df09ecada7,18,client_01,4,88,1198.460999999952,5.514700000276207,,0.182699999641045,32.17360000053304,,106829,,,,,,,,,,
2026-10-04T09:33:58.531665+00:00,ae8e58bc27bd4d0c967228df09ecada7,18,client_04,4,86,1157.105700000102,11.99830000041402,,0.18980000095325522,14.699100000143517,,106854,,,,,,,,,,
2026-10-04T09:33:58.540661+00:00,ae8e58bc27bd4d0c967228df09ecada7,18,client_02,4,88,1143.3037999995577,12.640599999940605,,0.22419999913836364,35.521499999958905,,106851,,,,,,,,,,
2026-10-04T09:33:58.550657+00:00,ae8e58bc27bd4d0c967228df09ecada7,18,client_03,4,88,1157.9421000005823,11.1125000003085,,0.2299999996466795,8.166400000845897,,106861,,,,,,,,,,
2026-10-04T09:33:58.585279+00:00,ae8e58bc27bd4d0c967228df09ecada7,18,,4,350,,5.140200000823825,11.018600001989398,0.16119999963848386,0.6625999994867016,0.36530000033963006,,,5881.35180000063,0.8237999991251854,53.55673199999728,estimated,"CodeCarbon software estimate (CPU/GPU/RAM), whole-machine Flower round scope",,,,
2026-10-04T09:34:04.841014+00:00,ae8e58bc27bd4d0c967228df09ecada7,19,client_01,4,88,821.3489000008849,7.572000000436674,,0.1795999996829778,35.94460000022082,,106794,,,,,,,,,,
2026-10-04T09:34:04.842014+00:00,ae8e58bc27bd4d0c967228df09ecada7,19,client_02,4,88,789.7697000007611,7.505600000513368,,0.22850000095786527,39.12599999966915,,106791,,,,,,,,,,
2026-10-04T09:34:04.851125+00:00,ae8e58bc27bd4d0c967228df09ecada7,19,client_04,4,86,766.8287999986205,7.496599999285536,,0.18850000014936086,15.231899998980225,,106784,,,,,,,,,,
2026-10-04T09:34:04.860122+00:00,ae8e58bc27bd4d0c967228df09ecada7,19,client_03,4,88,840.4379000003246,5.515400000149384,,0.18649999947228935,8.951099998739664,,106783,,,,,,,,,,
2026-10-04T09:34:04.895797+00:00,ae8e58bc27bd4d0c967228df09ecada7,19,,4,350,,5.169599999135244,9.888999999020598,0.1568000006955117,0.8911999993870268,0.28819999897677917,,,5697.184000000561,1.0480000000825385,50.28539799999634,estimated,"CodeCarbon software estimate (CPU/GPU/RAM), whole-machine Flower round scope",,,,
2026-10-04T09:34:11.250546+00:00,ae8e58bc27bd4d0c967228df09ecada7,20,client_01,4,88,822.9393000001437,8.56500000008964,,0.26389999948150944,19.215099999200902,,106807,,,,,,,,,,
2026-10-04T09:34:11.251545+00:00,ae8e58bc27bd4d0c967228df09ecada7,20,client_02,4,88,834.4778999999107,5.544600000575883,,0.26819999948202167,51.656900001034955,,106799,,,,,,,,,,
2026-10-04T09:34:11.261542+00:00,ae8e58bc27bd4d0c967228df09ecada7,20,client_03,4,88,847.9319999987638,5.377299999963725,,0.17130000014731195,24.31330000035814,,106785,,,,,,,,,,
2026-10-04T09:34:11.271538+00:00,ae8e58bc27bd4d0c967228df09ecada7,20,client_04,4,86,819.6883000000525,6.165599999803817,,0.2082999999402091,46.16660000101547,,106813,,,,,,,,,,
2026-10-04T09:34:11.313568+00:00,ae8e58bc27bd4d0c967228df09ecada7,20,,4,350,,12.85460000144667,9.92469999982859,0.17049999951268546,0.5799999998998828,0.2950999987660907,,,5533.399100000679,0.7504999994125683,50.44446699999753,estimated,"CodeCarbon software estimate (CPU/GPU/RAM), whole-machine Flower round scope",,,,
2026-10-04T09:34:24.629931+00:00,0710fbfc2f234986bd42d74376d91dec,1,client_02,4,88,7502.514900001188,5.781199999546516,,0.18819999968400225,10.065500000564498,,106733,,,,,,,,,,
2026-10-04T09:34:24.629931+00:00,0710fbfc2f234986bd42d74376d91dec,1,client_01,4,88,7240.147900000011,6.7620999998325715,,0.44970000089961104,15.819599999304046,,106763,,,,,,,,,,
2026-10-04T09:34:24.638927+00:00,0710fbfc2f234986bd42d74376d91dec,1,client_03,4,88,6991.924899999503,6.5752999998949235,,0.19350000002305023,54.10459999984596,,106742,,,,,,,,,,
2026-10-04T09:34:24.650107+00:00,0710fbfc2f234986bd42d74376d91dec,1,client_04,4,86,7480.91580000073,5.525600001419662,,0.18670000099518802,7.899300000644871,,106715,,,,,,,,,,
2026-10-04T09:34:24.690195+00:00,0710fbfc2f234986bd42d74376d91dec,1,,4,350,,5.15590000031807,10.488099997019162,0.15410000014526304,0.7747000017843675,0.27690000024449546,,,12153.591199999937,0.9288000019296305,116.945199999991,estimated,"CodeCarbon software estimate (CPU/GPU/RAM), whole-machine Flower round scope",,,,
2026-10-04T09:34:30.832656+00:00,0710fbfc2f234986bd42d74376d91dec,2,client_04,4,86,875.0072999991971,8.746800000153598,,0.18090000048687216,6.745799999407609,,106696,,,,,,,,,,
2026-10-04T09:34:30.833655+00:00,0710fbfc2f234986bd42d74376d91dec,2,client_02,4,88,891.5015000002313,5.431400000816211,,0.17610000031709205,36.19559999970079,,106700,,,,,,,,,,
2026-10-04T09:34:30.843653+00:00,0710fbfc2f234986bd42d74376d91dec,2,client_03,4,88,859.20090000036,10.869600000660284,,0.22650000028079376,40.19709999920451,,106719,,,,,,,,,,
2026-10-04T09:34:30.852649+00:00,0710fbfc2f234986bd42d74376d91dec,2,client_01,4,88,972.9635000003327,6.517600000734092,,0.1852000004873844,42.8079000012076,,106716,,,,,,,,,,
2026-10-04T09:34:30.886638+00:00,0710fbfc2f234986bd42d74376d91dec,2,,4,350,,5.239399999481975,10.697900001105154,0.14829999963694718,0.7628999992448371,0.27070000032836106,,,5610.922399999254,0.9111999988817843,51.42721899999743,estimated,"CodeCarbon software estimate (CPU/GPU/RAM), whole-machine Flower round scope",,,,
2026-10-04T09:34:36.959359+00:00,0710fbfc2f234986bd42d74376d91dec,3,client_01,4,88,1004.3504000004759,5.304899999828194,,0.180200000613695,13.964499999929103,,106742,,,,,,,,,,
2026-10-04T09:34:36.960358+00:00,0710fbfc2f234986bd42d74376d91dec,3,client_02,4,88,924.0250000002561,15.416300000651972,,0.29410000024654437,13.209299999289215,,106754,,,,,,,,,,
2026-10-04T09:34:36.971355+00:00,0710fbfc2f234986bd42d74376d91dec,3,client_03,4,88,958.1011999998736,9.396599998581223,,0.41309999869554304,13.562699999965844,,106751,,,,,,,,,,
2026-10-04T09:34:36.981352+00:00,0710fbfc2f234986bd42d74376d91dec,3,client_04,4,86,908.6817999996128,16.484499999933178,,5.594100000962499,40.76030000032915,,106762,,,,,,,,,,
2026-10-04T09:34:37.014341+00:00,0710fbfc2f234986bd42d74376d91dec,3,,4,350,,5.503399999724934,8.809899996776949,0.1596000001882203,0.5845000032422831,0.5703000006178627,,,5601.25700000026,0.7441000034305034,51.5363989999969,estimated,"CodeCarbon software estimate (CPU/GPU/RAM), whole-machine Flower round scope",,,,
2026-10-04T09:34:43.335116+00:00,0710fbfc2f234986bd42d74376d91dec,4,client_03,4,88,1124.1019999997661,12.93230000010226,,0.6386999993992504,12.725699998554774,,106733,,,,,,,,,,
2026-10-04T09:34:43.338115+00:00,0710fbfc2f234986bd42d74376d91dec,4,client_01,4,88,1110.1978000006056,13.909100000091712,,0.8668000009492971,37.98800000004121,,106727,,,,,,,,,,
2026-10-04T09:34:43.352762+00:00,0710fbfc2f234986bd42d74376d91dec,4,client_04,4,86,1107.5897999999142,9.756900000866153,,0.7243000000016764,37.3446999983571,,106753,,,,,,,,,,
2026-10-04T09:34:43.361758+00:00,0710fbfc2f234986bd42d74376d91dec,4,client_02,4,88,1120.5313999998907,6.316900000456371,,0.22150000040710438,34.5567000003939,,106746,,,,,,,,,,
2026-10-04T09:34:43.395873+00:00,0710fbfc2f234986bd42d74376d91dec,4,,4,350,,5.324300000211224,9.724700001243036,0.1446999995096121,0.7656999987375457,0.27889999910257757,,,5760.962099999233,0.9103999982471578,53.076173000008566,estimated,"CodeCarbon software estimate (CPU/GPU/RAM), whole-machine Flower round scope",,,,
2026-10-04T09:34:49.522009+00:00,0710fbfc2f234986bd42d74376d91dec,5,client_03,4,88,947.1653000000515,7.0875000001251465,,0.17689999913272914,15.693700001065736,,106758,,,,,,,,,,
2026-10-04T09:34:49.526008+00:00,0710fbfc2f234986bd42d74376d91dec,5,client_02,4,88,916.0134000012476,5.538600000363658,,0.17660000048635993,8.511500000167871,,106763,,,,,,,,,,
2026-10-04T09:34:49.535004+00:00,0710fbfc2f234986bd42d74376d91dec,5,client_04,4,86,992.6302000003489,5.394699999669683,,0.17159999879368115,32.79680000014196,,106739,,,,,,,,,,
2026-10-04T09:34:49.546000+00:00,0710fbfc2f234986bd42d74376d91dec,5,client_01,4,88,967.7239000011468,6.064499999411055,,0.20500000027823262,62.80320000041684,,106775,,,,,,,,,,
2026-10-04T09:34:49.579991+00:00,0710fbfc2f234986bd42d74376d91dec,5,,4,350,,5.213200000071083,9.38069999756408,0.16970000069704838,0.6620999993174337,0.3822999988187803,,,5619.325100000424,0.8318000000144821,51.832514999987325,estimated,"CodeCarbon software estimate (CPU/GPU/RAM), whole-machine Flower round scope",,,,
2026-10-04T09:34:55.701504+00:00,0710fbfc2f234986bd42d74376d91dec,6,client_02,4,88,911.1633000011352,8.493999999700463,,0.9213000012096018,21.132300000317628,,106803,,,,,,,,,,
2026-10-04T09:34:55.702504+00:00,0710fbfc2f234986bd42d74376d91dec,6,client_04,4,86,959.6653999997216,7.440900000801776,,0.3152999997837469,50.32349999964936,,106787,,,,,,,,,,
2026-10-04T09:34:55.713500+00:00,0710fbfc2f234986bd42d74376d91dec,6,client_03,4,88,983.7076000003435,5.663600000843871,,0.3630999999586493,25.02929999900516,,106775,,,,,,,,,,
2026-10-04T09:34:55.722736+00:00,0710fbfc2f234986bd42d74376d91dec,6,client_01,4,88,954.1375000007974,6.627299999308889,,1.1973000000580214,46.96610000064538,,106764,,,,,,,,,,
2026-10-04T09:34:55.759275+00:00,0710fbfc2f234986bd42d74376d91dec,6,,4,350,,5.861900001036702,11.38360000186367,0.3147000006720191,0.8430999987467658,0.2611999989312608,,,5654.322899999897,1.1577999994187849,51.67853199998717,estimated,"CodeCarbon software estimate (CPU/GPU/RAM), whole-machine Flower round scope",,,,
2026-10-04T09:35:01.924624+00:00,0710fbfc2f234986bd42d74376d91dec,7,client_02,4,88,945.2780000010534,6.297399999311892,,0.18339999951422215,19.538099999408587,,106839,,,,,,,,,,
2026-10-04T09:35:01.926618+00:00,0710fbfc2f234986bd42d74376d91dec,7,client_01,4,88,887.491499999669,5.86490000023332,,0.23390000023937318,16.67509999970207,,106853,,,,,,,,,,
2026-10-04T09:35:01.936614+00:00,0710fbfc2f234986bd42d74376d91dec,7,client_03,4,88,1033.8761000002705,5.480200001329649,,0.16800000048533548,41.3896999998542,,106853,,,,,,,,,,
2026-10-04T09:35:01.948610+00:00,0710fbfc2f234986bd42d74376d91dec,7,client_04,4,86,940.7534999991185,6.664200000159326,,0.17069999921659473,38.17950000120618,,106822,,,,,,,,,,
2026-10-04T09:35:01.980601+00:00,0710fbfc2f234986bd42d74376d91dec,7,,4,350,,5.041399999754503,9.649000001445529,0.16239999968092889,0.8120999991660938,0.28480000037234277,,,5691.097400000217,0.9744999988470227,52.23010800000338,estimated,"CodeCarbon software estimate (CPU/GPU/RAM), whole-machine Flower round scope",,,,
2026-10-04T09:35:08.031461+00:00,0710fbfc2f234986bd42d74376d91dec,8,client_02,4,88,921.8281000012212,7.78349999927741,,0.3128000007563969,38.543500000741915,,106936,,,,,,,,,,
2026-10-04T09:35:08.032461+00:00,0710fbfc2f234986bd42d74376d91dec,8,client_01,4,88,922.0315999991726,5.5615999990550335,,0.1742999993439298,14.021499999216758,,106939,,,,,,,,,,
2026-10-04T09:35:08.042458+00:00,0710fbfc2f234986bd42d74376d91dec,8,client_03,4,88,896.9677999994019,7.389399999738089,,0.2899999999499414,13.107599999784725,,106941,,,,,,,,,,
2026-10-04T09:35:08.053454+00:00,0710fbfc2f234986bd42d74376d91dec,8,client_04,4,86,952.7123000007123,5.24550000045565,,0.15109999912965577,16.577200000028824,,106919,,,,,,,,,,
2026-10-04T09:35:08.086444+00:00,0710fbfc2f234986bd42d74376d91dec,8,,4,350,,6.075799999962328,9.451699999772245,0.18529999942984432,0.6150000008346979,0.5584000009548618,,,5586.894000000029,0.8003000002645422,51.25174599999809,estimated,"CodeCarbon software estimate (CPU/GPU/RAM), whole-machine Flower round scope",,,,
2026-10-04T09:35:14.210373+00:00,0710fbfc2f234986bd42d74376d91dec,9,client_03,4,88,932.0719000006648,12.78959999945073,,2.0336000015959144,23.10880000004545,,106860,,,,,,,,,,
2026-10-04T09:35:14.212373+00:00,0710fbfc2f234986bd42d74376d91dec,9,client_01,4,88,1010.6813000002148,5.600199998298194,,0.17689999913272914,14.948100000765407,,106859,,,,,,,,,,
2026-10-04T09:35:14.220506+00:00,0710fbfc2f234986bd42d74376d91dec,9,client_04,4,86,983.027399999628,5.785100000139209,,0.15010000061010942,53.25110000012501,,106844,,,,,,,,,,
2026-10-04T09:35:14.229503+00:00,0710fbfc2f234986bd42d74376d91dec,9,client_02,4,88,990.0651999996626,8.43209999948158,,0.23440000040864106,13.73760000024049,,106868,,,,,,,,,,
2026-10-04T09:35:14.265491+00:00,0710fbfc2f234986bd42d74376d91dec,9,,4,350,,5.257099999653292,11.579899999560439,0.1720000000204891,0.7304999999178108,0.3132999991066754,,,5635.0049000011495,0.9024999999382999,51.880873999998585,estimated,"CodeCarbon software estimate (CPU/GPU/RAM), whole-machine Flower round scope",,,,
2026-10-04T09:35:20.362245+00:00,0710fbfc2f234986bd42d74376d91dec,10,client_01,4,88,965.6995000004827,7.8740999997535255,,1.0433999996166676,8.456399998976849,,106801,,,,,,,,,,
2026-10-04T09:35:20.363245+00:00,0710fbfc2f234986bd42d74376d91dec,10,client_04,4,86,955.7021999989956,8.391700001084246,,0.4552000009425683,17.96479999939038,,106802,,,,,,,,,,
2026-10-04T09:35:20.374241+00:00,0710fbfc2f234986bd42d74376d91dec,10,client_02,4,88,953.5199999991164,12.03709999936109,,0.37429999974847306,13.635400000566733,,106796,,,,,,,,,,
2026-10-04T09:35:20.385238+00:00,0710fbfc2f234986bd42d74376d91dec,10,client_03,4,88,973.2591000010871,6.670900000244728,,0.17809999917517416,43.76889999912237,,106802,,,,,,,,,,
2026-10-04T09:35:20.418227+00:00,0710fbfc2f234986bd42d74376d91dec,10,,4,350,,6.790999999793712,9.619200001907302,0.22600000011152588,1.219500001752749,0.30469999910565093,,,5602.595199999996,1.445500001864275,51.68466500001159,estimated,"CodeCarbon software estimate (CPU/GPU/RAM), whole-machine Flower round scope",,,,
2026-10-04T09:35:27.106177+00:00,0710fbfc2f234986bd42d74376d91dec,11,client_02,4,88,1502.5660000010248,5.744499998399988,,0.1609999999345746,20.024100000227918,,106694,,,,,,,,,,
2026-10-04T09:35:27.107176+00:00,0710fbfc2f234986bd42d74376d91dec,11,client_03,4,88,1435.68520000008,12.497900001108064,,0.4963999999745283,31.341500000053202,,106682,,,,,,,,,,
2026-10-04T09:35:27.118348+00:00,0710fbfc2f234986bd42d74376d91dec,11,client_01,4,88,1502.2329000003083,5.732699999498436,,0.17769999976735562,28.711200000543613,,106696,,,,,,,,,,
2026-10-04T09:35:27.126449+00:00,0710fbfc2f234986bd42d74376d91dec,11,client_04,4,86,1417.9284000001644,10.19559999986086,,1.3073999998596264,37.933800000246265,,106687,,,,,,,,,,
2026-10-04T09:35:27.163135+00:00,0710fbfc2f234986bd42d74376d91dec,11,,4,350,,6.018699999913224,11.607599999479135,0.35570000000006985,0.8374999997613486,0.3488000002107583,,,6168.620599999485,1.1931999997614184,56.73495799999728,estimated,"CodeCarbon software estimate (CPU/GPU/RAM), whole-machine Flower round scope",,,,
2026-10-04T09:35:34.307067+00:00,0710fbfc2f234986bd42d74376d91dec,12,client_03,4,88,967.2841999999946,7.227600000987877,,0.43729999924835283,56.49459999949613,,106583,,,,,,,,,,
2026-10-04T09:35:34.308066+00:00,0710fbfc2f234986bd42d74376d91dec,12,client_01,4,88,960.7231999998476,9.382399999594782,,0.450999999884516,22.55470000091009,,106585,,,,,,,,,,
2026-10-04T09:35:34.319614+00:00,0710fbfc2f234986bd42d74376d91dec,12,client_02,4,88,976.8174000000727,7.525799999712035,,0.18480000107956585,54.30770000020857,,106603,,,,,,,,,,
2026-10-04T09:35:34.327611+00:00,0710fbfc2f234986bd42d74376d91dec,12,client_04,4,86,959.907899999962,6.062599999495433,,0.5727000007027527,24.617700000817422,,106574,,,,,,,,,,
2026-10-04T09:35:34.361242+00:00,0710fbfc2f234986bd42d74376d91dec,12,,4,350,,5.186600001252373,9.671699999671546,0.13299999955052044,1.3097000010020565,0.270799999270821,,,5698.9598000000115,1.442700000552577,51.812535999997635,estimated,"CodeCarbon software estimate (CPU/GPU/RAM), whole-machine Flower round scope",,,,
2026-10-04T09:35:40.448844+00:00,0710fbfc2f234986bd42d74376d91dec,13,client_02,4,88,918.0254000002606,8.793400000286056,,0.2547999993112171,22.963700001128018,,106530,,,,,,,,,,
2026-10-04T09:35:40.450848+00:00,0710fbfc2f234986bd42d74376d91dec,13,client_03,4,88,908.9848000003258,11.853399999381509,,0.7224999990285141,68.27540000085719,,106544,,,,,,,,,,
2026-10-04T09:35:40.460840+00:00,0710fbfc2f234986bd42d74376d91dec,13,client_04,4,86,928.6099000000831,8.911900000384776,,0.7530000002589077,50.950900000316324,,106595,,,,,,,,,,
2026-10-04T09:35:40.471838+00:00,0710fbfc2f234986bd42d74376d91dec,13,client_01,4,88,1014.7832000002381,5.290499999318854,,0.17110000044340268,12.662900000577793,,106583,,,,,,,,,,
2026-10-04T09:35:40.506826+00:00,0710fbfc2f234986bd42d74376d91dec,13,,4,350,,5.249900001217611,9.634000000005472,0.1498000001447508,0.8118999958242057,0.31370000033348333,,,5616.198499999882,0.9616999959689565,51.7338060000111,estimated,"CodeCarbon software estimate (CPU/GPU/RAM), whole-machine Flower round scope",,,,
2026-10-04T09:35:46.874864+00:00,0710fbfc2f234986bd42d74376d91dec,14,client_02,4,88,923.2732000000397,9.64899999962654,,0.3224000010959571,42.129499999646214,,106475,,,,,,,,,,
2026-10-04T09:35:46.875863+00:00,0710fbfc2f234986bd42d74376d91dec,14,client_04,4,86,925.5424999992101,8.137900000292575,,0.2131000001099892,9.265400000003865,,106459,,,,,,,,,,
2026-10-04T09:35:46.886861+00:00,0710fbfc2f234986bd42d74376d91dec,14,client_01,4,88,954.3809000006149,7.805100000041421,,0.8391999999730615,38.0129000004672,,106459,,,,,,,,,,
2026-10-04T09:35:46.896319+00:00,0710fbfc2f234986bd42d74376d91dec,14,client_03,4,88,953.9007000003039,8.53579999966314,,0.15050000001792796,28.141599999798927,,106461,,,,,,,,,,
2026-10-04T09:35:46.933730+00:00,0710fbfc2f234986bd42d74376d91dec,14,,4,350,,5.866800000148942,8.486700002322323,0.2843000002030749,0.7985000011103693,1.0954999997920822,,,5600.666199999978,1.0828000013134442,51.35618599999362,estimated,"CodeCarbon software estimate (CPU/GPU/RAM), whole-machine Flower round scope",,,,
2026-10-04T09:35:53.115106+00:00,0710fbfc2f234986bd42d74376d91dec,15,client_01,4,88,945.6049999989773,7.150900000851834,,0.5925999994360609,39.73239999868383,,106483,,,,,,,,,,
2026-10-04T09:35:53.116106+00:00,0710fbfc2f234986bd42d74376d91dec,15,client_04,4,86,951.8411999997625,10.959999999613501,,0.6260000009206124,42.50709999905666,,106440,,,,,,,,,,
2026-10-04T09:35:53.126229+00:00,0710fbfc2f234986bd42d74376d91dec,15,client_02,4,88,962.2962000012194,10.18849999854865,,0.7502000007661991,21.031600001151673,,106478,,,,,,,,,,
2026-10-04T09:35:53.137226+00:00,0710fbfc2f234986bd42d74376d91dec,15,client_03,4,88,974.7812000005069,10.591999998723622,,0.7986000000528293,12.25710000107938,,106464,,,,,,,,,,
2026-10-04T09:35:53.168469+00:00,0710fbfc2f234986bd42d74376d91dec,15,,4,350,,5.896999999094987,9.713999997984502,0.17130000014731195,0.6827000015618978,0.2597999991849065,,,5623.394799999005,0.8540000017092098,51.47735000000466,estimated,"CodeCarbon software estimate (CPU/GPU/RAM), whole-machine Flower round scope",,,,
2026-10-04T09:35:59.363537+00:00,0710fbfc2f234986bd42d74376d91dec,16,client_01,4,88,1090.0008000007801,6.093400001191185,,0.18680000175663736,53.04909999904339,,106400,,,,,,,,,,
2026-10-04T09:35:59.364537+00:00,0710fbfc2f234986bd42d74376d91dec,16,client_02,4,88,1026.4581000010367,10.327599999072845,,0.2451999989716569,8.941699999923003,,106372,,,,,,,,,,
2026-10-04T09:35:59.374535+00:00,0710fbfc2f234986bd42d74376d91dec,16,client_03,4,88,1093.2604999998148,8.150499999828753,,0.4834000010305317,33.70290000020759,,106336,,,,,,,,,,
2026-10-04T09:35:59.383530+00:00,0710fbfc2f234986bd42d74376d91dec,16,client_04,4,86,1033.636899999692,11.073600000599981,,0.32869999995455146,51.21970000072906,,106390,,,,,,,,,,
2026-10-04T09:35:59.420519+00:00,0710fbfc2f234986bd42d74376d91dec,16,,4,350,,5.162900000868831,10.121300001628697,0.13129999933880754,0.7684999982302543,0.2674000006663846,,,5719.914100000096,0.8997999975690618,52.73520499998995,estimated,"CodeCarbon software estimate (CPU/GPU/RAM), whole-machine Flower round scope",,,,
2026-10-04T09:36:05.715696+00:00,0710fbfc2f234986bd42d74376d91dec,17,client_01,4,88,1145.1782999993156,10.36270000076911,,0.19040000006498303,17.587899999853107,,106370,,,,,,,,,,
2026-10-04T09:36:05.716776+00:00,0710fbfc2f234986bd42d74376d91dec,17,client_04,4,86,1119.2249000014272,6.909399999130983,,0.8521999989170581,15.941300000122283,,106394,,,,,,,,,,
2026-10-04T09:36:05.727953+00:00,0710fbfc2f234986bd42d74376d91dec,17,client_02,4,88,1147.824199999377,7.374000000709202,,0.17380000099365134,40.193300001192256,,106400,,,,,,,,,,
2026-10-04T09:36:05.737966+00:00,0710fbfc2f234986bd42d74376d91dec,17,client_03,4,88,1113.0421999987448,11.96429999981774,,0.8293000009871321,5.404799998359522,,106403,,,,,,,,,,
2026-10-04T09:36:05.771131+00:00,0710fbfc2f234986bd42d74376d91dec,17,,4,350,,6.159000000479864,11.294400002952898,0.24789999952190556,0.8725999996386236,0.26700000125856604,,,5811.461200000849,1.1204999991605291,53.455776999999216,estimated,"CodeCarbon software estimate (CPU/GPU/RAM), whole-machine Flower round scope",,,,
2026-10-04T09:36:11.928993+00:00,0710fbfc2f234986bd42d74376d91dec,18,client_02,4,88,974.9482000006537,8.002000000487897,,0.8637999999336898,18.803200000547804,,106329,,,,,,,,,,
2026-10-04T09:36:11.929992+00:00,0710fbfc2f234986bd42d74376d91dec,18,client_01,4,88,1008.742699999857,5.881900000531459,,0.17839999964053277,49.91599999993923,,106326,,,,,,,,,,
2026-10-04T09:36:11.939989+00:00,0710fbfc2f234986bd42d74376d91dec,18,client_03,4,88,927.4741000008362,10.755799999969895,,0.5087999998067971,78.48050000029616,,106311,,,,,,,,,,
2026-10-04T09:36:11.949986+00:00,0710fbfc2f234986bd42d74376d91dec,18,client_04,4,86,957.2312000000238,7.607199999256409,,0.8959000006143469,20.784199999980046,,106325,,,,,,,,,,
2026-10-04T09:36:11.983975+00:00,0710fbfc2f234986bd42d74376d91dec,18,,4,350,,7.498200000554789,11.019600002327934,0.22470000112662092,0.8035999962885398,0.2635000000736909,,,5646.242999999231,1.0282999974151608,51.811735999999655,estimated,"CodeCarbon software estimate (CPU/GPU/RAM), whole-machine Flower round scope",,,,
2026-10-04T09:36:18.528876+00:00,0710fbfc2f234986bd42d74376d91dec,19,client_03,4,88,1109.9833999996918,8.379499999136897,,0.985200000286568,13.61700000052224,,106348,,,,,,,,,,
2026-10-04T09:36:18.529875+00:00,0710fbfc2f234986bd42d74376d91dec,19,client_01,4,88,1083.8769000001776,10.601399999359273,,0.6353999997372739,39.15009999946051,,106341,,,,,,,,,,
2026-10-04T09:36:18.541871+00:00,0710fbfc2f234986bd42d74376d91dec,19,client_02,4,88,1087.2383999994781,7.517400001233909,,0.28360000032989774,48.37349999979779,,106345,,,,,,,,,,
2026-10-04T09:36:18.553867+00:00,0710fbfc2f234986bd42d74376d91dec,19,client_04,4,86,1083.5499000004347,13.91460000013467,,0.22449999960372224,46.8020999996952,,106358,,,,,,,,,,
2026-10-04T09:36:18.590855+00:00,0710fbfc2f234986bd42d74376d91dec,19,,4,350,,5.674199999702978,10.126499999387306,0.19530000099621248,0.7963000007293886,0.7893000001786277,,,5772.691500000292,0.991600001725601,52.978038000001106,estimated,"CodeCarbon software estimate (CPU/GPU/RAM), whole-machine Flower round scope",,,,
2026-10-04T09:36:24.953446+00:00,0710fbfc2f234986bd42d74376d91dec,20,client_02,4,88,978.100500000437,6.853400000181864,,0.7810000006429618,11.408599999413127,,106342,,,,,,,,,,
2026-10-04T09:36:24.954446+00:00,0710fbfc2f234986bd42d74376d91dec,20,client_01,4,88,991.3539999997738,9.858999999778462,,0.3264999995735707,33.68390000105137,,106340,,,,,,,,,,
2026-10-04T09:36:24.964446+00:00,0710fbfc2f234986bd42d74376d91dec,20,client_04,4,86,991.5638000002218,7.93830000111484,,0.7679000009375159,34.195600001112325,,106377,,,,,,,,,,
2026-10-04T09:36:24.973439+00:00,0710fbfc2f234986bd42d74376d91dec,20,client_03,4,88,1044.5835999998963,5.294000000503729,,2.2860000008222414,39.995300001464784,,106358,,,,,,,,,,
2026-10-04T09:36:25.007162+00:00,0710fbfc2f234986bd42d74376d91dec,20,,4,350,,4.976700000042911,9.289700001318124,0.13949999993201345,0.6872000030853087,0.2549999990151264,,,5841.4828999993915,0.8267000030173222,52.21294299999499,estimated,"CodeCarbon software estimate (CPU/GPU/RAM), whole-machine Flower round scope",,,,
2026-10-04T09:36:38.374761+00:00,982b40a304454986b98838ad9cd503b7,1,client_01,4,88,7436.669400000028,7.061700000122073,,0.1869000006990973,13.062399999398622,,106735,,,,,,,,,,
2026-10-04T09:36:38.375787+00:00,982b40a304454986b98838ad9cd503b7,1,client_03,4,88,6102.524599999015,15.434900000400376,,2.5675999986560782,48.131700001249555,,106746,,,,,,,,,,
2026-10-04T09:36:38.387528+00:00,982b40a304454986b98838ad9cd503b7,1,client_02,4,88,6079.673700000058,15.67830000021786,,3.357300000061514,19.746899999518064,,106704,,,,,,,,,,
2026-10-04T09:36:38.396675+00:00,982b40a304454986b98838ad9cd503b7,1,client_04,4,86,7673.106799999005,5.720899998777895,,0.1646999990043696,44.18989999976475,,106694,,,,,,,,,,
2026-10-04T09:36:38.430353+00:00,982b40a304454986b98838ad9cd503b7,1,,4,350,,7.568999999421067,8.258500000010827,0.1649999994697282,0.6882000016048551,0.2889000006689457,,,12348.268100000496,0.8532000010745833,118.616650999993,estimated,"CodeCarbon software estimate (CPU/GPU/RAM), whole-machine Flower round scope",,,,
2026-10-04T09:36:44.688557+00:00,982b40a304454986b98838ad9cd503b7,2,client_04,4,86,1013.6880000009114,8.790899999439716,,0.3726999984792201,29.380300000411808,,106696,,,,,,,,,,
2026-10-04T09:36:44.689556+00:00,982b40a304454986b98838ad9cd503b7,2,client_02,4,88,1082.163600000058,6.414499999664258,,0.1709000007394934,13.022699999055476,,106731,,,,,,,,,,
2026-10-04T09:36:44.699822+00:00,982b40a304454986b98838ad9cd503b7,2,client_01,4,88,1056.3994000003731,9.91010000143433,,0.35799999932351056,12.994699998671422,,106727,,,,,,,,,,
2026-10-04T09:36:44.709814+00:00,982b40a304454986b98838ad9cd503b7,2,client_03,4,88,1120.023699999365,6.720899998981622,,0.20399999993969686,32.85390000019106,,106722,,,,,,,,,,
2026-10-04T09:36:44.745916+00:00,982b40a304454986b98838ad9cd503b7,2,,4,350,,5.079199998363038,9.441400001378497,0.11660000018309802,0.6187999970279634,0.2598999999463558,,,5750.29639999957,0.7353999972110614,53.0823490000148,estimated,"CodeCarbon software estimate (CPU/GPU/RAM), whole-machine Flower round scope",,,,
2026-10-04T09:36:50.923778+00:00,982b40a304454986b98838ad9cd503b7,3,client_03,4,88,1053.1902000002447,11.0036999994918,,0.421200000346289,13.902800001233118,,106745,,,,,,,,,,
2026-10-04T09:36:50.924778+00:00,982b40a304454986b98838ad9cd503b7,3,client_01,4,88,1034.844100000555,6.704100000206381,,0.1899999988381751,11.595799998758594,,106781,,,,,,,,,,
2026-10-04T09:36:50.934775+00:00,982b40a304454986b98838ad9cd503b7,3,client_02,4,88,1054.8946999988402,9.674700000687153,,0.1849999989644857,11.619400000199676,,106774,,,,,,,,,,
2026-10-04T09:36:50.944771+00:00,982b40a304454986b98838ad9cd503b7,3,client_04,4,86,1110.9535000014148,5.395299998781411,,0.16340000001946464,19.05549999901268,,106786,,,,,,,,,,
2026-10-04T09:36:50.977762+00:00,982b40a304454986b98838ad9cd503b7,3,,4,350,,6.3599999994039536,10.696800001824158,0.1635999997233739,1.2621999994735233,0.26169999910052866,,,5700.077000001329,1.4257999991968973,52.7965740000036,estimated,"CodeCarbon software estimate (CPU/GPU/RAM), whole-machine Flower round scope",,,,
2026-10-04T09:36:57.185384+00:00,982b40a304454986b98838ad9cd503b7,4,client_04,4,86,1078.231199999209,6.492399999842746,,0.24429999939457048,10.041200001069228,,106770,,,,,,,,,,
2026-10-04T09:36:57.186383+00:00,982b40a304454986b98838ad9cd503b7,4,client_03,4,88,1026.162000000113,7.223599999633734,,0.20140000015089754,36.09859999960463,,106779,,,,,,,,,,
2026-10-04T09:36:57.195492+00:00,982b40a304454986b98838ad9cd503b7,4,client_02,4,88,988.3847000000969,8.10270000147284,,0.20480000057432335,39.73039999982575,,106825,,,,,,,,,,
2026-10-04T09:36:57.204576+00:00,982b40a304454986b98838ad9cd503b7,4,client_01,4,88,1011.9639999993524,7.254800000737305,,0.18400000044493936,14.728400001331465,,106764,,,,,,,,,,
2026-10-04T09:36:57.240122+00:00,982b40a304454986b98838ad9cd503b7,4,,4,350,,5.14389999989362,12.126800000260118,0.15939999866532162,0.765300002967706,0.28110000130254775,,,5711.186499998803,0.9247000016330276,52.37358200000017,estimated,"CodeCarbon software estimate (CPU/GPU/RAM), whole-machine Flower round scope",,,,
2026-10-04T09:37:03.407163+00:00,982b40a304454986b98838ad9cd503b7,5,client_02,4,88,968.4290999994118,6.912200000442681,,0.5409999994299142,33.12759999971604,,106891,,,,,,,,,,
2026-10-04T09:37:03.410163+00:00,982b40a304454986b98838ad9cd503b7,5,client_03,4,88,1024.7639000008348,7.276099999216967,,0.1795999996829778,15.82570000027772,,106873,,,,,,,,,,
2026-10-04T09:37:03.419159+00:00,982b40a304454986b98838ad9cd503b7,5,client_04,4,86,948.1839000000036,8.169700000507873,,1.3224999984231545,40.3416000008292,,106869,,,,,,,,,,
2026-10-04T09:37:03.430156+00:00,982b40a304454986b98838ad9cd503b7,5,client_01,4,88,1081.3854000007268,5.764499999713735,,0.19020000036107376,9.867699998721946,,106858,,,,,,,,,,
2026-10-04T09:37:03.464145+00:00,982b40a304454986b98838ad9cd503b7,5,,4,350,,5.586100000073202,9.286999997129897,0.16849999883561395,0.6875999988551484,0.29240000003483146,,,5678.910200000246,0.8560999976907624,52.355504000006476,estimated,"CodeCarbon software estimate (CPU/GPU/RAM), whole-machine Flower round scope",,,,
2026-10-04T09:37:10.779721+00:00,982b40a304454986b98838ad9cd503b7,6,client_04,4,86,1564.1446999998152,6.066599999030586,,0.1948000008269446,8.02289999955974,,106798,,,,,,,,,,
2026-10-04T09:37:10.779721+00:00,982b40a304454986b98838ad9cd503b7,6,client_02,4,88,1563.8041000001976,18.853100000342238,,0.2705999995669117,118.81589999939024,,106822,,,,,,,,,,
2026-10-04T09:37:10.793031+00:00,982b40a304454986b98838ad9cd503b7,6,client_03,4,88,1716.8334999987565,5.756300000939518,,0.2072000006592134,12.203400001453701,,106832,,,,,,,,,,
2026-10-04T09:37:10.804301+00:00,982b40a304454986b98838ad9cd503b7,6,client_01,4,88,1704.656600000817,10.890900000958936,,0.19469999824650586,13.801499999317457,,106804,,,,,,,,,,
2026-10-04T09:37:10.843371+00:00,982b40a304454986b98838ad9cd503b7,6,,4,350,,5.485600000611157,11.539599996467587,0.1695000009931391,0.809899998785113,0.3080000005866168,,,6848.7027999999555,0.9793999997782521,59.74244200000612,estimated,"CodeCarbon software estimate (CPU/GPU/RAM), whole-machine Flower round scope",,,,
2026-10-04T09:37:18.448580+00:00,982b40a304454986b98838ad9cd503b7,7,client_02,4,88,1926.0548000002018,10.74739999967278,,0.2012999993894482,39.84399999899324,,106737,,,,,,,,,,
2026-10-04T09:37:18.451581+00:00,982b40a304454986b98838ad9cd503b7,7,client_04,4,86,1999.222499998723,10.93580000087968,,0.1787999990483513,31.067500000062864,,106699,,,,,,,,,,
2026-10-04T09:37:18.469392+00:00,982b40a304454986b98838ad9cd503b7,7,client_03,4,88,2013.9911999995093,7.9776000002311775,,0.21520000154851004,6.011599998601014,,106703,,,,,,,,,,
2026-10-04T09:37:18.478943+00:00,982b40a304454986b98838ad9cd503b7,7,client_01,4,88,1920.4405000000406,17.01409999986936,,0.3221000006305985,11.476599998786696,,106712,,,,,,,,,,
2026-10-04T09:37:18.519956+00:00,982b40a304454986b98838ad9cd503b7,7,,4,350,,6.085999999413616,12.121000001570792,0.42190000021946616,1.6452000018034596,0.37940000038361177,,,6847.258900001179,2.0671000020229258,61.774881000001194,estimated,"CodeCarbon software estimate (CPU/GPU/RAM), whole-machine Flower round scope",,,,
2026-10-04T09:37:25.413145+00:00,982b40a304454986b98838ad9cd503b7,8,client_02,4,88,1068.6471000008169,5.319500000041444,,0.17499999921710696,48.129799999514944,,106542,,,,,,,,,,
2026-10-04T09:37:25.414144+00:00,982b40a304454986b98838ad9cd503b7,8,client_03,4,88,1027.1415999995952,7.869199998822296,,0.191699999049888,41.802999998253654,,106570,,,,,,,,,,
2026-10-04T09:37:25.424141+00:00,982b40a304454986b98838ad9cd503b7,8,client_04,4,86,1041.402900000321,9.424899999430636,,0.3178999995725462,13.938199999756762,,106551,,,,,,,,,,
2026-10-04T09:37:25.434248+00:00,982b40a304454986b98838ad9cd503b7,8,client_01,4,88,1024.8013000000356,10.408900001493748,,0.42550000034680124,35.72899999926449,,106581,,,,,,,,,,
2026-10-04T09:37:25.468237+00:00,982b40a304454986b98838ad9cd503b7,8,,4,350,,4.995400000552763,10.18820000172127,0.1793000010366086,0.8895999999367632,0.28080000083718915,,,5802.568099999917,1.0689000009733718,52.62340600000243,estimated,"CodeCarbon software estimate (CPU/GPU/RAM), whole-machine Flower round scope",,,,
2026-10-04T09:37:31.753867+00:00,982b40a304454986b98838ad9cd503b7,9,client_02,4,88,1164.2326000001049,5.784899998616311,,0.18289999934495427,50.546799999210634,,106481,,,,,,,,,,
2026-10-04T09:37:31.754867+00:00,982b40a304454986b98838ad9cd503b7,9,client_04,4,86,1149.936499999967,8.19709999996121,,0.1993000005313661,6.718600001477171,,106496,,,,,,,,,,
2026-10-04T09:37:31.764863+00:00,982b40a304454986b98838ad9cd503b7,9,client_01,4,88,1056.941499999084,6.684399999357993,,0.7961999999679392,32.63080000033369,,106486,,,,,,,,,,
2026-10-04T09:37:31.775383+00:00,982b40a304454986b98838ad9cd503b7,9,client_03,4,88,1057.4980000001233,10.624200000165729,,0.17950000074051786,38.981499999863445,,106470,,,,,,,,,,
2026-10-04T09:37:31.812062+00:00,982b40a304454986b98838ad9cd503b7,9,,4,350,,7.0161000003281515,11.219999998502317,0.18000000090978574,1.2059999990015058,0.31380000109493267,,,5829.6296000007715,1.3859999999112915,53.774627999991935,estimated,"CodeCarbon software estimate (CPU/GPU/RAM), whole-machine Flower round scope",,,,
2026-10-04T09:37:38.143693+00:00,982b40a304454986b98838ad9cd503b7,10,client_01,4,88,1044.6847999992315,9.020999999847845,,0.3874000012729084,12.300200000026962,,106416,,,,,,,,,,
2026-10-04T09:37:38.144693+00:00,982b40a304454986b98838ad9cd503b7,10,client_02,4,88,1028.7501000002521,6.694300000162912,,0.2573000001575565,37.87890000057814,,106410,,,,,,,,,,
2026-10-04T09:37:38.154691+00:00,982b40a304454986b98838ad9cd503b7,10,client_03,4,88,1019.6469000002253,7.036999999399995,,0.5277999989630189,15.238999998473446,,106418,,,,,,,,,,
2026-10-04T09:37:38.163687+00:00,982b40a304454986b98838ad9cd503b7,10,client_04,4,86,1024.0786999984266,7.525699998950586,,0.194500000361586,13.67260000006354,,106425,,,,,,,,,,
2026-10-04T09:37:38.200982+00:00,982b40a304454986b98838ad9cd503b7,10,,4,350,,5.5357000001095,10.973000000376487,0.17469999875174835,4.938499998388579,0.7499000003008405,,,5732.00579999866,5.1131999971403275,52.11174000000028,estimated,"CodeCarbon software estimate (CPU/GPU/RAM), whole-machine Flower round scope",,,,
2026-10-04T09:37:44.343999+00:00,982b40a304454986b98838ad9cd503b7,11,client_01,4,88,1036.846200000582,8.041799999773502,,0.927699999010656,27.428800000052433,,106408,,,,,,,,,,
2026-10-04T09:37:44.344998+00:00,982b40a304454986b98838ad9cd503b7,11,client_02,4,88,1055.6648000001587,5.243599998721038,,0.1644000003580004,14.103999999861117,,106404,,,,,,,,,,
2026-10-04T09:37:44.354994+00:00,982b40a304454986b98838ad9cd503b7,11,client_03,4,88,1044.1110000010667,6.371600000420585,,0.5092000010336051,17.5626000000193,,106393,,,,,,,,,,
2026-10-04T09:37:44.364991+00:00,982b40a304454986b98838ad9cd503b7,11,client_04,4,86,1017.4246999995376,7.465500000762404,,0.7416999997076346,48.41099999975995,,106445,,,,,,,,,,
2026-10-04T09:37:44.397980+00:00,982b40a304454986b98838ad9cd503b7,11,,4,350,,7.036400000288268,9.623600002669264,0.17359999947075266,2.1693000016966835,0.2798999994411133,,,5684.756099999504,2.342900001167436,52.270699000000604,estimated,"CodeCarbon software estimate (CPU/GPU/RAM), whole-machine Flower round scope",,,,
2026-10-04T09:37:50.557149+00:00,982b40a304454986b98838ad9cd503b7,12,client_04,4,86,1066.2207000004855,6.588700000065728,,0.43700000060198363,38.477800000691786,,106359,,,,,,,,,,
2026-10-04T09:37:50.558149+00:00,982b40a304454986b98838ad9cd503b7,12,client_01,4,88,1025.6929999995918,7.0148000013432465,,0.22840000019641593,12.013899999146815,,106306,,,,,,,,,,
2026-10-04T09:37:50.568145+00:00,982b40a304454986b98838ad9cd503b7,12,client_03,4,88,1080.771899998581,5.821900000228197,,0.1720000000204891,39.259499999388936,,106351,,,,,,,,,,
2026-10-04T09:37:50.578220+00:00,982b40a304454986b98838ad9cd503b7,12,client_02,4,88,1066.0753999982262,8.215799998652074,,0.6446999996114755,40.20889999992505,,106349,,,,,,,,,,
2026-10-04T09:37:50.609483+00:00,982b40a304454986b98838ad9cd503b7,12,,4,350,,6.1610000011569355,9.982300000046962,0.1584999990882352,0.703800000337651,0.28029999884893186,,,5691.5226000000985,0.8622999994258862,52.58895699998902,estimated,"CodeCarbon software estimate (CPU/GPU/RAM), whole-machine Flower round scope",,,,
2026-10-04T09:37:56.821989+00:00,982b40a304454986b98838ad9cd503b7,13,client_01,4,88,1099.937700000737,6.521200000861427,,0.45200000022305176,39.2266999988351,,106359,,,,,,,,,,
2026-10-04T09:37:56.822989+00:00,982b40a304454986b98838ad9cd503b7,13,client_04,4,86,1020.1034000001528,6.926699999894481,,0.2026999991358025,46.55860000093526,,106368,,,,,,,,,,
2026-10-04T09:37:56.833985+00:00,982b40a304454986b98838ad9cd503b7,13,client_02,4,88,1120.9462999995594,9.696600000097533,,0.26790000083565246,12.220499998875312,,106335,,,,,,,,,,
2026-10-04T09:37:56.844982+00:00,982b40a304454986b98838ad9cd503b7,13,client_03,4,88,1076.01490000161,7.782999999108142,,0.1968000015040161,28.96869999858609,,106349,,,,,,,,,,
2026-10-04T09:37:56.877129+00:00,982b40a304454986b98838ad9cd503b7,13,,4,350,,6.066599999030586,10.11109999672044,0.16979999963950831,0.684299999193172,0.29400000130408444,,,5735.704200000328,0.8540999988326803,52.991648000006535,estimated,"CodeCarbon software estimate (CPU/GPU/RAM), whole-machine Flower round scope",,,,
2026-10-04T09:38:03.114556+00:00,982b40a304454986b98838ad9cd503b7,14,client_04,4,86,1068.804700000328,7.080800000039744,,0.32950000058917794,10.835799999767914,,106386,,,,,,,,,,
2026-10-04T09:38:03.115555+00:00,982b40a304454986b98838ad9cd503b7,14,client_03,4,88,1077.8514000012365,5.24779999977909,,0.15640000128769316,45.94510000060836,,106369,,,,,,,,,,
2026-10-04T09:38:03.126551+00:00,982b40a304454986b98838ad9cd503b7,14,client_02,4,88,1061.6085000001476,9.712899998703506,,1.6971999993984355,14.455200000156765,,106381,,,,,,,,,,
2026-10-04T09:38:03.134548+00:00,982b40a304454986b98838ad9cd503b7,14,client_01,4,88,1058.1815000005008,9.500300000581774,,0.5732000008720206,11.18539999879431,,106379,,,,,,,,,,
2026-10-04T09:38:03.166538+00:00,982b40a304454986b98838ad9cd503b7,14,,4,350,,5.476199999975506,8.978299998489092,0.14589999955205712,0.6272999980865279,0.2755999994406011,,,5726.954399999158,0.773199997638585,52.722618999996484,estimated,"CodeCarbon software estimate (CPU/GPU/RAM), whole-machine Flower round scope",,,,
2026-10-04T09:38:09.388376+00:00,982b40a304454986b98838ad9cd503b7,15,client_04,4,86,1041.527600000336,8.551199998692027,,1.3861999996152008,8.18989999970654,,106427,,,,,,,,,,
2026-10-04T09:38:09.389375+00:00,982b40a304454986b98838ad9cd503b7,15,client_03,4,88,1074.6887999994215,6.514100001368206,,0.17359999947075266,40.77320000033069,,106417,,,,,,,,,,
2026-10-04T09:38:09.399478+00:00,982b40a304454986b98838ad9cd503b7,15,client_01,4,88,1096.0512000001472,5.574000000706292,,0.17280000065511558,32.12800000073912,,106424,,,,,,,,,,
2026-10-04T09:38:09.408475+00:00,982b40a304454986b98838ad9cd503b7,15,client_02,4,88,1070.4229999992094,5.66150000122434,,0.3087999994022539,13.16179999957967,,106430,,,,,,,,,,
2026-10-04T09:38:09.439627+00:00,982b40a304454986b98838ad9cd503b7,15,,4,350,,6.430200000977493,8.594700000685407,0.16450000111944973,0.6682999992335681,0.2547999993112171,,,5747.537499999453,0.8328000003530178,53.077809999995225,estimated,"CodeCarbon software estimate (CPU/GPU/RAM), whole-machine Flower round scope",,,,
2026-10-04T09:38:15.584217+00:00,982b40a304454986b98838ad9cd503b7,16,client_02,4,88,1009.5046999995247,10.412099998575286,,0.8352999993803678,19.923199999539065,,106505,,,,,,,,,,
2026-10-04T09:38:15.585217+00:00,982b40a304454986b98838ad9cd503b7,16,client_04,4,86,989.6752999993623,10.415099999590893,,2.262600000904058,33.281299998634495,,106501,,,,,,,,,,
2026-10-04T09:38:15.596214+00:00,982b40a304454986b98838ad9cd503b7,16,client_03,4,88,1028.4916000000521,9.626400000342983,,0.17979999938688707,45.028099999399274,,106483,,,,,,,,,,
2026-10-04T09:38:15.606212+00:00,982b40a304454986b98838ad9cd503b7,16,client_01,4,88,993.5600999997405,12.102599999707309,,0.21320000087143853,35.56410000055621,,106494,,,,,,,,,,
2026-10-04T09:38:15.640201+00:00,982b40a304454986b98838ad9cd503b7,16,,4,350,,6.308399999397807,10.451499996634084,0.2044000011665048,0.7862999991630204,0.28790000033040997,,,5684.439599999678,0.9907000003295252,52.46527699999206,estimated,"CodeCarbon software estimate (CPU/GPU/RAM), whole-machine Flower round scope",,,,
2026-10-04T09:38:22.578402+00:00,982b40a304454986b98838ad9cd503b7,17,client_02,4,88,1341.519800000242,5.23320000138483,,0.16700000014679972,14.556500000253436,,106570,,,,,,,,,,
2026-10-04T09:38:22.580402+00:00,982b40a304454986b98838ad9cd503b7,17,client_01,4,88,1232.2245000013936,5.633600001601735,,0.17730000035953708,39.753200000632205,,106535,,,,,,,,,,
2026-10-04T09:38:22.590319+00:00,982b40a304454986b98838ad9cd503b7,17,client_03,4,88,1224.004600000626,7.284699999217992,,0.48750000132713467,8.983800000351039,,106561,,,,,,,,,,
2026-10-04T09:38:22.599583+00:00,982b40a304454986b98838ad9cd503b7,17,client_04,4,86,1254.97759999962,8.592399999542977,,0.1888999995571794,36.18810000079975,,106560,,,,,,,,,,
2026-10-04T09:38:22.635184+00:00,982b40a304454986b98838ad9cd503b7,17,,4,350,,5.420200001026387,10.87799999913841,0.16560000040044542,0.7463000001735054,0.31089999902178533,,,6149.488199998814,0.9119000005739508,55.09501799999271,estimated,"CodeCarbon software estimate (CPU/GPU/RAM), whole-machine Flower round scope",,,,
2026-10-04T09:38:29.245880+00:00,982b40a304454986b98838ad9cd503b7,18,client_02,4,88,1116.4983000016946,7.24389999959385,,0.778800000261981,10.110299999723793,,106659,,,,,,,,,,
2026-10-04T09:38:29.247880+00:00,982b40a304454986b98838ad9cd503b7,18,client_01,4,88,1155.7799999991403,5.239000000074157,,0.15919999896141235,32.59109999999055,,106652,,,,,,,,,,
2026-10-04T09:38:29.260580+00:00,982b40a304454986b98838ad9cd503b7,18,client_04,4,86,1108.1500000000233,7.408199999190401,,0.427700000727782,11.843000000226311,,106645,,,,,,,,,,
2026-10-04T09:38:29.270677+00:00,982b40a304454986b98838ad9cd503b7,18,client_03,4,88,1109.4329999996262,12.47489999877871,,0.17359999947075266,12.164300000222283,,106623,,,,,,,,,,
2026-10-04T09:38:29.304332+00:00,982b40a304454986b98838ad9cd503b7,18,,4,350,,5.512900001122034,9.92959999894083,0.18710000040300656,0.7328000028792303,0.31150000177149195,,,5833.986300000106,0.9199000032822369,53.0883619999986,estimated,"CodeCarbon software estimate (CPU/GPU/RAM), whole-machine Flower round scope",,,,
2026-10-04T09:38:36.097131+00:00,982b40a304454986b98838ad9cd503b7,19,client_03,4,88,1213.6960000007093,7.134600000426872,,0.18249999993713573,12.680099998760852,,106634,,,,,,,,,,
2026-10-04T09:38:36.098148+00:00,982b40a304454986b98838ad9cd503b7,19,client_02,4,88,1122.8430999999546,6.408700000974932,,0.7134000006772112,11.547399999471963,,106614,,,,,,,,,,
2026-10-04T09:38:36.107149+00:00,982b40a304454986b98838ad9cd503b7,19,client_04,4,86,1107.6954000000114,9.69249999980093,,0.3378999990673037,11.08139999996638,,106627,,,,,,,,,,
2026-10-04T09:38:36.117146+00:00,982b40a304454986b98838ad9cd503b7,19,client_01,4,88,1106.4413000003697,9.592800000973511,,1.0862999988603406,38.98949999893375,,106628,,,,,,,,,,
2026-10-04T09:38:36.150813+00:00,982b40a304454986b98838ad9cd503b7,19,,4,350,,8.259899999757181,9.9824000026274,0.18909999926108867,0.7759999971312936,0.2604000001156237,,,6314.40289999955,0.9650999963923823,53.813329999993584,estimated,"CodeCarbon software estimate (CPU/GPU/RAM), whole-machine Flower round scope",,,,
2026-10-04T09:38:42.594943+00:00,982b40a304454986b98838ad9cd503b7,20,client_02,4,88,1176.7240000008314,5.545899999560788,,0.16510000023117755,29.726500000833767,,106732,,,,,,,,,,
2026-10-04T09:38:42.595946+00:00,982b40a304454986b98838ad9cd503b7,20,client_03,4,88,1183.1106999998156,5.388800000218907,,0.1508999994257465,36.73770000023069,,106724,,,,,,,,,,
2026-10-04T09:38:42.607939+00:00,982b40a304454986b98838ad9cd503b7,20,client_04,4,86,1128.8080000012997,10.966199999529636,,0.7272999991982942,44.94479999993928,,106767,,,,,,,,,,
2026-10-04T09:38:42.618033+00:00,982b40a304454986b98838ad9cd503b7,20,client_01,4,88,1110.773500000505,8.534900000086054,,0.2584000012575416,13.565100000050734,,106761,,,,,,,,,,
2026-10-04T09:38:42.650145+00:00,982b40a304454986b98838ad9cd503b7,20,,4,350,,5.188699999052915,9.158000000752509,0.1632999992580153,0.7432000020344276,0.3183999997418141,,,5918.4972000002745,0.9065000012924429,53.453456000006554,estimated,"CodeCarbon software estimate (CPU/GPU/RAM), whole-machine Flower round scope",,,,
2026-10-04T09:38:56.046186+00:00,f7eb51dba98c4b58b95c17fa3227a6aa,1,client_02,4,88,7580.72490000086,7.0410000007541385,,0.17690000095171854,12.348599999313592,,106676,,,,,,,,,,
2026-10-04T09:38:56.046186+00:00,f7eb51dba98c4b58b95c17fa3227a6aa,1,client_01,4,88,7107.283900000766,9.14819999889005,,0.33489999987068586,40.53040000144392,,106668,,,,,,,,,,
2026-10-04T09:38:56.057063+00:00,f7eb51dba98c4b58b95c17fa3227a6aa,1,client_03,4,88,7607.175299999653,5.996500000037486,,0.1534000002720859,10.19559999986086,,106722,,,,,,,,,,
2026-10-04T09:38:56.068060+00:00,f7eb51dba98c4b58b95c17fa3227a6aa,1,client_04,4,86,6961.587900001177,6.232200001250021,,0.2206999997724779,13.139599999703933,,106704,,,,,,,,,,
2026-10-04T09:38:56.099050+00:00,f7eb51dba98c4b58b95c17fa3227a6aa,1,,4,350,,5.940699998973287,10.359999998399871,0.16390000018873252,0.663499999063788,0.2626999994390644,,,12250.27399999999,0.8273999992525205,117.66059600000519,estimated,"CodeCarbon software estimate (CPU/GPU/RAM), whole-machine Flower round scope",,,,
2026-10-04T09:39:02.376770+00:00,f7eb51dba98c4b58b95c17fa3227a6aa,2,client_01,4,88,1091.4351000010356,6.738899999618297,,0.16710000090824906,37.796100001287414,,106670,,,,,,,,,,
2026-10-04T09:39:02.377771+00:00,f7eb51dba98c4b58b95c17fa3227a6aa,2,client_04,4,86,1086.0811000002286,6.577399999514455,,0.18530000124883372,31.785399998625508,,106650,,,,,,,,,,
2026-10-04T09:39:02.388767+00:00,f7eb51dba98c4b58b95c17fa3227a6aa,2,client_02,4,88,1029.3737000010879,10.323499998776242,,0.18119999913324136,32.30209999856015,,106651,,,,,,,,,,
2026-10-04T09:39:02.397327+00:00,f7eb51dba98c4b58b95c17fa3227a6aa,2,client_03,4,88,1063.9866000001348,7.582199999887962,,0.1695000009931391,11.418000000048778,,106651,,,,,,,,,,
2026-10-04T09:39:02.430200+00:00,f7eb51dba98c4b58b95c17fa3227a6aa,2,,4,350,,5.144700000528246,10.387600003014086,0.13100000069243833,0.65819999872474,0.27969999973720405,,,5740.123999999923,0.7891999994171783,52.74219999999332,estimated,"CodeCarbon software estimate (CPU/GPU/RAM), whole-machine Flower round scope",,,,
2026-10-04T09:39:08.517309+00:00,f7eb51dba98c4b58b95c17fa3227a6aa,3,client_01,4,88,1044.544999998834,8.283799999844632,,1.2831000003643567,15.348900000390131,,106669,,,,,,,,,,
2026-10-04T09:39:08.520312+00:00,f7eb51dba98c4b58b95c17fa3227a6aa,3,client_02,4,88,1023.784800001522,6.160400000226218,,0.20870000116701704,11.759200000597048,,106657,,,,,,,,,,
2026-10-04T09:39:08.535304+00:00,f7eb51dba98c4b58b95c17fa3227a6aa,3,client_03,4,88,1047.8908999994019,7.549300000391668,,0.14340000052470714,9.500800000751042,,106676,,,,,,,,,,
2026-10-04T09:39:08.543301+00:00,f7eb51dba98c4b58b95c17fa3227a6aa,3,client_04,4,86,999.4659000003594,6.430299999919953,,0.42039999971166253,34.827499999664724,,106674,,,,,,,,,,
2026-10-04T09:39:08.578525+00:00,f7eb51dba98c4b58b95c17fa3227a6aa,3,,4,350,,5.231300001469208,9.374199997182586,0.17050000133167487,0.826900000902242,0.3761000007216353,,,5642.386200001056,0.9974000022339169,52.08140699998694,estimated,"CodeCarbon software estimate (CPU/GPU/RAM), whole-machine Flower round scope",,,,
2026-10-04T09:39:14.691336+00:00,f7eb51dba98c4b58b95c17fa3227a6aa,4,client_03,4,88,1036.5397999994457,5.370799999582232,,0.523500000781496,16.526400000657304,,106710,,,,,,,,,,
2026-10-04T09:39:14.693336+00:00,f7eb51dba98c4b58b95c17fa3227a6aa,4,client_04,4,86,991.6486999991321,8.665800000017043,,0.21269999888318125,28.50410000064585,,106679,,,,,,,,,,
2026-10-04T09:39:14.702334+00:00,f7eb51dba98c4b58b95c17fa3227a6aa,4,client_01,4,88,1002.336399998967,6.5834000015456695,,0.4284000006009592,13.027299999521347,,106684,,,,,,,,,,
2026-10-04T09:39:14.713330+00:00,f7eb51dba98c4b58b95c17fa3227a6aa,4,client_02,4,88,970.4907999985153,6.44540000030247,,0.18900000031862874,14.895499998601736,,106699,,,,,,,,,,
2026-10-04T09:39:14.749318+00:00,f7eb51dba98c4b58b95c17fa3227a6aa,4,,4,350,,5.403999999543885,9.470499999224558,0.1672000016696984,1.3206999992689816,0.2934000003733672,,,5646.748600000137,1.48790000093868,52.07116600000518,estimated,"CodeCarbon software estimate (CPU/GPU/RAM), whole-machine Flower round scope",,,,
2026-10-04T09:39:20.928605+00:00,f7eb51dba98c4b58b95c17fa3227a6aa,5,client_02,4,88,994.4376999992528,7.5747999999293825,,0.36080000063520856,6.166700000903802,,106766,,,,,,,,,,
2026-10-04T09:39:20.930180+00:00,f7eb51dba98c4b58b95c17fa3227a6aa,5,client_03,4,88,980.9623000001011,8.99310000022524,,0.39629999992030207,32.41329999946174,,106751,,,,,,,,,,
2026-10-04T09:39:20.940176+00:00,f7eb51dba98c4b58b95c17fa3227a6aa,5,client_04,4,86,1055.0566000001709,6.249199999729171,,0.16760000107751694,15.849599998546182,,106751,,,,,,,,,,
2026-10-04T09:39:20.951136+00:00,f7eb51dba98c4b58b95c17fa3227a6aa,5,client_01,4,88,1029.8371000008046,5.486699999892153,,0.16280000090773683,39.92850000031467,,106755,,,,,,,,,,
2026-10-04T09:39:20.984035+00:00,f7eb51dba98c4b58b95c17fa3227a6aa,5,,4,350,,6.304399999862653,9.696600001916522,0.23099999998521525,0.6499999999505235,0.2678000000742031,,,5701.760599999034,0.8809999999357387,52.35932999999932,estimated,"CodeCarbon software estimate (CPU/GPU/RAM), whole-machine Flower round scope",,,,
2026-10-04T09:39:27.072206+00:00,f7eb51dba98c4b58b95c17fa3227a6aa,6,client_02,4,88,976.8564999994851,6.402600000001257,,0.1742999993439298,39.988200000152574,,106750,,,,,,,,,,
2026-10-04T09:39:27.073205+00:00,f7eb51dba98c4b58b95c17fa3227a6aa,6,client_04,4,86,972.8830000003654,8.50679999894055,,0.1799000001483364,11.911600000530598,,106721,,,,,,,,,,
2026-10-04T09:39:27.084202+00:00,f7eb51dba98c4b58b95c17fa3227a6aa,6,client_03,4,88,972.7042999984405,7.521600000472972,,0.31910000143398065,46.990299999379204,,106740,,,,,,,,,,
2026-10-04T09:39:27.093200+00:00,f7eb51dba98c4b58b95c17fa3227a6aa,6,client_01,4,88,1000.1441000003979,7.216699999844423,,0.1756999990902841,14.731899998878362,,106724,,,,,,,,,,
2026-10-04T09:39:27.128187+00:00,f7eb51dba98c4b58b95c17fa3227a6aa,6,,4,350,,5.324300000211224,9.737500000483124,0.1472000003559515,0.850600001285784,0.2832000009220792,,,5616.931000000477,0.9978000016417354,51.69070899999497,estimated,"CodeCarbon software estimate (CPU/GPU/RAM), whole-machine Flower round scope",,,,
2026-10-04T09:39:33.379381+00:00,f7eb51dba98c4b58b95c17fa3227a6aa,7,client_01,4,88,1174.4061000008514,6.698600000163424,,0.18119999913324136,13.376200000493554,,106755,,,,,,,,,,
2026-10-04T09:39:33.380380+00:00,f7eb51dba98c4b58b95c17fa3227a6aa,7,client_04,4,86,1023.0651999991096,8.00149999849964,,0.776400000177091,40.868300000511226,,106737,,,,,,,,,,
2026-10-04T09:39:33.390377+00:00,f7eb51dba98c4b58b95c17fa3227a6aa,7,client_03,4,88,1008.6412000000564,7.6563000002352055,,0.17409999964002054,16.710699999748613,,106751,,,,,,,,,,
2026-10-04T09:39:33.398608+00:00,f7eb51dba98c4b58b95c17fa3227a6aa,7,client_02,4,88,1066.182900000058,5.785600000308477,,0.20089999998162966,9.737399999721674,,106751,,,,,,,,,,
2026-10-04T09:39:33.435135+00:00,f7eb51dba98c4b58b95c17fa3227a6aa,7,,4,350,,5.156900000656606,10.663999999451335,0.15900000107649248,0.9790000003704336,0.29719999838562217,,,5776.672300000428,1.138000001446926,53.264008999994985,estimated,"CodeCarbon software estimate (CPU/GPU/RAM), whole-machine Flower round scope",,,,
2026-10-04T09:39:39.494878+00:00,f7eb51dba98c4b58b95c17fa3227a6aa,8,client_01,4,88,956.2028000000282,6.947899999431684,,0.1720000000204891,31.246200000168756,,106781,,,,,,,,,,
2026-10-04T09:39:39.496881+00:00,f7eb51dba98c4b58b95c17fa3227a6aa,8,client_02,4,88,968.8231999989512,5.430999999589403,,0.1615999990463024,38.25190000134171,,106747,,,,,,,,,,
2026-10-04T09:39:39.507874+00:00,f7eb51dba98c4b58b95c17fa3227a6aa,8,client_03,4,88,935.4996000001847,6.574799999725656,,0.18110000019078143,5.388899999161367,,106778,,,,,,,,,,
2026-10-04T09:39:39.517993+00:00,f7eb51dba98c4b58b95c17fa3227a6aa,8,client_04,4,86,973.4974999992119,5.844799999977113,,0.18850000014936086,31.60619999835035,,106764,,,,,,,,,,
2026-10-04T09:39:39.552299+00:00,f7eb51dba98c4b58b95c17fa3227a6aa,8,,4,350,,5.354700000680168,9.909099999276805,0.15359999997599516,0.7048000006761868,0.6704999996145489,,,5603.277000000162,0.8584000006521819,51.59315799999604,estimated,"CodeCarbon software estimate (CPU/GPU/RAM), whole-machine Flower round scope",,,,
2026-10-04T09:39:45.740472+00:00,f7eb51dba98c4b58b95c17fa3227a6aa,9,client_01,4,88,1023.4490999991976,12.041200001476682,,0.6696999989799224,12.66840000062075,,106839,,,,,,,,,,
2026-10-04T09:39:45.741473+00:00,f7eb51dba98c4b58b95c17fa3227a6aa,9,client_03,4,88,985.2326000000176,8.00619999972696,,0.1962000005732989,8.158000000548782,,106857,,,,,,,,,,
2026-10-04T09:39:45.753468+00:00,f7eb51dba98c4b58b95c17fa3227a6aa,9,client_04,4,86,1085.8271999986755,6.304499998805113,,0.18770000133372378,43.1691999983741,,106822,,,,,,,,,,
2026-10-04T09:39:45.761465+00:00,f7eb51dba98c4b58b95c17fa3227a6aa,9,client_02,4,88,1103.556000000026,8.016699999643606,,0.72340000042459,38.698699998349184,,106829,,,,,,,,,,
2026-10-04T09:39:45.796454+00:00,f7eb51dba98c4b58b95c17fa3227a6aa,9,,4,350,,5.922199999986333,10.877099997742334,0.2029999996011611,0.913499998205225,0.3636999990703771,,,5711.698099999921,1.116499997806386,52.65391799999634,estimated,"CodeCarbon software estimate (CPU/GPU/RAM), whole-machine Flower round scope",,,,
2026-10-04T09:39:52.656527+00:00,f7eb51dba98c4b58b95c17fa3227a6aa,10,client_03,4,88,1143.4584999988147,5.481000000145286,,0.17379999917466193,12.057400001140195,,106740,,,,,,,,,,
2026-10-04T09:39:52.658527+00:00,f7eb51dba98c4b58b95c17fa3227a6aa,10,client_01,4,88,1003.0717000008735,9.217100001478684,,0.2509000005375128,43.411499998910585,,106716,,,,,,,,,,
2026-10-04T09:39:52.667523+00:00,f7eb51dba98c4b58b95c17fa3227a6aa,10,client_04,4,86,1006.8291000006866,6.278300001213211,,0.280100000964012,41.2374000006821,,106747,,,,,,,,,,
2026-10-04T09:39:52.678520+00:00,f7eb51dba98c4b58b95c17fa3227a6aa,10,client_02,4,88,1005.0594999993336,12.180199999420438,,0.9595999999874039,16.823899999508285,,106747,,,,,,,,,,
2026-10-04T09:39:52.713796+00:00,f7eb51dba98c4b58b95c17fa3227a6aa,10,,4,350,,5.312200000844314,9.489999998550047,0.17110000044340268,0.6088000009185635,0.3457000002526911,,,5763.096399999995,0.7799000013619661,52.91701699999976,estimated,"CodeCarbon software estimate (CPU/GPU/RAM), whole-machine Flower round scope",,,,
2026-10-04T09:39:58.961558+00:00,f7eb51dba98c4b58b95c17fa3227a6aa,11,client_03,4,88,1109.5636999998533,13.338999999177759,,0.19860000065818895,37.7011999989918,,106829,,,,,,,,,,
2026-10-04T09:39:58.962558+00:00,f7eb51dba98c4b58b95c17fa3227a6aa,11,client_04,4,86,1093.1634999997186,7.98179999947024,,0.23909999981697183,30.1156000004994,,106873,,,,,,,,,,
2026-10-04T09:39:58.973554+00:00,f7eb51dba98c4b58b95c17fa3227a6aa,11,client_01,4,88,1095.006800000192,9.461999999984982,,0.1990000000660075,9.6345999991172,,106854,,,,,,,,,,
2026-10-04T09:39:58.983552+00:00,f7eb51dba98c4b58b95c17fa3227a6aa,11,client_02,4,88,1101.855599999908,7.0666999999957625,,0.24280000070575625,37.58850000122038,,106857,,,,,,,,,,
2026-10-04T09:39:59.015541+00:00,f7eb51dba98c4b58b95c17fa3227a6aa,11,,4,350,,7.714400000622845,8.91830000000482,0.1984999998967396,0.763600002755993,0.28650000058405567,,,5774.439200000415,0.9621000026527327,53.270056000001205,estimated,"CodeCarbon software estimate (CPU/GPU/RAM), whole-machine Flower round scope",,,,
2026-10-04T09:40:05.235389+00:00,f7eb51dba98c4b58b95c17fa3227a6aa,12,client_02,4,88,982.6424000002589,13.263100001495332,,0.189200000022538,41.011499999513035,,106840,,,,,,,,,,
2026-10-04T09:40:05.236389+00:00,f7eb51dba98c4b58b95c17fa3227a6aa,12,client_01,4,88,1009.7705999996833,7.133300001441967,,0.8753000001888722,12.777500000083819,,106848,,,,,,,,,,
2026-10-04T09:40:05.245386+00:00,f7eb51dba98c4b58b95c17fa3227a6aa,12,client_03,4,88,1017.16960000158,6.968300000153249,,0.19700000120792538,9.341999999378459,,106823,,,,,,,,,,
2026-10-04T09:40:05.257382+00:00,f7eb51dba98c4b58b95c17fa3227a6aa,12,client_04,4,86,1024.171800001568,5.695800000466988,,0.19249999968451448,45.717099999819766,,106829,,,,,,,,,,
2026-10-04T09:40:05.291371+00:00,f7eb51dba98c4b58b95c17fa3227a6aa,12,,4,350,,5.238699999608798,9.84719999905792,0.1613000003999332,0.7968999998411164,0.4033999994135229,,,5669.381900001099,0.9582000002410496,52.002830000001275,estimated,"CodeCarbon software estimate (CPU/GPU/RAM), whole-machine Flower round scope",,,,
2026-10-04T09:40:11.387912+00:00,f7eb51dba98c4b58b95c17fa3227a6aa,13,client_04,4,86,965.1176000006672,5.679199999576667,,0.2012999993894482,34.495900001275004,,106912,,,,,,,,,,
2026-10-04T09:40:11.388911+00:00,f7eb51dba98c4b58b95c17fa3227a6aa,13,client_01,4,88,979.39100000076,6.926000000021304,,0.1864000005298294,32.32500000012806,,106862,,,,,,,,,,
2026-10-04T09:40:11.398033+00:00,f7eb51dba98c4b58b95c17fa3227a6aa,13,client_02,4,88,1039.2713000001095,8.168899999873247,,0.20349999977042899,13.770599998679245,,106893,,,,,,,,,,
2026-10-04T09:40:11.403038+00:00,f7eb51dba98c4b58b95c17fa3227a6aa,13,client_03,4,88,1025.1426999984687,8.365100000446546,,0.15900000107649248,38.4955000008631,,106877,,,,,,,,,,
2026-10-04T09:40:11.443971+00:00,f7eb51dba98c4b58b95c17fa3227a6aa,13,,4,350,,6.869599999845377,11.467299997093505,0.17610000031709205,1.5029000023787376,0.3231999999115942,,,5633.511500000168,1.6790000026958296,51.83415200001036,estimated,"CodeCarbon software estimate (CPU/GPU/RAM), whole-machine Flower round scope",,,,
2026-10-04T09:40:17.545905+00:00,f7eb51dba98c4b58b95c17fa3227a6aa,14,client_04,4,86,1029.2090000002645,7.019100001343759,,0.18110000019078143,8.471099999951548,,106810,,,,,,,,,,
2026-10-04T09:40:17.546904+00:00,f7eb51dba98c4b58b95c17fa3227a6aa,14,client_01,4,88,976.2116000001697,6.933900000149151,,0.2091999995172955,37.2763000013947,,106822,,,,,,,,,,
2026-10-04T09:40:17.557901+00:00,f7eb51dba98c4b58b95c17fa3227a6aa,14,client_03,4,88,992.1856000000844,7.370700001047226,,0.18170000112149864,38.89329999947222,,106803,,,,,,,,,,
2026-10-04T09:40:17.565898+00:00,f7eb51dba98c4b58b95c17fa3227a6aa,14,client_02,4,88,956.2779999996565,10.031799998614588,,0.19350000002305023,41.567799999029376,,106840,,,,,,,,,,
2026-10-04T09:40:17.600886+00:00,f7eb51dba98c4b58b95c17fa3227a6aa,14,,4,350,,5.888699999559321,11.275900002146955,0.246300000071642,0.9609999997337582,0.41339999916090164,,,5634.219400000802,1.2072999998054001,51.859070000009524,estimated,"CodeCarbon software estimate (CPU/GPU/RAM), whole-machine Flower round scope",,,,
2026-10-04T09:40:23.946538+00:00,f7eb51dba98c4b58b95c17fa3227a6aa,15,client_04,4,86,1259.1109000004508,5.493900000146823,,0.291599999400205,46.591000000262284,,106881,,,,,,,,,,
2026-10-04T09:40:23.947538+00:00,f7eb51dba98c4b58b95c17fa3227a6aa,15,client_03,4,88,1260.5912999988504,7.632700000613113,,0.36080000063520856,45.13039999983448,,106903,,,,,,,,,,
2026-10-04T09:40:23.958536+00:00,f7eb51dba98c4b58b95c17fa3227a6aa,15,client_01,4,88,1218.1579999996757,9.369199999127886,,0.264299998889328,8.974899999884656,,106871,,,,,,,,,,
2026-10-04T09:40:23.966623+00:00,f7eb51dba98c4b58b95c17fa3227a6aa,15,client_02,4,88,1249.4384000001446,9.09959999989951,,0.4348999991634628,53.11700000129349,,106916,,,,,,,,,,
2026-10-04T09:40:24.001791+00:00,f7eb51dba98c4b58b95c17fa3227a6aa,15,,4,350,,5.327000000761473,9.934800000337418,0.15499999972234946,0.8092999978543958,0.5237999994278653,,,5874.3422999996255,0.9642999975767452,54.33421699999599,estimated,"CodeCarbon software estimate (CPU/GPU/RAM), whole-machine Flower round scope",,,,
2026-10-04T09:40:30.136856+00:00,f7eb51dba98c4b58b95c17fa3227a6aa,16,client_03,4,88,985.8539000015298,7.373500000539934,,0.22699999863107223,52.33100000077684,,106855,,,,,,,,,,
2026-10-04T09:40:30.137856+00:00,f7eb51dba98c4b58b95c17fa3227a6aa,16,client_01,4,88,955.2413000001252,11.237700000492623,,0.3013000005012145,27.145300000483985,,106826,,,,,,,,,,
2026-10-04T09:40:30.148945+00:00,f7eb51dba98c4b58b95c17fa3227a6aa,16,client_02,4,88,1005.9849999997823,6.679800000711111,,1.189800001156982,8.709499999895343,,106815,,,,,,,,,,
2026-10-04T09:40:30.158943+00:00,f7eb51dba98c4b58b95c17fa3227a6aa,16,client_04,4,86,1014.6879000003537,6.94870000006631,,0.18459999955666717,30.80210000007355,,106830,,,,,,,,,,
2026-10-04T09:40:30.193930+00:00,f7eb51dba98c4b58b95c17fa3227a6aa,16,,4,350,,6.980600001043058,11.4054000005126,0.2423999994789483,0.8922999986680225,0.3419999993639067,,,5667.584799999531,1.1346999981469708,52.204289000001154,estimated,"CodeCarbon software estimate (CPU/GPU/RAM), whole-machine Flower round scope",,,,
2026-10-04T09:40:36.340359+00:00,f7eb51dba98c4b58b95c17fa3227a6aa,17,client_03,4,88,987.2671000011906,6.378799998856266,,0.1933999992616009,42.00539999874309,,106848,,,,,,,,,,
2026-10-04T09:40:36.341358+00:00,f7eb51dba98c4b58b95c17fa3227a6aa,17,client_04,4,86,1044.7592999989865,5.326100001184386,,0.17909999951370992,39.21040000022913,,106872,,,,,,,,,,
2026-10-04T09:40:36.353355+00:00,f7eb51dba98c4b58b95c17fa3227a6aa,17,client_01,4,88,1011.290000000372,8.294299999761279,,0.40860000081011094,30.696699999680277,,106796,,,,,,,,,,
2026-10-04T09:40:36.363351+00:00,f7eb51dba98c4b58b95c17fa3227a6aa,17,client_02,4,88,991.6462000001047,7.7383000007102964,,0.2009999989240896,10.00469999962661,,106870,,,,,,,,,,
2026-10-04T09:40:36.395341+00:00,f7eb51dba98c4b58b95c17fa3227a6aa,17,,4,350,,6.458399999246467,8.73929999943357,0.17040000057022553,0.633699999525561,0.2666000000317581,,,5678.118699999686,0.8041000000957865,52.1725140000126,estimated,"CodeCarbon software estimate (CPU/GPU/RAM), whole-machine Flower round scope",,,,
2026-10-04T09:40:42.535809+00:00,f7eb51dba98c4b58b95c17fa3227a6aa,18,client_01,4,88,1037.2912999991968,13.129700000718003,,0.94600000011269,50.22110000027169,,106699,,,,,,,,,,
2026-10-04T09:40:42.536808+00:00,f7eb51dba98c4b58b95c17fa3227a6aa,18,client_03,4,88,1038.317399999869,8.879700000761659,,0.3360999999131309,20.636299999750918,,106705,,,,,,,,,,
2026-10-04T09:40:42.546895+00:00,f7eb51dba98c4b58b95c17fa3227a6aa,18,client_04,4,86,1034.0520999998262,12.043999999150401,,1.3531999993574573,36.769899999853806,,106696,,,,,,,,,,
2026-10-04T09:40:42.558892+00:00,f7eb51dba98c4b58b95c17fa3227a6aa,18,client_02,4,88,1077.558200000567,6.4473000002180925,,0.1753999986249255,20.085099999050726,,106699,,,,,,,,,,
2026-10-04T09:40:42.592044+00:00,f7eb51dba98c4b58b95c17fa3227a6aa,18,,4,350,,5.522399998881156,8.908199999495992,0.8336000009876443,1.3718999998673098,0.3175000001647277,,,5687.16189999941,2.205500000854954,52.57535900000221,estimated,"CodeCarbon software estimate (CPU/GPU/RAM), whole-machine Flower round scope",,,,
2026-10-04T09:40:48.766523+00:00,f7eb51dba98c4b58b95c17fa3227a6aa,19,client_04,4,86,1072.0412999999098,7.538599998952122,,0.17110000044340268,33.985199999733595,,106728,,,,,,,,,,
2026-10-04T09:40:48.767521+00:00,f7eb51dba98c4b58b95c17fa3227a6aa,19,client_01,4,88,994.3890999984433,5.193599999984144,,0.16709999908925965,31.84239999973215,,106739,,,,,,,,,,
2026-10-04T09:40:48.778518+00:00,f7eb51dba98c4b58b95c17fa3227a6aa,19,client_03,4,88,980.6806999986293,8.49940000080096,,0.17999999909079634,12.258099999598926,,106725,,,,,,,,,,
2026-10-04T09:40:48.788515+00:00,f7eb51dba98c4b58b95c17fa3227a6aa,19,client_02,4,88,989.1032999985327,7.975999998961925,,0.2753999997366918,14.058799999475013,,106728,,,,,,,,,,
2026-10-04T09:40:48.820521+00:00,f7eb51dba98c4b58b95c17fa3227a6aa,19,,4,350,,6.211500000063097,9.678799995526788,0.1833000005717622,0.7577000014862278,0.27910000062547624,,,5699.366299999383,0.9410000020579901,52.57729599999948,estimated,"CodeCarbon software estimate (CPU/GPU/RAM), whole-machine Flower round scope",,,,
2026-10-04T09:40:54.993963+00:00,f7eb51dba98c4b58b95c17fa3227a6aa,20,client_03,4,88,1021.4813000002323,10.552399999141926,,0.3214999996998813,37.47839999959979,,106639,,,,,,,,,,
2026-10-04T09:40:54.995963+00:00,f7eb51dba98c4b58b95c17fa3227a6aa,20,client_02,4,88,1005.7265000014013,11.540499999682652,,0.623400001131813,53.282799999578856,,106638,,,,,,,,,,
2026-10-04T09:40:55.005074+00:00,f7eb51dba98c4b58b95c17fa3227a6aa,20,client_01,4,88,1059.9048000003677,5.506499999683001,,0.17499999921710696,50.26980000002368,,106631,,,,,,,,,,
2026-10-04T09:40:55.014073+00:00,f7eb51dba98c4b58b95c17fa3227a6aa,20,client_04,4,86,945.1103999999759,7.173400001192931,,0.17660000048635993,15.972599998349324,,106658,,,,,,,,,,
2026-10-04T09:40:55.046154+00:00,f7eb51dba98c4b58b95c17fa3227a6aa,20,,4,350,,5.245099999228842,9.65610000275774,0.161899999511661,0.6881000008434057,0.2782000010483898,,,5700.304299998606,0.8500000003550667,52.42914500000552,estimated,"CodeCarbon software estimate (CPU/GPU/RAM), whole-machine Flower round scope",,,,
2026-10-04T09:41:08.451798+00:00,77272a5e30d140338eba37ea60c8efe6,1,client_04,4,86,7135.325600000215,6.721100000504521,,0.20170000061625615,21.302799999830313,,106704,,,,,,,,,,
2026-10-04T09:41:08.452798+00:00,77272a5e30d140338eba37ea60c8efe6,1,client_01,4,88,7676.795600000332,11.75150000017311,,0.17420000040146988,14.249300000301446,,106738,,,,,,,,,,
2026-10-04T09:41:08.465793+00:00,77272a5e30d140338eba37ea60c8efe6,1,client_03,4,88,6429.806799998914,16.85640000141575,,4.3460999986564275,51.29060000035679,,106732,,,,,,,,,,
2026-10-04T09:41:08.474791+00:00,77272a5e30d140338eba37ea60c8efe6,1,client_02,4,88,7617.076599999564,10.748599999715225,,0.164700000823359,67.69119999989925,,106706,,,,,,,,,,
2026-10-04T09:41:08.505780+00:00,77272a5e30d140338eba37ea60c8efe6,1,,4,350,,6.410300000425195,8.541900000636815,0.155399999130168,0.6454000013036421,0.2717000006668968,,,12390.42899999913,0.80080000043381,118.76187300000312,estimated,"CodeCarbon software estimate (CPU/GPU/RAM), whole-machine Flower round scope",,,,
2026-10-04T09:41:14.732410+00:00,77272a5e30d140338eba37ea60c8efe6,2,client_02,4,88,1037.277699999322,9.304399998654844,,0.897899999472429,8.823399999528192,,106755,,,,,,,,,,
2026-10-04T09:41:14.733409+00:00,77272a5e30d140338eba37ea60c8efe6,2,client_01,4,88,1039.2166000001453,9.650399999372894,,0.20760000006703194,12.203199999930803,,106736,,,,,,,,,,
2026-10-04T09:41:14.742508+00:00,77272a5e30d140338eba37ea60c8efe6,2,client_04,4,86,1060.5706999995164,5.668699999660021,,0.16700000014679972,55.54839999967953,,106753,,,,,,,,,,
2026-10-04T09:41:14.751918+00:00,77272a5e30d140338eba37ea60c8efe6,2,client_03,4,88,1069.4531999997707,7.0720000003348105,,0.25939999977708794,17.95260000108101,,106762,,,,,,,,,,
2026-10-04T09:41:14.785767+00:00,77272a5e30d140338eba37ea60c8efe6,2,,4,350,,7.592800000566058,10.199899998042383,0.2724999994825339,0.7454999977198895,0.28329999986453913,,,5728.554299999814,1.0179999972024234,52.808224000000344,estimated,"CodeCarbon software estimate (CPU/GPU/RAM), whole-machine Flower round scope",,,,
2026-10-04T09:41:20.991997+00:00,77272a5e30d140338eba37ea60c8efe6,3,client_03,4,88,1079.6528999999282,9.008900000480935,,0.23460000011255033,39.35859999910463,,106766,,,,,,,,,,
2026-10-04T09:41:20.993996+00:00,77272a5e30d140338eba37ea60c8efe6,3,client_04,4,86,1035.800499999823,7.126499998776126,,0.19859999883919954,44.13320000094245,,106796,,,,,,,,,,
2026-10-04T09:41:21.001993+00:00,77272a5e30d140338eba37ea60c8efe6,3,client_01,4,88,1103.7318999988202,7.493299999623559,,0.24699999994481914,12.855700000727666,,106769,,,,,,,,,,
2026-10-04T09:41:21.010990+00:00,77272a5e30d140338eba37ea60c8efe6,3,client_02,4,88,1135.7193000003463,5.345700001271325,,1.1914000006072456,9.043500000188942,,106764,,,,,,,,,,
2026-10-04T09:41:21.047143+00:00,77272a5e30d140338eba37ea60c8efe6,3,,4,350,,5.194199999095872,10.141500000827364,0.17219999972439837,0.6259000019781524,0.3152999997837469,,,5745.4323999991175,0.7981000017025508,52.795401999992464,estimated,"CodeCarbon software estimate (CPU/GPU/RAM), whole-machine Flower round scope",,,,
2026-10-04T09:41:27.542539+00:00,77272a5e30d140338eba37ea60c8efe6,4,client_01,4,88,1338.3589000004577,5.831299999044859,,0.6880999990244163,11.77789999928791,,106770,,,,,,,,,,
2026-10-04T09:41:27.543537+00:00,77272a5e30d140338eba37ea60c8efe6,4,client_02,4,88,1380.4870999993,10.658000001058099,,0.20630000108212698,9.708899999168352,,106749,,,,,,,,,,
2026-10-04T09:41:27.554534+00:00,77272a5e30d140338eba37ea60c8efe6,4,client_04,4,86,1356.080399998973,7.499500001358683,,0.17730000035953708,43.723499999032356,,106802,,,,,,,,,,
2026-10-04T09:41:27.570527+00:00,77272a5e30d140338eba37ea60c8efe6,4,client_03,4,88,1381.6769999993994,6.4552999992884,,0.19729999985429458,38.84959999959392,,106753,,,,,,,,,,
2026-10-04T09:41:27.618513+00:00,77272a5e30d140338eba37ea60c8efe6,4,,4,350,,5.810300001030555,12.968799999725888,1.2965999994776212,1.1582999995880527,0.37540000084845815,,,6027.19579999939,2.454899999065674,55.70114099999046,estimated,"CodeCarbon software estimate (CPU/GPU/RAM), whole-machine Flower round scope",,,,
2026-10-04T09:41:34.009987+00:00,77272a5e30d140338eba37ea60c8efe6,5,client_04,4,86,1150.8663000004162,7.1066000000428176,,0.17769999976735562,16.81309999912628,,106790,,,,,,,,,,
2026-10-04T09:41:34.010987+00:00,77272a5e30d140338eba37ea60c8efe6,5,client_02,4,88,1009.6708999990369,8.624000000054366,,0.19659999998111743,34.669800001211115,,106802,,,,,,,,,,
2026-10-04T09:41:34.020983+00:00,77272a5e30d140338eba37ea60c8efe6,5,client_03,4,88,1087.633700000879,6.150799999886658,,0.21600000036414713,37.68180000042776,,106793,,,,,,,,,,
2026-10-04T09:41:34.029981+00:00,77272a5e30d140338eba37ea60c8efe6,5,client_01,4,88,1064.478499998586,7.345800000621239,,0.3749999996216502,11.295100001007086,,106799,,,,,,,,,,
2026-10-04T09:41:34.064969+00:00,77272a5e30d140338eba37ea60c8efe6,5,,4,350,,5.3299999999580905,10.132399998838082,0.1739999988785712,0.9200999993481673,0.30280000100901816,,,5776.030999999421,1.0940999982267385,53.14599000001181,estimated,"CodeCarbon software estimate (CPU/GPU/RAM), whole-machine Flower round scope",,,,
2026-10-04T09:41:40.187150+00:00,77272a5e30d140338eba37ea60c8efe6,6,client_03,4,88,1025.1979999993637,9.73350000094797,,0.20839999888266902,23.960900000020047,,106841,,,,,,,,,,
2026-10-04T09:41:40.188150+00:00,77272a5e30d140338eba37ea60c8efe6,6,client_02,4,88,1066.4062000014383,9.209999998347485,,0.18759999875328504,38.3774000001722,,106866,,,,,,,,,,
2026-10-04T09:41:40.198147+00:00,77272a5e30d140338eba37ea60c8efe6,6,client_04,4,86,1024.7576000001573,8.573400000386755,,0.22279999939200934,43.547200000830344,,106844,,,,,,,,,,
2026-10-04T09:41:40.207145+00:00,77272a5e30d140338eba37ea60c8efe6,6,client_01,4,88,1024.4084000005387,7.281000000148197,,0.4348999991634628,6.65350000053877,,106837,,,,,,,,,,
2026-10-04T09:41:40.239134+00:00,77272a5e30d140338eba37ea60c8efe6,6,,4,350,,5.849000001035165,11.166700000103447,0.16709999908925965,0.6595999984710943,0.28620000011869706,,,5662.890900001003,0.826699997560354,52.31209600000511,estimated,"CodeCarbon software estimate (CPU/GPU/RAM), whole-machine Flower round scope",,,,
2026-10-04T09:41:46.359672+00:00,77272a5e30d140338eba37ea60c8efe6,7,client_04,4,86,1048.4956999989663,6.731900000886526,,0.21800000104121864,13.030300000536954,,106901,,,,,,,,,,
2026-10-04T09:41:46.360672+00:00,77272a5e30d140338eba37ea60c8efe6,7,client_02,4,88,1046.8055000001186,6.402600000001257,,0.23159999909694307,12.61770000019169,,106898,,,,,,,,,,
2026-10-04T09:41:46.369669+00:00,77272a5e30d140338eba37ea60c8efe6,7,client_03,4,88,1052.4040999989666,7.877200001530582,,0.1748000013321871,31.43180000006396,,106897,,,,,,,,,,
2026-10-04T09:41:46.377746+00:00,77272a5e30d140338eba37ea60c8efe6,7,client_01,4,88,1010.8276000009937,7.051900000078604,,1.2176000000181375,14.660999999250635,,106889,,,,,,,,,,
2026-10-04T09:41:46.410152+00:00,77272a5e30d140338eba37ea60c8efe6,7,,4,350,,5.171299999346957,10.104700000738376,0.1666999996814411,0.8497999988321681,0.28540000130306,,,5679.551399998672,1.0164999985136092,52.33522099999391,estimated,"CodeCarbon software estimate (CPU/GPU/RAM), whole-machine Flower round scope",,,,
2026-10-04T09:41:52.522992+00:00,77272a5e30d140338eba37ea60c8efe6,8,client_04,4,86,1051.980399999593,10.297500000888249,,0.5737999999837484,44.529099999635946,,106899,,,,,,,,,,
2026-10-04T09:41:52.523991+00:00,77272a5e30d140338eba37ea60c8efe6,8,client_03,4,88,1082.7232999999978,12.42650000131107,,0.4756999987876043,13.904999999795109,,106875,,,,,,,,,,
2026-10-04T09:41:52.534987+00:00,77272a5e30d140338eba37ea60c8efe6,8,client_02,4,88,1037.3283999997511,12.853300000642776,,0.7253999992826721,45.87110000102257,,106887,,,,,,,,,,
2026-10-04T09:41:52.544102+00:00,77272a5e30d140338eba37ea60c8efe6,8,client_01,4,88,1052.3929000009957,7.95529999959399,,0.2960999991046265,49.37989999962156,,106903,,,,,,,,,,
2026-10-04T09:41:52.576254+00:00,77272a5e30d140338eba37ea60c8efe6,8,,4,350,,5.904300000111107,10.784899997815955,0.1778999994712649,0.6669000013062032,0.2691999998205574,,,5663.6309000004985,0.8448000007774681,52.35644899999898,estimated,"CodeCarbon software estimate (CPU/GPU/RAM), whole-machine Flower round scope",,,,
2026-10-04T09:41:58.692958+00:00,77272a5e30d140338eba37ea60c8efe6,9,client_02,4,88,1040.5568999995012,8.029099999475875,,0.5225999993854202,12.991400000828435,,106799,,,,,,,,,,
2026-10-04T09:41:58.693957+00:00,77272a5e30d140338eba37ea60c8efe6,9,client_03,4,88,1040.8439000002545,10.16400000116846,,1.5500999998039333,14.194400000633323,,106819,,,,,,,,,,
2026-10-04T09:41:58.703954+00:00,77272a5e30d140338eba37ea60c8efe6,9,client_04,4,86,1041.3940999987972,8.272999999462627,,0.1914000004035188,41.64970000056201,,106850,,,,,,,,,,
2026-10-04T09:41:58.712951+00:00,77272a5e30d140338eba37ea60c8efe6,9,client_01,4,88,1039.7322999997414,9.115099999689846,,0.19999999858555384,14.075600000069244,,106784,,,,,,,,,,
2026-10-04T09:41:58.748939+00:00,77272a5e30d140338eba37ea60c8efe6,9,,4,350,,5.6215000004158355,9.712400000353227,0.21019999985583127,1.0005999993154546,0.29349999931582715,,,5650.755200000276,1.210799999171286,52.152420000002174,estimated,"CodeCarbon software estimate (CPU/GPU/RAM), whole-machine Flower round scope",,,,
2026-10-04T09:42:05.397166+00:00,77272a5e30d140338eba37ea60c8efe6,10,client_04,4,86,1465.1942000000417,9.374500001285924,,0.2741999996942468,12.023600000247825,,106700,,,,,,,,,,
2026-10-04T09:42:05.399167+00:00,77272a5e30d140338eba37ea60c8efe6,10,client_03,4,88,1465.316800000437,7.238299998789444,,0.3299999989394564,15.271499998561922,,106704,,,,,,,,,,
2026-10-04T09:42:05.407164+00:00,77272a5e30d140338eba37ea60c8efe6,10,client_01,4,88,1580.8514000000287,5.680300000676652,,0.1596000001882203,9.862799999609706,,106687,,,,,,,,,,
2026-10-04T09:42:05.417297+00:00,77272a5e30d140338eba37ea60c8efe6,10,client_02,4,88,1594.4104999998672,5.242799999905401,,0.15460000031453092,17.491700000391575,,106681,,,,,,,,,,
2026-10-04T09:42:05.451678+00:00,77272a5e30d140338eba37ea60c8efe6,10,,4,350,,5.300700000589131,10.198800000580377,0.1596000001882203,0.634400003036717,0.3259999994043028,,,6189.180100000158,0.7940000032249372,57.49789199999213,estimated,"CodeCarbon software estimate (CPU/GPU/RAM), whole-machine Flower round scope",,,,
2026-10-04T09:42:11.670503+00:00,77272a5e30d140338eba37ea60c8efe6,11,client_02,4,88,1067.3288999987562,7.518399999753456,,0.2929999991465593,12.677799999437411,,106622,,,,,,,,,,
2026-10-04T09:42:11.672502+00:00,77272a5e30d140338eba37ea60c8efe6,11,client_03,4,88,1135.672099999283,7.195099999080412,,0.24980000125651713,35.526699999536504,,106600,,,,,,,,,,
2026-10-04T09:42:11.682500+00:00,77272a5e30d140338eba37ea60c8efe6,11,client_04,4,86,1061.4029999997001,7.224700000733719,,1.8106999996234663,37.99999999864667,,106634,,,,,,,,,,
2026-10-04T09:42:11.695895+00:00,77272a5e30d140338eba37ea60c8efe6,11,client_01,4,88,1097.1562000013364,8.638899998913985,,0.20399999993969686,9.955800000170711,,106588,,,,,,,,,,
2026-10-04T09:42:11.734883+00:00,77272a5e30d140338eba37ea60c8efe6,11,,4,350,,5.7149000003846595,10.831000001417124,0.19460000112303533,0.968999996985076,0.3097000007983297,,,5751.120100001572,1.1635999981081113,53.11283299999559,estimated,"CodeCarbon software estimate (CPU/GPU/RAM), whole-machine Flower round scope",,,,
2026-10-04T09:42:18.140375+00:00,77272a5e30d140338eba37ea60c8efe6,12,client_01,4,88,1104.4478000003437,9.103400001549744,,0.5479999999806751,11.694600001646904,,106521,,,,,,,,,,
2026-10-04T09:42:18.140375+00:00,77272a5e30d140338eba37ea60c8efe6,12,client_02,4,88,1103.571900001043,6.589000000531087,,0.1871999993454665,38.067199999204604,,106569,,,,,,,,,,
2026-10-04T09:42:18.150371+00:00,77272a5e30d140338eba37ea60c8efe6,12,client_03,4,88,1106.8469999991066,11.515100000906386,,0.43700000060198363,10.27310000063153,,106546,,,,,,,,,,
2026-10-04T09:42:18.160368+00:00,77272a5e30d140338eba37ea60c8efe6,12,client_04,4,86,1085.0426999986666,11.8216000009852,,1.136499999120133,39.668399998845416,,106563,,,,,,,,,,
2026-10-04T09:42:18.195356+00:00,77272a5e30d140338eba37ea60c8efe6,12,,4,350,,6.9655999996030005,10.472299998582457,0.26419999994686805,0.8210000014514662,0.3952000006393064,,,5805.169499999465,1.0852000013983343,52.73650099999941,estimated,"CodeCarbon software estimate (CPU/GPU/RAM), whole-machine Flower round scope",,,,
2026-10-04T09:42:24.499702+00:00,77272a5e30d140338eba37ea60c8efe6,13,client_03,4,88,1018.9004000003479,10.402199999589357,,0.613300000622985,22.2661000007065,,106551,,,,,,,,,,
2026-10-04T09:42:24.500700+00:00,77272a5e30d140338eba37ea60c8efe6,13,client_01,4,88,1022.9196999989654,9.901000001264038,,0.6281999994826037,54.59310000151163,,106543,,,,,,,,,,
2026-10-04T09:42:24.512699+00:00,77272a5e30d140338eba37ea60c8efe6,13,client_04,4,86,1066.7720000001282,10.847900000953814,,0.14990000090620015,12.105700001484365,,106543,,,,,,,,,,
2026-10-04T09:42:24.522995+00:00,77272a5e30d140338eba37ea60c8efe6,13,client_02,4,88,1037.3278000006394,6.154000000606175,,0.1823999991756864,50.39329999999609,,106519,,,,,,,,,,
2026-10-04T09:42:24.554207+00:00,77272a5e30d140338eba37ea60c8efe6,13,,4,350,,5.800799999633455,8.885000001100707,0.1661000005697133,0.7985999982338399,0.2784000007522991,,,5841.232700000546,0.9646999988035532,52.22688599998946,estimated,"CodeCarbon software estimate (CPU/GPU/RAM), whole-machine Flower round scope",,,,
2026-10-04T09:42:31.423068+00:00,77272a5e30d140338eba37ea60c8efe6,14,client_03,4,88,1029.2788999995537,12.579500000356347,,1.5208000004349742,13.375999998970656,,106354,,,,,,,,,,
2026-10-04T09:42:31.424066+00:00,77272a5e30d140338eba37ea60c8efe6,14,client_04,4,86,1130.9289999990142,5.773800001406926,,0.18149999959859997,39.99649999968824,,106364,,,,,,,,,,
2026-10-04T09:42:31.435064+00:00,77272a5e30d140338eba37ea60c8efe6,14,client_01,4,88,1132.2139000003517,7.325700000365032,,0.1824000009946758,12.004100000922335,,106395,,,,,,,,,,
2026-10-04T09:42:31.445060+00:00,77272a5e30d140338eba37ea60c8efe6,14,client_02,4,88,1040.1437000000442,8.914399999412126,,0.8278000004793284,12.429200000042329,,106367,,,,,,,,,,
2026-10-04T09:42:31.477050+00:00,77272a5e30d140338eba37ea60c8efe6,14,,4,350,,6.482099999630009,8.532000001650886,0.18740000086836517,0.6629000017710496,0.2691000008780975,,,6411.329200000182,0.8503000026394147,59.33610600000975,estimated,"CodeCarbon software estimate (CPU/GPU/RAM), whole-machine Flower round scope",,,,
2026-10-04T09:42:37.780214+00:00,77272a5e30d140338eba37ea60c8efe6,15,client_01,4,88,1069.338199999038,5.497899999681977,,0.2251999994768994,9.6971000002668,,106418,,,,,,,,,,
2026-10-04T09:42:37.781214+00:00,77272a5e30d140338eba37ea60c8efe6,15,client_04,4,86,1174.6834999994462,9.970800001610769,,0.27939999927184545,15.337999999246676,,106399,,,,,,,,,,
2026-10-04T09:42:37.793209+00:00,77272a5e30d140338eba37ea60c8efe6,15,client_03,4,88,1059.4473000001017,10.223299999779556,,0.19210000027669594,19.664999999804422,,106437,,,,,,,,,,
2026-10-04T09:42:37.805219+00:00,77272a5e30d140338eba37ea60c8efe6,15,client_02,4,88,1057.3296000002301,8.367200000066077,,0.40810000064084306,15.970299999025883,,106405,,,,,,,,,,
2026-10-04T09:42:37.839318+00:00,77272a5e30d140338eba37ea60c8efe6,15,,4,350,,7.065699999657227,9.089699999094591,0.17140000090876129,0.8195999998861225,0.2929999991465593,,,5820.987300001434,0.9910000007948838,53.467905999987124,estimated,"CodeCarbon software estimate (CPU/GPU/RAM), whole-machine Flower round scope",,,,
2026-10-04T09:42:44.062843+00:00,77272a5e30d140338eba37ea60c8efe6,16,client_02,4,88,1133.6135000001377,8.269900001323549,,0.18079999972542282,13.49839999966207,,106350,,,,,,,,,,
2026-10-04T09:42:44.063842+00:00,77272a5e30d140338eba37ea60c8efe6,16,client_03,4,88,997.4521000003733,7.025599999906262,,0.6376000001182547,47.19649999969988,,106335,,,,,,,,,,
2026-10-04T09:42:44.074196+00:00,77272a5e30d140338eba37ea60c8efe6,16,client_01,4,88,1008.9551000000938,8.299600000100327,,0.2506000000721542,19.68259999921429,,106330,,,,,,,,,,
2026-10-04T09:42:44.083195+00:00,77272a5e30d140338eba37ea60c8efe6,16,client_04,4,86,1111.4066999998613,7.956200000990066,,0.18049999926006421,43.65219999999681,,106368,,,,,,,,,,
2026-10-04T09:42:44.117374+00:00,77272a5e30d140338eba37ea60c8efe6,16,,4,350,,6.703200000629295,9.942800001226715,0.44720000005327165,0.7729999979346758,0.2756000012595905,,,5759.863600000244,1.2201999979879474,53.06017499999143,estimated,"CodeCarbon software estimate (CPU/GPU/RAM), whole-machine Flower round scope",,,,
2026-10-04T09:42:50.664095+00:00,77272a5e30d140338eba37ea60c8efe6,17,client_04,4,86,1103.245500000412,5.388699999457458,,0.6456000010075513,53.03450000064913,,106436,,,,,,,,,,
2026-10-04T09:42:50.665094+00:00,77272a5e30d140338eba37ea60c8efe6,17,client_02,4,88,1091.616100000465,8.319799999298993,,0.3989999986515613,18.978899999638088,,106387,,,,,,,,,,
2026-10-04T09:42:50.677090+00:00,77272a5e30d140338eba37ea60c8efe6,17,client_01,4,88,1081.2746999999945,11.2991999994847,,0.5591999997704988,20.891599999231403,,106409,,,,,,,,,,
2026-10-04T09:42:50.686087+00:00,77272a5e30d140338eba37ea60c8efe6,17,client_03,4,88,1079.3749000004027,8.723199998712516,,1.6479999994771788,51.412499999059946,,106378,,,,,,,,,,
2026-10-04T09:42:50.720076+00:00,77272a5e30d140338eba37ea60c8efe6,17,,4,350,,7.651599999007885,8.824600001389626,0.17490000027464703,0.7424000013998011,0.32129999999597203,,,5774.098900001263,0.9173000016744481,53.06778699999995,estimated,"CodeCarbon software estimate (CPU/GPU/RAM), whole-machine Flower round scope",,,,
2026-10-04T09:42:57.374171+00:00,77272a5e30d140338eba37ea60c8efe6,18,client_03,4,88,1097.4507999999332,9.494699999777367,,0.26109999998880085,6.81339999937336,,106304,,,,,,,,,,
2026-10-04T09:42:57.375171+00:00,77272a5e30d140338eba37ea60c8efe6,18,client_04,4,86,1135.5312999985472,5.539000001590466,,0.18040000031760428,30.285199998616008,,106275,,,,,,,,,,
2026-10-04T09:42:57.390170+00:00,77272a5e30d140338eba37ea60c8efe6,18,client_01,4,88,1151.7970000004425,5.974399999104207,,0.19150000116496813,14.985499999966123,,106290,,,,,,,,,,
2026-10-04T09:42:57.400294+00:00,77272a5e30d140338eba37ea60c8efe6,18,client_02,4,88,1115.9170000009908,7.031899998764857,,0.2702999991015531,21.137499999895226,,106259,,,,,,,,,,
2026-10-04T09:42:57.432510+00:00,77272a5e30d140338eba37ea60c8efe6,18,,4,350,,5.198100001507555,9.676600000602775,0.17589999879419338,0.8188000028894749,0.29859999995096587,,,5838.01179999864,0.9947000016836682,53.66433299999699,estimated,"CodeCarbon software estimate (CPU/GPU/RAM), whole-machine Flower round scope",,,,
2026-10-04T09:43:03.648902+00:00,77272a5e30d140338eba37ea60c8efe6,19,client_03,4,88,1083.674899999096,8.559600000808132,,0.2077999997709412,41.34119999980612,,106378,,,,,,,,,,
2026-10-04T09:43:03.649901+00:00,77272a5e30d140338eba37ea60c8efe6,19,client_04,4,86,1069.8545999985072,8.739400000195019,,1.6157999998540618,20.827399999689078,,106372,,,,,,,,,,
2026-10-04T09:43:03.659897+00:00,77272a5e30d140338eba37ea60c8efe6,19,client_01,4,88,1065.078400000857,11.210700000447105,,0.7002000002103159,38.30209999978251,,106370,,,,,,,,,,
2026-10-04T09:43:03.667984+00:00,77272a5e30d140338eba37ea60c8efe6,19,client_02,4,88,1076.7522000005556,7.344499999817344,,0.1857999995991122,17.498199998954078,,106385,,,,,,,,,,
2026-10-04T09:43:03.703577+00:00,77272a5e30d140338eba37ea60c8efe6,19,,4,350,,5.4478999991260935,9.413599998879363,0.1675000003160676,0.8863999992172467,0.2887999999074964,,,5745.727200001056,1.0538999995333143,53.06652600000234,estimated,"CodeCarbon software estimate (CPU/GPU/RAM), whole-machine Flower round scope",,,,
2026-10-04T09:43:10.904261+00:00,77272a5e30d140338eba37ea60c8efe6,20,client_03,4,88,2097.5355000009586,5.250500000329339,,0.16959999993559904,59.03469999975641,,106354,,,,,,,,,,
2026-10-04T09:43:10.905271+00:00,77272a5e30d140338eba37ea60c8efe6,20,client_02,4,88,2037.0199999997567,5.4347999994206475,,0.1762000010785414,42.908100000204286,,106347,,,,,,,,,,
2026-10-04T09:43:10.915205+00:00,77272a5e30d140338eba37ea60c8efe6,20,client_01,4,88,2015.7333000006474,7.320400000025984,,0.18079999972542282,50.657600000704406,,106350,,,,,,,,,,
2026-10-04T09:43:10.926165+00:00,77272a5e30d140338eba37ea60c8efe6,20,client_04,4,86,1926.2068000007275,5.50429999930202,,0.18379999892204069,14.026200000444078,,106360,,,,,,,,,,
2026-10-04T09:43:10.959093+00:00,77272a5e30d140338eba37ea60c8efe6,20,,4,350,,6.196099999215221,10.784600000988576,0.17459999980928842,0.926499998968211,0.2885999983845977,,,6731.448399999863,1.1010999987774994,62.9422550000163,estimated,"CodeCarbon software estimate (CPU/GPU/RAM), whole-machine Flower round scope",,,,
2026-10-04T09:43:24.584539+00:00,4e95ac2ba3a146ccbb0c2fcda3713ff6,1,client_04,4,86,5972.031500001322,25.633100000050035,,3.4476000000722706,38.40609999861044,,106771,,,,,,,,,,
2026-10-04T09:43:24.585527+00:00,4e95ac2ba3a146ccbb0c2fcda3713ff6,1,client_03,4,88,7056.440000000293,9.640899999794783,,0.1785000004019821,12.819499999750406,,106752,,,,,,,,,,
2026-10-04T09:43:24.595789+00:00,4e95ac2ba3a146ccbb0c2fcda3713ff6,1,client_01,4,88,5996.947399999044,13.662499999554711,,0.19629999951575883,33.22010000010778,,106766,,,,,,,,,,
2026-10-04T09:43:24.603798+00:00,4e95ac2ba3a146ccbb0c2fcda3713ff6,1,client_02,4,88,7385.092299999087,8.0376999994769,,0.16959999993559904,12.91760000094655,,106759,,,,,,,,,,
2026-10-04T09:43:24.639309+00:00,4e95ac2ba3a146ccbb0c2fcda3713ff6,1,,4,350,,5.168699999558157,9.710300000733696,0.14379999993252568,0.659700001051533,0.2672000009624753,,,11995.952499999476,0.8035000009840587,115.49739500000216,estimated,"CodeCarbon software estimate (CPU/GPU/RAM), whole-machine Flower round scope",,,,
2026-10-04T09:43:30.699430+00:00,4e95ac2ba3a146ccbb0c2fcda3713ff6,2,client_03,4,88,889.196099999026,6.944299999304349,,0.22109999918029644,40.842000000338885,,106770,,,,,,,,,,
2026-10-04T09:43:30.701436+00:00,4e95ac2ba3a146ccbb0c2fcda3713ff6,2,client_01,4,88,892.9194000011194,8.196099999622675,,0.1747999995131977,13.625300000057905,,106796,,,,,,,,,,
2026-10-04T09:43:30.712427+00:00,4e95ac2ba3a146ccbb0c2fcda3713ff6,2,client_04,4,86,890.2682999996614,11.393799999495968,,0.19240000074205454,39.71409999940079,,106784,,,,,,,,,,
2026-10-04T09:43:30.721423+00:00,4e95ac2ba3a146ccbb0c2fcda3713ff6,2,client_02,4,88,911.337999999887,11.672799999359995,,0.17599999955564272,47.64939999950002,,106806,,,,,,,,,,
2026-10-04T09:43:30.755414+00:00,4e95ac2ba3a146ccbb0c2fcda3713ff6,2,,4,350,,5.18009999905189,10.045399998489302,0.15889999849605374,0.7199000010587042,0.32559999999648426,,,5553.29139999958,0.878799999554758,51.04169399999591,estimated,"CodeCarbon software estimate (CPU/GPU/RAM), whole-machine Flower round scope",,,,
2026-10-04T09:43:36.720782+00:00,4e95ac2ba3a146ccbb0c2fcda3713ff6,3,client_04,4,86,850.1345999993646,6.365799999912269,,0.23049999981594738,13.938800000687479,,106772,,,,,,,,,,
2026-10-04T09:43:36.720782+00:00,4e95ac2ba3a146ccbb0c2fcda3713ff6,3,client_03,4,88,867.4124000008305,6.913500001246575,,0.20310000036261044,42.439099999683094,,106760,,,,,,,,,,
2026-10-04T09:43:36.731971+00:00,4e95ac2ba3a146ccbb0c2fcda3713ff6,3,client_02,4,88,862.5350000002072,6.918400000358815,,0.1903000011225231,41.11019999982091,,106773,,,,,,,,,,
2026-10-04T09:43:36.739969+00:00,4e95ac2ba3a146ccbb0c2fcda3713ff6,3,client_01,4,88,883.679900000061,7.438900000124704,,0.36329999966255855,32.778199998574564,,106762,,,,,,,,,,
2026-10-04T09:43:36.779739+00:00,4e95ac2ba3a146ccbb0c2fcda3713ff6,3,,4,350,,12.901300000521587,9.543100000882987,0.1740000006975606,0.7925000008981442,0.28059999931429047,,,5515.98980000017,0.9665000015957048,50.70249300000796,estimated,"CodeCarbon software estimate (CPU/GPU/RAM), whole-machine Flower round scope",,,,
2026-10-04T09:43:43.654629+00:00,4e95ac2ba3a146ccbb0c2fcda3713ff6,4,client_04,4,86,1760.016899999755,6.334600000627688,,1.3064999984635506,12.31499999994412,,106767,,,,,,,,,,
2026-10-04T09:43:43.655629+00:00,4e95ac2ba3a146ccbb0c2fcda3713ff6,4,client_02,4,88,1661.9854000000487,7.299199998669792,,0.2325000004930189,51.17869999958202,,106789,,,,,,,,,,
2026-10-04T09:43:43.666626+00:00,4e95ac2ba3a146ccbb0c2fcda3713ff6,4,client_01,4,88,1653.2590000006167,7.510399998864159,,0.9878000000753673,51.23219999950379,,106797,,,,,,,,,,
2026-10-04T09:43:43.675623+00:00,4e95ac2ba3a146ccbb0c2fcda3713ff6,4,client_03,4,88,1710.6208999994124,8.082399999693735,,0.18540000019129366,45.763599999190774,,106766,,,,,,,,,,
2026-10-04T09:43:43.711888+00:00,4e95ac2ba3a146ccbb0c2fcda3713ff6,4,,4,350,,6.684500000119442,10.700199998609605,0.26199999956588726,0.7813000011083204,0.283800000033807,,,6391.447400001198,1.0433000006742077,59.455439999983355,estimated,"CodeCarbon software estimate (CPU/GPU/RAM), whole-machine Flower round scope",,,,
2026-10-04T09:43:49.907993+00:00,4e95ac2ba3a146ccbb0c2fcda3713ff6,5,client_02,4,88,1065.9115000016754,9.524700000838493,,0.21190000006754417,15.16540000011446,,106791,,,,,,,,,,
2026-10-04T09:43:49.908992+00:00,4e95ac2ba3a146ccbb0c2fcda3713ff6,5,client_01,4,88,1052.6900000004389,8.546900000510504,,0.5983000010019168,12.242000000696862,,106777,,,,,,,,,,
2026-10-04T09:43:49.919991+00:00,4e95ac2ba3a146ccbb0c2fcda3713ff6,5,client_03,4,88,1053.0624000002717,8.626300001196796,,1.247700000021723,13.219500000559492,,106791,,,,,,,,,,
2026-10-04T09:43:49.928986+00:00,4e95ac2ba3a146ccbb0c2fcda3713ff6,5,client_04,4,86,1089.6186999998463,8.766900000409805,,0.20290000065870117,13.19570000123349,,106779,,,,,,,,,,
2026-10-04T09:43:49.968766+00:00,4e95ac2ba3a146ccbb0c2fcda3713ff6,5,,4,350,,5.552500000703731,13.995800001794123,0.17010000010486692,0.8340999993379228,0.5294999991747318,,,5701.299399999698,1.0041999994427897,52.52147799999875,estimated,"CodeCarbon software estimate (CPU/GPU/RAM), whole-machine Flower round scope",,,,
2026-10-04T09:43:56.263891+00:00,4e95ac2ba3a146ccbb0c2fcda3713ff6,6,client_02,4,88,1093.8788000003115,5.570900000748225,,0.15469999925699085,12.054200000420678,,106830,,,,,,,,,,
2026-10-04T09:43:56.266893+00:00,4e95ac2ba3a146ccbb0c2fcda3713ff6,6,client_04,4,86,1056.4608999993652,9.446099998967838,,0.19639999845821876,18.67149999998219,,106839,,,,,,,,,,
2026-10-04T09:43:56.276066+00:00,4e95ac2ba3a146ccbb0c2fcda3713ff6,6,client_01,4,88,1046.1360000008426,5.972800001472933,,0.16959999993559904,40.47370000080264,,106822,,,,,,,,,,
2026-10-04T09:43:56.289109+00:00,4e95ac2ba3a146ccbb0c2fcda3713ff6,6,client_03,4,88,1029.0440000007948,5.632099999274942,,0.17359999947075266,15.319000000090455,,106820,,,,,,,,,,
2026-10-04T09:43:56.323932+00:00,4e95ac2ba3a146ccbb0c2fcda3713ff6,6,,4,350,,5.173699999431847,10.400900000604452,0.14480000027106144,0.6589999993593665,0.26840000100492034,,,5757.394600001135,0.8037999996304279,52.532685000005586,estimated,"CodeCarbon software estimate (CPU/GPU/RAM), whole-machine Flower round scope",,,,
2026-10-04T09:44:02.396299+00:00,4e95ac2ba3a146ccbb0c2fcda3713ff6,7,client_04,4,86,874.1522000000259,12.662100001762155,,3.5021000003325753,43.273499999486376,,106676,,,,,,,,,,
2026-10-04T09:44:02.397299+00:00,4e95ac2ba3a146ccbb0c2fcda3713ff6,7,client_03,4,88,934.845800000403,7.9139999998005806,,0.23010000040812884,45.60459999993327,,106688,,,,,,,,,,
2026-10-04T09:44:02.409295+00:00,4e95ac2ba3a146ccbb0c2fcda3713ff6,7,client_01,4,88,929.0492000000086,13.441200000670506,,0.1914000004035188,53.54569999872183,,106698,,,,,,,,,,
2026-10-04T09:44:02.418291+00:00,4e95ac2ba3a146ccbb0c2fcda3713ff6,7,client_02,4,88,897.4360000011075,15.178700001342804,,0.26590000015858095,17.28480000019772,,106724,,,,,,,,,,
2026-10-04T09:44:02.449300+00:00,4e95ac2ba3a146ccbb0c2fcda3713ff6,7,,4,350,,6.0635999998339685,8.467300000120304,0.1685999995970633,0.6143000027805101,0.26989999969373457,,,5606.815400000414,0.7829000023775734,51.16720200001509,estimated,"CodeCarbon software estimate (CPU/GPU/RAM), whole-machine Flower round scope",,,,
2026-10-04T09:44:08.471667+00:00,4e95ac2ba3a146ccbb0c2fcda3713ff6,8,client_01,4,88,862.3026000004756,20.23170000029495,,0.38870000025781337,19.146099999488797,,106829,,,,,,,,,,
2026-10-04T09:44:08.472667+00:00,4e95ac2ba3a146ccbb0c2fcda3713ff6,8,client_02,4,88,880.7946000015363,7.052099999782513,,0.18710000040300656,16.64359999995213,,106822,,,,,,,,,,
2026-10-04T09:44:08.482664+00:00,4e95ac2ba3a146ccbb0c2fcda3713ff6,8,client_04,4,86,899.5569000016985,8.624600000985083,,0.18840000120690092,47.98750000009022,,106810,,,,,,,,,,
2026-10-04T09:44:08.491749+00:00,4e95ac2ba3a146ccbb0c2fcda3713ff6,8,client_03,4,88,870.4176000010193,5.941899999015732,,0.17549999938637484,22.724399999788147,,106812,,,,,,,,,,
2026-10-04T09:44:08.523860+00:00,4e95ac2ba3a146ccbb0c2fcda3713ff6,8,,4,350,,5.171900000277674,9.769099999175523,0.13339999895833898,0.7511000003432855,0.29209999956947286,,,5558.633900000132,0.8844999993016245,51.20678200000839,estimated,"CodeCarbon software estimate (CPU/GPU/RAM), whole-machine Flower round scope",,,,
2026-10-04T09:44:14.546343+00:00,4e95ac2ba3a146ccbb0c2fcda3713ff6,9,client_02,4,88,905.9369000005972,8.520699999280623,,0.540299999556737,12.489900000218768,,106765,,,,,,,,,,
2026-10-04T09:44:14.548346+00:00,4e95ac2ba3a146ccbb0c2fcda3713ff6,9,client_03,4,88,956.5811000011308,5.290700000841753,,0.148899998748675,37.31610000068031,,106754,,,,,,,,,,
2026-10-04T09:44:14.557819+00:00,4e95ac2ba3a146ccbb0c2fcda3713ff6,9,client_01,4,88,871.5647000008175,10.574599999017664,,0.42070000017702114,34.316300001592026,,106770,,,,,,,,,,
2026-10-04T09:44:14.567976+00:00,4e95ac2ba3a146ccbb0c2fcda3713ff6,9,client_04,4,86,849.0601000012248,10.777199999211007,,0.18249999993713573,42.09459999947285,,106779,,,,,,,,,,
2026-10-04T09:44:14.603322+00:00,4e95ac2ba3a146ccbb0c2fcda3713ff6,9,,4,350,,5.461400000058347,9.861100001216982,0.16219999997701962,0.5935999979556073,1.338799998848117,,,5566.296400000283,0.7557999979326269,51.32365600000412,estimated,"CodeCarbon software estimate (CPU/GPU/RAM), whole-machine Flower round scope",,,,
2026-10-04T09:44:20.691037+00:00,4e95ac2ba3a146ccbb0c2fcda3713ff6,10,client_02,4,88,999.3980999988707,9.015999999974156,,0.8937000002333662,10.338699999920209,,106812,,,,,,,,,,
2026-10-04T09:44:20.692036+00:00,4e95ac2ba3a146ccbb0c2fcda3713ff6,10,client_04,4,86,973.3462000003783,8.229699998992146,,0.39920000017446,33.668599999145954,,106828,,,,,,,,,,
2026-10-04T09:44:20.702033+00:00,4e95ac2ba3a146ccbb0c2fcda3713ff6,10,client_01,4,88,1015.4956999995193,5.641199999445234,,0.17740000112098642,11.56750000154716,,106808,,,,,,,,,,
2026-10-04T09:44:20.712031+00:00,4e95ac2ba3a146ccbb0c2fcda3713ff6,10,client_03,4,88,942.0186000006652,22.47189999980037,,0.3954999992856756,12.534500001493143,,106810,,,,,,,,,,
2026-10-04T09:44:20.744557+00:00,4e95ac2ba3a146ccbb0c2fcda3713ff6,10,,4,350,,6.497700000181794,9.984599999370403,0.20489999951678328,0.9516999980405672,0.28500000007625204,,,5628.72310000057,1.1565999975573504,51.73661900000298,estimated,"CodeCarbon software estimate (CPU/GPU/RAM), whole-machine Flower round scope",,,,
2026-10-04T09:44:26.726629+00:00,4e95ac2ba3a146ccbb0c2fcda3713ff6,11,client_01,4,88,851.1706999997841,8.359799998288509,,0.4590999997162726,41.53829999995651,,106691,,,,,,,,,,
2026-10-04T09:44:26.727629+00:00,4e95ac2ba3a146ccbb0c2fcda3713ff6,11,client_04,4,86,873.4872000004543,7.097199999407167,,0.29720000020461157,33.089799999288516,,106693,,,,,,,,,,
2026-10-04T09:44:26.739626+00:00,4e95ac2ba3a146ccbb0c2fcda3713ff6,11,client_02,4,88,867.9883000004338,7.429799999954412,,0.30979999974078964,35.40830000019923,,106735,,,,,,,,,,
2026-10-04T09:44:26.750624+00:00,4e95ac2ba3a146ccbb0c2fcda3713ff6,11,client_03,4,88,884.3254999992496,7.743500000287895,,0.4453000001376495,4.310700000132783,,106726,,,,,,,,,,
2026-10-04T09:44:26.787615+00:00,4e95ac2ba3a146ccbb0c2fcda3713ff6,11,,4,350,,11.742900000172085,9.218899996994878,0.15900000107649248,0.8219999999710126,0.2750999992713332,,,5509.633100000428,0.9810000010475051,50.56643100000656,estimated,"CodeCarbon software estimate (CPU/GPU/RAM), whole-machine Flower round scope",,,,
2026-10-04T09:44:33.088420+00:00,4e95ac2ba3a146ccbb0c2fcda3713ff6,12,client_04,4,86,1082.7532000002975,7.705199999691104,,1.2732999985018978,38.9588999987609,,106831,,,,,,,,,,
2026-10-04T09:44:33.089420+00:00,4e95ac2ba3a146ccbb0c2fcda3713ff6,12,client_03,4,88,1163.191800000277,5.9897000010096235,,0.35969999953522347,44.410800001060124,,106849,,,,,,,,,,
2026-10-04T09:44:33.099873+00:00,4e95ac2ba3a146ccbb0c2fcda3713ff6,12,client_01,4,88,1113.012699999672,6.523999998535146,,0.17289999959757552,33.55019999980868,,106826,,,,,,,,,,
2026-10-04T09:44:33.110209+00:00,4e95ac2ba3a146ccbb0c2fcda3713ff6,12,client_02,4,88,1110.397100001137,9.094299999560462,,0.4019999996671686,6.66569999884814,,106815,,,,,,,,,,
2026-10-04T09:44:33.142918+00:00,4e95ac2ba3a146ccbb0c2fcda3713ff6,12,,4,350,,6.3826000005065,9.28369999928691,0.21259999994072132,0.8329000011144672,0.2908000005845679,,,5812.798099999782,1.0455000010551885,53.542787000005774,estimated,"CodeCarbon software estimate (CPU/GPU/RAM), whole-machine Flower round scope",,,,
2026-10-04T09:44:39.399276+00:00,4e95ac2ba3a146ccbb0c2fcda3713ff6,13,client_03,4,88,964.5703000005597,10.776999999507098,,0.19099999917671084,35.11090000029071,,106790,,,,,,,,,,
2026-10-04T09:44:39.400276+00:00,4e95ac2ba3a146ccbb0c2fcda3713ff6,13,client_01,4,88,999.6448000001692,6.655099999989034,,0.17579999985173345,11.18270000006305,,106764,,,,,,,,,,
2026-10-04T09:44:39.412130+00:00,4e95ac2ba3a146ccbb0c2fcda3713ff6,13,client_04,4,86,953.1252999986464,9.691600000223843,,0.19489999976940453,50.51880000064557,,106766,,,,,,,,,,
2026-10-04T09:44:39.421301+00:00,4e95ac2ba3a146ccbb0c2fcda3713ff6,13,client_02,4,88,906.9038999987242,8.6738999998488,,2.03239999973448,8.530499999324093,,106778,,,,,,,,,,
2026-10-04T09:44:39.451292+00:00,4e95ac2ba3a146ccbb0c2fcda3713ff6,13,,4,350,,6.4117999991140096,9.18200000160141,0.17420000040146988,0.6413000010070391,0.33710000025166664,,,5604.649799999606,0.815500001408509,51.46129299999302,estimated,"CodeCarbon software estimate (CPU/GPU/RAM), whole-machine Flower round scope",,,,
2026-10-04T09:44:45.508811+00:00,4e95ac2ba3a146ccbb0c2fcda3713ff6,14,client_03,4,88,890.8097000003181,7.714499999565305,,0.43729999924835283,12.190099998406367,,106823,,,,,,,,,,
2026-10-04T09:44:45.509810+00:00,4e95ac2ba3a146ccbb0c2fcda3713ff6,14,client_04,4,86,919.0901999991183,7.828899999367422,,0.28639999982260633,15.23549999910756,,106777,,,,,,,,,,
2026-10-04T09:44:45.519807+00:00,4e95ac2ba3a146ccbb0c2fcda3713ff6,14,client_01,4,88,856.1090999992302,23.76939999885508,,0.7007000003795838,40.51360000084969,,106803,,,,,,,,,,
2026-10-04T09:44:45.530809+00:00,4e95ac2ba3a146ccbb0c2fcda3713ff6,14,client_02,4,88,953.6477999990893,5.439600001409417,,0.1711999993858626,18.341400000281283,,106812,,,,,,,,,,
2026-10-04T09:44:45.567398+00:00,4e95ac2ba3a146ccbb0c2fcda3713ff6,14,,4,350,,5.9196999991399935,11.38109999919834,0.16390000018873252,0.7027999981801258,0.46459999975922983,,,5589.081500000248,0.8666999983688584,51.4221390000057,estimated,"CodeCarbon software estimate (CPU/GPU/RAM), whole-machine Flower round scope",,,,
2026-10-04T09:44:51.690884+00:00,4e95ac2ba3a146ccbb0c2fcda3713ff6,15,client_01,4,88,897.9749000009178,9.00060000094527,,0.320099999953527,13.845800000126474,,106797,,,,,,,,,,
2026-10-04T09:44:51.691883+00:00,4e95ac2ba3a146ccbb0c2fcda3713ff6,15,client_03,4,88,852.8628000003664,7.698199999140343,,1.8923999996331986,14.590799999496085,,106810,,,,,,,,,,
2026-10-04T09:44:51.700882+00:00,4e95ac2ba3a146ccbb0c2fcda3713ff6,15,client_02,4,88,866.7910000003758,7.041700000627316,,0.574100000449107,14.096999999310356,,106815,,,,,,,,,,
2026-10-04T09:44:51.709877+00:00,4e95ac2ba3a146ccbb0c2fcda3713ff6,15,client_04,4,86,904.2819000005693,6.351399999402929,,0.27239999872108456,35.07939999872178,,106812,,,,,,,,,,
2026-10-04T09:44:51.746866+00:00,4e95ac2ba3a146ccbb0c2fcda3713ff6,15,,4,350,,6.601000000955537,10.855900000024121,0.3242999991925899,0.9942000051523792,0.30949999927543104,,,5657.127000000401,1.318500004344969,50.639215000010154,estimated,"CodeCarbon software estimate (CPU/GPU/RAM), whole-machine Flower round scope",,,,
2026-10-04T09:44:58.094590+00:00,4e95ac2ba3a146ccbb0c2fcda3713ff6,16,client_01,4,88,1274.4652000001224,5.4490999991685385,,0.1768000001902692,33.11329999996815,,106873,,,,,,,,,,
2026-10-04T09:44:58.095590+00:00,4e95ac2ba3a146ccbb0c2fcda3713ff6,16,client_03,4,88,1208.1147999997484,6.012299998474191,,0.2935999982582871,14.95230000000447,,106884,,,,,,,,,,
2026-10-04T09:44:58.105719+00:00,4e95ac2ba3a146ccbb0c2fcda3713ff6,16,client_02,4,88,1200.5422000002,7.015099999989616,,0.17269999989366625,30.017400000360794,,106856,,,,,,,,,,
2026-10-04T09:44:58.115717+00:00,4e95ac2ba3a146ccbb0c2fcda3713ff6,16,client_04,4,86,1257.2863000004872,8.040700000492507,,0.19329999850015156,12.347699999736506,,106883,,,,,,,,,,
2026-10-04T09:44:58.155952+00:00,4e95ac2ba3a146ccbb0c2fcda3713ff6,16,,4,350,,6.122400000094785,12.370399999781512,0.19009999959962443,1.039800001308322,1.2692000000242842,,,5897.38159999979,1.2299000009079464,54.589190000006056,estimated,"CodeCarbon software estimate (CPU/GPU/RAM), whole-machine Flower round scope",,,,
2026-10-04T09:45:04.358252+00:00,4e95ac2ba3a146ccbb0c2fcda3713ff6,17,client_02,4,88,1054.5782999997755,5.382199999075965,,0.1747999995131977,16.4641000010306,,106844,,,,,,,,,,
2026-10-04T09:45:04.359252+00:00,4e95ac2ba3a146ccbb0c2fcda3713ff6,17,client_01,4,88,991.0490000002028,8.602199999586446,,0.20949999998265412,41.8814000004204,,106864,,,,,,,,,,
2026-10-04T09:45:04.370249+00:00,4e95ac2ba3a146ccbb0c2fcda3713ff6,17,client_03,4,88,999.4901999998547,8.3569999987958,,0.1998999996430939,13.035699999818462,,106853,,,,,,,,,,
2026-10-04T09:45:04.378247+00:00,4e95ac2ba3a146ccbb0c2fcda3713ff6,17,client_04,4,86,1114.0194999989035,6.054400000721216,,0.17810000099416357,8.934800000133691,,106847,,,,,,,,,,
2026-10-04T09:45:04.413235+00:00,4e95ac2ba3a146ccbb0c2fcda3713ff6,17,,4,350,,5.052500000601867,10.713899999245768,0.13620000027003698,0.7237999980134191,0.33459999940532725,,,5722.928600000159,0.8599999982834561,52.694917999997415,estimated,"CodeCarbon software estimate (CPU/GPU/RAM), whole-machine Flower round scope",,,,
2026-10-04T09:45:10.495274+00:00,4e95ac2ba3a146ccbb0c2fcda3713ff6,18,client_02,4,88,916.81299999982,7.163100000980194,,0.27709999994840473,37.29349999957776,,106853,,,,,,,,,,
2026-10-04T09:45:10.496273+00:00,4e95ac2ba3a146ccbb0c2fcda3713ff6,18,client_03,4,88,912.7609999995911,5.9391000013420125,,0.4855999995925231,53.317199999582954,,106852,,,,,,,,,,
2026-10-04T09:45:10.507269+00:00,4e95ac2ba3a146ccbb0c2fcda3713ff6,18,client_04,4,86,947.9668000003585,6.6984999994019745,,0.18029999955615494,23.21479999955045,,106842,,,,,,,,,,
2026-10-04T09:45:10.517268+00:00,4e95ac2ba3a146ccbb0c2fcda3713ff6,18,client_01,4,88,886.0137000010582,7.869699998991564,,0.24339999981748406,17.72490000075777,,106847,,,,,,,,,,
2026-10-04T09:45:10.549256+00:00,4e95ac2ba3a146ccbb0c2fcda3713ff6,18,,4,350,,6.794499999159598,9.962100000848295,0.1770999988366384,0.6976999993639765,0.2903000004153,,,5574.430000000575,0.8747999982006149,51.29329899998993,estimated,"CodeCarbon software estimate (CPU/GPU/RAM), whole-machine Flower round scope",,,,
2026-10-04T09:45:16.550962+00:00,4e95ac2ba3a146ccbb0c2fcda3713ff6,19,client_02,4,88,903.4954000017024,6.451600000218605,,0.17889999980980065,13.821399999869755,,106858,,,,,,,,,,
2026-10-04T09:45:16.551962+00:00,4e95ac2ba3a146ccbb0c2fcda3713ff6,19,client_01,4,88,884.1387000011309,7.529900000008638,,0.5438000007416122,14.784299999519135,,106894,,,,,,,,,,
2026-10-04T09:45:16.565956+00:00,4e95ac2ba3a146ccbb0c2fcda3713ff6,19,client_04,4,86,886.395999999877,11.17089999934251,,0.24329999905603472,21.433600000818842,,106880,,,,,,,,,,
2026-10-04T09:45:16.577057+00:00,4e95ac2ba3a146ccbb0c2fcda3713ff6,19,client_03,4,88,865.2023000013287,8.701400000063586,,0.18930000078398734,54.70860000059474,,106855,,,,,,,,,,
2026-10-04T09:45:16.617273+00:00,4e95ac2ba3a146ccbb0c2fcda3713ff6,19,,4,350,,5.732399999033078,11.701100002028397,0.23909999981697183,1.1967999998887535,0.39120000110415276,,,5539.084500000172,1.4358999997057253,50.94236599999932,estimated,"CodeCarbon software estimate (CPU/GPU/RAM), whole-machine Flower round scope",,,,
2026-10-04T09:45:22.667999+00:00,4e95ac2ba3a146ccbb0c2fcda3713ff6,20,client_01,4,88,914.2446999994718,5.429799999546958,,0.18760000057227444,20.581200000378885,,106882,,,,,,,,,,
2026-10-04T09:45:22.668998+00:00,4e95ac2ba3a146ccbb0c2fcda3713ff6,20,client_02,4,88,934.7189999989496,7.12530000055267,,0.19380000048840884,41.79339999973308,,106889,,,,,,,,,,
2026-10-04T09:45:22.679995+00:00,4e95ac2ba3a146ccbb0c2fcda3713ff6,20,client_04,4,86,915.283599999384,8.231599998907768,,0.22870000066177454,22.197599999344675,,106905,,,,,,,,,,
2026-10-04T09:45:22.688992+00:00,4e95ac2ba3a146ccbb0c2fcda3713ff6,20,client_03,4,88,906.7183999995905,7.6967000004515285,,0.22730000091542024,10.38449999941804,,106913,,,,,,,,,,
2026-10-04T09:45:22.721981+00:00,4e95ac2ba3a146ccbb0c2fcda3713ff6,20,,4,350,,5.300999999235501,9.855599997536046,0.15979999989212956,0.7438999982696259,0.2738999992288882,,,5563.837699999567,0.9036999981617555,51.075437999988935,estimated,"CodeCarbon software estimate (CPU/GPU/RAM), whole-machine Flower round scope",,,,
2026-10-04T09:45:36.844541+00:00,dcc7e62b545e47ca9450f0a34bd457a5,1,client_02,4,88,7063.722799999596,17.977600000449456,,2.1340999992389698,17.3451999999088,,106728,,,,,,,,,,
2026-10-04T09:45:36.845537+00:00,dcc7e62b545e47ca9450f0a34bd457a5,1,client_01,4,88,7499.71000000005,6.982099999731872,,0.19079999947280157,46.94519999975455,,106689,,,,,,,,,,
2026-10-04T09:45:36.856539+00:00,dcc7e62b545e47ca9450f0a34bd457a5,1,client_04,4,86,7754.696599999079,5.34460000017134,,0.17320000006293412,13.34099999985483,,106719,,,,,,,,,,
2026-10-04T09:45:36.865519+00:00,dcc7e62b545e47ca9450f0a34bd457a5,1,client_03,4,88,8117.861599999742,7.676699999137782,,0.1815999985410599,14.715799999976298,,106730,,,,,,,,,,
2026-10-04T09:45:36.900651+00:00,dcc7e62b545e47ca9450f0a34bd457a5,1,,4,350,,5.994799999825773,11.30139999986568,0.1664000010350719,0.9102000021812273,0.2700000004551839,,,12781.441799999811,1.0766000032162992,123.20046699998785,estimated,"CodeCarbon software estimate (CPU/GPU/RAM), whole-machine Flower round scope",,,,
2026-10-04T09:45:43.083190+00:00,dcc7e62b545e47ca9450f0a34bd457a5,2,client_02,4,88,981.8676999984746,5.817799999931594,,0.2747999988059746,47.505099999398226,,106686,,,,,,,,,,
2026-10-04T09:45:43.085190+00:00,dcc7e62b545e47ca9450f0a34bd457a5,2,client_04,4,86,1011.6859999998269,10.912600000665407,,0.23630000032426324,36.835299999438575,,106681,,,,,,,,,,
2026-10-04T09:45:43.095189+00:00,dcc7e62b545e47ca9450f0a34bd457a5,2,client_03,4,88,1044.2284000000654,8.044100000915932,,0.30759999935980886,9.685999999419437,,106689,,,,,,,,,,
2026-10-04T09:45:43.106184+00:00,dcc7e62b545e47ca9450f0a34bd457a5,2,client_01,4,88,1008.3909999993921,7.1762999996281,,0.24880000091798138,37.85539999989851,,106694,,,,,,,,,,
2026-10-04T09:45:43.140192+00:00,dcc7e62b545e47ca9450f0a34bd457a5,2,,4,350,,5.165700000361539,9.820800001762109,0.133700001242687,0.8581000020058127,0.29100000028847717,,,5660.695600001418,0.9918000032484997,52.0616759999939,estimated,"CodeCarbon software estimate (CPU/GPU/RAM), whole-machine Flower round scope",,,,
2026-10-04T09:45:49.244253+00:00,dcc7e62b545e47ca9450f0a34bd457a5,3,client_01,4,88,965.0352999997267,7.917200000520097,,0.17970000044442713,9.55219999923429,,106764,,,,,,,,,,
2026-10-04T09:45:49.245253+00:00,dcc7e62b545e47ca9450f0a34bd457a5,3,client_03,4,88,1009.5935999997891,6.972799999857671,,0.33090000033553224,14.641099998698337,,106776,,,,,,,,,,
2026-10-04T09:45:49.257251+00:00,dcc7e62b545e47ca9450f0a34bd457a5,3,client_02,4,88,959.0036000008695,8.063499999479973,,0.5108999994263286,13.54929999979504,,106772,,,,,,,,,,
2026-10-04T09:45:49.265246+00:00,dcc7e62b545e47ca9450f0a34bd457a5,3,client_04,4,86,912.3079000000871,8.736199999475502,,0.4436999988683965,46.67119999976421,,106776,,,,,,,,,,
2026-10-04T09:45:49.300236+00:00,dcc7e62b545e47ca9450f0a34bd457a5,3,,4,350,,5.849099999977625,10.826199999428354,0.19330000031914096,0.9192000015900703,0.3023000008397503,,,5620.280500001172,1.1125000019092113,51.68612499999654,estimated,"CodeCarbon software estimate (CPU/GPU/RAM), whole-machine Flower round scope",,,,
2026-10-04T09:45:55.796735+00:00,dcc7e62b545e47ca9450f0a34bd457a5,4,client_01,4,88,1018.7070000010863,9.692700001323828,,0.19020000036107376,37.03099999984261,,106794,,,,,,,,,,
2026-10-04T09:45:55.797735+00:00,dcc7e62b545e47ca9450f0a34bd457a5,4,client_02,4,88,1085.3627999986202,6.605399999898509,,0.1864000005298294,10.68930000110413,,106783,,,,,,,,,,
2026-10-04T09:45:55.808732+00:00,dcc7e62b545e47ca9450f0a34bd457a5,4,client_04,4,86,1046.896600000764,6.845100000646198,,0.3465999998297775,40.305200000148034,,106798,,,,,,,,,,
2026-10-04T09:45:55.819727+00:00,dcc7e62b545e47ca9450f0a34bd457a5,4,client_03,4,88,1055.1245999995444,6.7490000001271255,,0.20419999964360613,46.70290000103705,,106767,,,,,,,,,,
2026-10-04T09:45:55.864712+00:00,dcc7e62b545e47ca9450f0a34bd457a5,4,,4,350,,6.776599999284372,14.746499999091611,0.17669999942881986,0.8333999976457562,0.36779999936698005,,,5739.885700000741,1.010099997074576,52.64565299999958,estimated,"CodeCarbon software estimate (CPU/GPU/RAM), whole-machine Flower round scope",,,,
2026-10-04T09:46:01.838692+00:00,dcc7e62b545e47ca9450f0a34bd457a5,5,client_02,4,88,840.8254999994824,11.608099999648402,,0.42299999950046185,11.985199998889584,,106703,,,,,,,,,,
2026-10-04T09:46:01.839693+00:00,dcc7e62b545e47ca9450f0a34bd457a5,5,client_04,4,86,873.0255999998917,7.755100001304527,,0.22370000078808516,10.464900000442867,,106714,,,,,,,,,,
2026-10-04T09:46:01.851688+00:00,dcc7e62b545e47ca9450f0a34bd457a5,5,client_03,4,88,844.7683999984292,7.730299999821,,0.18359999921813142,43.97489999973914,,106696,,,,,,,,,,
2026-10-04T09:46:01.860685+00:00,dcc7e62b545e47ca9450f0a34bd457a5,5,client_01,4,88,815.3763000009349,12.032499998895219,,0.9133000003203051,34.67140000066138,,106697,,,,,,,,,,
2026-10-04T09:46:01.899680+00:00,dcc7e62b545e47ca9450f0a34bd457a5,5,,4,350,,5.921899999520974,9.189600001263898,0.18000000090978574,0.8013000024220673,0.9694999989733333,,,5485.103200000594,0.9813000033318531,50.3973489999953,estimated,"CodeCarbon software estimate (CPU/GPU/RAM), whole-machine Flower round scope",,,,
2026-10-04T09:46:08.022578+00:00,dcc7e62b545e47ca9450f0a34bd457a5,6,client_02,4,88,839.5491000010225,7.407000000966946,,0.18670000099518802,15.298899999834248,,106768,,,,,,,,,,
2026-10-04T09:46:08.023578+00:00,dcc7e62b545e47ca9450f0a34bd457a5,6,client_04,4,86,864.4825999999739,7.9009999990375945,,0.17530000150145497,46.107000000120024,,106773,,,,,,,,,,
2026-10-04T09:46:08.033574+00:00,dcc7e62b545e47ca9450f0a34bd457a5,6,client_01,4,88,812.619000000268,10.689799999454408,,0.6228999991435558,32.303900001352304,,106749,,,,,,,,,,
2026-10-04T09:46:08.042667+00:00,dcc7e62b545e47ca9450f0a34bd457a5,6,client_03,4,88,829.1260999994847,11.273500000243075,,1.9754999993892852,11.4899999989575,,106753,,,,,,,,,,
2026-10-04T09:46:08.080827+00:00,dcc7e62b545e47ca9450f0a34bd457a5,6,,4,350,,6.873500000438071,9.187500001644366,0.17329999900539406,0.846199998704833,0.2877000006265007,,,5604.588399999557,1.019499997710227,50.52612899999076,estimated,"CodeCarbon software estimate (CPU/GPU/RAM), whole-machine Flower round scope",,,,
2026-10-04T09:46:14.093586+00:00,dcc7e62b545e47ca9450f0a34bd457a5,7,client_04,4,86,918.4553999984928,5.491200001415564,,0.18009999985224567,9.681699999418925,,106716,,,,,,,,,,
2026-10-04T09:46:14.094587+00:00,dcc7e62b545e47ca9450f0a34bd457a5,7,client_03,4,88,837.1232999998028,11.682099999234197,,0.2721999990171753,11.576599999898463,,106711,,,,,,,,,,
2026-10-04T09:46:14.109217+00:00,dcc7e62b545e47ca9450f0a34bd457a5,7,client_02,4,88,841.5590000004158,9.28580000072543,,0.2117000003636349,8.418699999310775,,106728,,,,,,,,,,
2026-10-04T09:46:14.124212+00:00,dcc7e62b545e47ca9450f0a34bd457a5,7,client_01,4,88,872.4515000012616,6.6062999994755955,,0.20000000040454324,12.171700000180863,,106712,,,,,,,,,,
2026-10-04T09:46:14.162199+00:00,dcc7e62b545e47ca9450f0a34bd457a5,7,,4,350,,7.567500000732252,10.897299996941001,0.26109999998880085,0.8272999984910712,0.31010000020614825,,,5545.894799999587,1.088399998479872,50.88810600000216,estimated,"CodeCarbon software estimate (CPU/GPU/RAM), whole-machine Flower round scope",,,,
2026-10-04T09:46:20.167445+00:00,dcc7e62b545e47ca9450f0a34bd457a5,8,client_01,4,88,853.3225000010134,10.023199998613563,,0.23159999909694307,11.499199999889242,,106729,,,,,,,,,,
2026-10-04T09:46:20.168445+00:00,dcc7e62b545e47ca9450f0a34bd457a5,8,client_03,4,88,902.9929000007542,8.03980000091542,,0.16230000073846895,17.372600001181127,,106734,,,,,,,,,,
2026-10-04T09:46:20.177970+00:00,dcc7e62b545e47ca9450f0a34bd457a5,8,client_02,4,88,902.7900999990379,6.01239999923564,,0.19670000074256677,12.758599999870057,,106711,,,,,,,,,,
2026-10-04T09:46:20.188966+00:00,dcc7e62b545e47ca9450f0a34bd457a5,8,client_04,4,86,907.7722999991238,6.263499999477062,,0.8101999992504716,13.61900000119931,,106701,,,,,,,,,,
2026-10-04T09:46:20.223265+00:00,dcc7e62b545e47ca9450f0a34bd457a5,8,,4,350,,5.253699999229866,10.042800000519492,0.1740000006975606,0.8360000010725344,0.37259999953676015,,,5521.749699999418,1.010000001770095,50.779013999999734,estimated,"CodeCarbon software estimate (CPU/GPU/RAM), whole-machine Flower round scope",,,,
2026-10-04T09:46:26.348009+00:00,dcc7e62b545e47ca9450f0a34bd457a5,9,client_03,4,88,972.9581999999937,10.793600000397419,,0.2213000007031951,31.979100000171456,,106794,,,,,,,,,,
2026-10-04T09:46:26.349008+00:00,dcc7e62b545e47ca9450f0a34bd457a5,9,client_02,4,88,1029.685100000279,6.210900000951369,,0.20810000023629982,36.13490000134334,,106743,,,,,,,,,,
2026-10-04T09:46:26.360005+00:00,dcc7e62b545e47ca9450f0a34bd457a5,9,client_04,4,86,930.3662999991502,9.285100000852253,,0.5756999998993706,11.11020000098506,,106789,,,,,,,,,,
2026-10-04T09:46:26.371001+00:00,dcc7e62b545e47ca9450f0a34bd457a5,9,client_01,4,88,890.911500000584,22.31729999948584,,0.21850000121048652,45.46380000101635,,106801,,,,,,,,,,
2026-10-04T09:46:26.406990+00:00,dcc7e62b545e47ca9450f0a34bd457a5,9,,4,350,,5.9946999990643235,10.39199999831908,0.27770000087912194,0.8280000001832377,0.3218000001652399,,,5662.737900000138,1.1057000010623597,52.17725000000428,estimated,"CodeCarbon software estimate (CPU/GPU/RAM), whole-machine Flower round scope",,,,
2026-10-04T09:46:32.941992+00:00,dcc7e62b545e47ca9450f0a34bd457a5,10,client_03,4,88,1282.4240999998437,8.41980000041076,,0.7457000010617776,41.03289999875415,,106701,,,,,,,,,,
2026-10-04T09:46:32.941992+00:00,dcc7e62b545e47ca9450f0a34bd457a5,10,client_02,4,88,1362.6165999994555,7.985500000359025,,0.15999999959603883,8.48990000122285,,106714,,,,,,,,,,
2026-10-04T09:46:32.960025+00:00,dcc7e62b545e47ca9450f0a34bd457a5,10,client_01,4,88,1294.8732000004384,7.4064000000362284,,0.28309999834164046,48.70879999907629,,106711,,,,,,,,,,
2026-10-04T09:46:32.970744+00:00,dcc7e62b545e47ca9450f0a34bd457a5,10,client_04,4,86,1286.615899998651,7.044599999062484,,1.2753000009979587,32.01950000038778,,106689,,,,,,,,,,
2026-10-04T09:46:33.003986+00:00,dcc7e62b545e47ca9450f0a34bd457a5,10,,4,350,,6.786800000554649,10.225699998045457,0.16200000027311035,0.6785000005038455,0.2733000001171604,,,6037.279500000295,0.8405000007769559,55.37273300000379,estimated,"CodeCarbon software estimate (CPU/GPU/RAM), whole-machine Flower round scope",,,,
2026-10-04T09:46:39.065810+00:00,dcc7e62b545e47ca9450f0a34bd457a5,11,client_03,4,88,912.6028999999107,7.918299999801093,,0.18340000133321155,45.412100000248756,,106719,,,,,,,,,,
2026-10-04T09:46:39.066811+00:00,dcc7e62b545e47ca9450f0a34bd457a5,11,client_01,4,88,896.3359000008495,6.509099999675527,,0.706299999365001,41.108300001724274,,106735,,,,,,,,,,
2026-10-04T09:46:39.083897+00:00,dcc7e62b545e47ca9450f0a34bd457a5,11,client_04,4,86,871.2973999990936,8.817800000542775,,0.31239999952958897,10.075199999846518,,106756,,,,,,,,,,
2026-10-04T09:46:39.094582+00:00,dcc7e62b545e47ca9450f0a34bd457a5,11,client_02,4,88,878.4966000002896,13.745600001129787,,0.28339999880699906,12.988500000574277,,106713,,,,,,,,,,
2026-10-04T09:46:39.130461+00:00,dcc7e62b545e47ca9450f0a34bd457a5,11,,4,350,,5.324899999322952,10.51529999676859,0.1678000007814262,1.363600000331644,0.2879999992728699,,,5550.920699999551,1.5314000011130702,50.953098999998474,estimated,"CodeCarbon software estimate (CPU/GPU/RAM), whole-machine Flower round scope",,,,
2026-10-04T09:46:45.252186+00:00,dcc7e62b545e47ca9450f0a34bd457a5,12,client_04,4,86,931.9123000004765,11.631200000920217,,0.37030000021331944,38.16010000082315,,106775,,,,,,,,,,
2026-10-04T09:46:45.253186+00:00,dcc7e62b545e47ca9450f0a34bd457a5,12,client_03,4,88,964.8562999991555,6.8799000000581145,,0.17099999968195334,14.2121999997471,,106806,,,,,,,,,,
2026-10-04T09:46:45.263183+00:00,dcc7e62b545e47ca9450f0a34bd457a5,12,client_02,4,88,928.207900000416,6.811499999457737,,0.6407000000763219,39.170000000012806,,106782,,,,,,,,,,
2026-10-04T09:46:45.271180+00:00,dcc7e62b545e47ca9450f0a34bd457a5,12,client_01,4,88,910.8887000002142,6.994599998506601,,0.20369999947433826,6.5936999999394175,,106806,,,,,,,,,,
2026-10-04T09:46:45.306168+00:00,dcc7e62b545e47ca9450f0a34bd457a5,12,,4,350,,5.201799998758361,11.07850000153121,0.15500000154133886,0.7991000002220972,0.2897000013035722,,,5613.037600000098,0.954100001763436,51.222643999990396,estimated,"CodeCarbon software estimate (CPU/GPU/RAM), whole-machine Flower round scope",,,,
2026-10-04T09:46:51.776147+00:00,dcc7e62b545e47ca9450f0a34bd457a5,13,client_01,4,88,967.6378999993176,12.497199999415898,,0.45700000009674113,14.114300000073854,,106771,,,,,,,,,,
2026-10-04T09:46:51.777147+00:00,dcc7e62b545e47ca9450f0a34bd457a5,13,client_02,4,88,989.328800000294,7.478100000298582,,0.15220000022964086,31.776800000443473,,106739,,,,,,,,,,
2026-10-04T09:46:51.788143+00:00,dcc7e62b545e47ca9450f0a34bd457a5,13,client_04,4,86,990.8522000005178,6.610799999180017,,0.17420000040146988,13.668699999470846,,106779,,,,,,,,,,
2026-10-04T09:46:51.797777+00:00,dcc7e62b545e47ca9450f0a34bd457a5,13,client_03,4,88,973.0995999998413,16.893899999558926,,0.1726000009512063,10.782200000903686,,106782,,,,,,,,,,
2026-10-04T09:46:51.831766+00:00,dcc7e62b545e47ca9450f0a34bd457a5,13,,4,350,,7.121499998902436,10.818799999469775,0.179899998329347,0.6787999991502147,0.2798000004986534,,,5682.221499999287,0.8586999974795617,51.66403999999602,estimated,"CodeCarbon software estimate (CPU/GPU/RAM), whole-machine Flower round scope",,,,
2026-10-04T09:46:57.852160+00:00,dcc7e62b545e47ca9450f0a34bd457a5,14,client_03,4,88,884.7846000007848,12.017199998808792,,0.698599998941063,18.134699999791337,,106709,,,,,,,,,,
2026-10-04T09:46:57.853158+00:00,dcc7e62b545e47ca9450f0a34bd457a5,14,client_04,4,86,870.3009000000748,16.01950000076613,,0.24440000015601981,19.715000000360305,,106745,,,,,,,,,,
2026-10-04T09:46:57.868256+00:00,dcc7e62b545e47ca9450f0a34bd457a5,14,client_02,4,88,856.2390999995841,7.429200000842684,,0.2566999992268393,45.037399999273475,,106739,,,,,,,,,,
2026-10-04T09:46:57.878341+00:00,dcc7e62b545e47ca9450f0a34bd457a5,14,client_01,4,88,891.6651999988972,6.702100001348299,,0.16940000023168977,39.003200001388905,,106741,,,,,,,,,,
2026-10-04T09:46:57.912447+00:00,dcc7e62b545e47ca9450f0a34bd457a5,14,,4,350,,7.102000001395936,10.953900002277805,0.18569999883766286,0.8696000004420057,0.28139999994891696,,,5560.4222000001755,1.0552999992796686,50.92755400000897,estimated,"CodeCarbon software estimate (CPU/GPU/RAM), whole-machine Flower round scope",,,,
2026-10-04T09:47:03.908258+00:00,dcc7e62b545e47ca9450f0a34bd457a5,15,client_04,4,86,812.9169000003458,9.420700000191573,,0.17129999832832254,74.69630000014149,,106759,,,,,,,,,,
2026-10-04T09:47:03.909258+00:00,dcc7e62b545e47ca9450f0a34bd457a5,15,client_01,4,88,830.7817999993858,8.413499999733176,,0.18110000019078143,21.106399999553105,,106764,,,,,,,,,,
2026-10-04T09:47:03.920257+00:00,dcc7e62b545e47ca9450f0a34bd457a5,15,client_02,4,88,808.8816999988921,8.582599999499507,,0.6394000010914169,14.72730000023148,,106738,,,,,,,,,,
2026-10-04T09:47:03.928251+00:00,dcc7e62b545e47ca9450f0a34bd457a5,15,client_03,4,88,834.246999998868,7.798500000717468,,0.6212999996932922,24.85300000080315,,106776,,,,,,,,,,
2026-10-04T09:47:03.967239+00:00,dcc7e62b545e47ca9450f0a34bd457a5,15,,4,350,,12.775999999576015,9.576700000252458,0.16590000086580403,0.7643999979336513,0.28650000058405567,,,5527.52959999998,0.9302999987994554,50.81221300000834,estimated,"CodeCarbon software estimate (CPU/GPU/RAM), whole-machine Flower round scope",,,,
2026-10-04T09:47:10.010837+00:00,dcc7e62b545e47ca9450f0a34bd457a5,16,client_04,4,86,902.956500000073,7.061300000714255,,0.21470000137924217,33.47170000051847,,106760,,,,,,,,,,
2026-10-04T09:47:10.011904+00:00,dcc7e62b545e47ca9450f0a34bd457a5,16,client_02,4,88,899.6504999995523,10.229299999991781,,1.3491000008798437,11.573899999348214,,106773,,,,,,,,,,
2026-10-04T09:47:10.021900+00:00,dcc7e62b545e47ca9450f0a34bd457a5,16,client_03,4,88,958.3155000000261,5.56719999985944,,0.17350000052829273,29.925799999546143,,106762,,,,,,,,,,
2026-10-04T09:47:10.032897+00:00,dcc7e62b545e47ca9450f0a34bd457a5,16,client_01,4,88,907.2338000005402,38.97799999867857,,1.0286000015184982,10.706400000344729,,106758,,,,,,,,,,
2026-10-04T09:47:10.070174+00:00,dcc7e62b545e47ca9450f0a34bd457a5,16,,4,350,,5.499200000485871,10.89719999981753,0.7019000004220288,0.9535000026517082,0.29999999969732016,,,5578.799999999319,1.655400003073737,51.40974299998561,estimated,"CodeCarbon software estimate (CPU/GPU/RAM), whole-machine Flower round scope",,,,
2026-10-04T09:47:16.187187+00:00,dcc7e62b545e47ca9450f0a34bd457a5,17,client_03,4,88,868.4157999996387,5.593100000623963,,0.16930000128922984,29.88289999848348,,106770,,,,,,,,,,
2026-10-04T09:47:16.188186+00:00,dcc7e62b545e47ca9450f0a34bd457a5,17,client_01,4,88,810.5386000006547,5.659399999785819,,0.17420000040146988,43.361000000004424,,106776,,,,,,,,,,
2026-10-04T09:47:16.198184+00:00,dcc7e62b545e47ca9450f0a34bd457a5,17,client_02,4,88,866.8528999987757,5.483599999934086,,0.16879999930097256,14.685000000099535,,106755,,,,,,,,,,
2026-10-04T09:47:16.207180+00:00,dcc7e62b545e47ca9450f0a34bd457a5,17,client_04,4,86,817.1426999997493,7.2481000006519025,,0.19010000141861383,9.626299999581533,,106783,,,,,,,,,,
2026-10-04T09:47:16.248167+00:00,dcc7e62b545e47ca9450f0a34bd457a5,17,,4,350,,6.198299999596202,16.591499999776715,0.2099999983329326,0.9547999998176238,0.2961999998660758,,,5548.358599999119,1.1647999981505563,50.45252800000526,estimated,"CodeCarbon software estimate (CPU/GPU/RAM), whole-machine Flower round scope",,,,
2026-10-04T09:47:22.153922+00:00,dcc7e62b545e47ca9450f0a34bd457a5,18,client_04,4,86,829.1998999993666,8.817800000542775,,0.15580000035697594,30.783900001551956,,106816,,,,,,,,,,
2026-10-04T09:47:22.154922+00:00,dcc7e62b545e47ca9450f0a34bd457a5,18,client_02,4,88,795.9646999988763,6.12120000005234,,0.1984999998967396,9.889099999782047,,106818,,,,,,,,,,
2026-10-04T09:47:22.167035+00:00,dcc7e62b545e47ca9450f0a34bd457a5,18,client_01,4,88,799.1019999990385,8.769099998971797,,0.1954000017576618,44.640399999479996,,106827,,,,,,,,,,
2026-10-04T09:47:22.177033+00:00,dcc7e62b545e47ca9450f0a34bd457a5,18,client_03,4,88,830.4539000000659,6.110199999966426,,0.18740000086836517,32.12099999836937,,106825,,,,,,,,,,
2026-10-04T09:47:22.208196+00:00,dcc7e62b545e47ca9450f0a34bd457a5,18,,4,350,,5.709299999580253,9.859699999651639,0.1754000004439149,0.7630999989487464,0.28480000037234277,,,5437.010599998757,0.9384999993926613,49.963055000007444,estimated,"CodeCarbon software estimate (CPU/GPU/RAM), whole-machine Flower round scope",,,,
2026-10-04T09:47:28.136995+00:00,dcc7e62b545e47ca9450f0a34bd457a5,19,client_01,4,88,859.5760999996855,6.950300001335563,,0.1809999994293321,10.892999998759478,,106762,,,,,,,,,,
2026-10-04T09:47:28.137994+00:00,dcc7e62b545e47ca9450f0a34bd457a5,19,client_03,4,88,820.8799999993062,6.538800000271294,,0.18379999892204069,18.00790000015695,,106749,,,,,,,,,,
2026-10-04T09:47:28.150078+00:00,dcc7e62b545e47ca9450f0a34bd457a5,19,client_04,4,86,820.3837000000931,9.916599999996834,,0.4707000007329043,13.04849999905855,,106741,,,,,,,,,,
2026-10-04T09:47:28.158076+00:00,dcc7e62b545e47ca9450f0a34bd457a5,19,client_02,4,88,799.4417999998404,10.518099999899277,,0.7679000009375159,32.8776000005746,,106763,,,,,,,,,,
2026-10-04T09:47:28.192865+00:00,dcc7e62b545e47ca9450f0a34bd457a5,19,,4,350,,5.099800000607502,10.201499999311636,0.15319999874918722,0.9675000001152512,0.33259999872825574,,,5453.534299998864,1.1206999988644384,50.085244000001694,estimated,"CodeCarbon software estimate (CPU/GPU/RAM), whole-machine Flower round scope",,,,
2026-10-04T09:47:34.102173+00:00,dcc7e62b545e47ca9450f0a34bd457a5,20,client_01,4,88,813.3495000001858,7.9209000014088815,,0.4671000006055692,14.78040000074543,,106823,,,,,,,,,,
2026-10-04T09:47:34.103173+00:00,dcc7e62b545e47ca9450f0a34bd457a5,20,client_02,4,88,804.2832999999519,9.701500001028762,,0.8464000002277317,52.416800001083175,,106833,,,,,,,,,,
2026-10-04T09:47:34.114169+00:00,dcc7e62b545e47ca9450f0a34bd457a5,20,client_04,4,86,824.6075000006385,11.082500001066364,,0.6599000007554423,17.246699999304838,,106829,,,,,,,,,,
2026-10-04T09:47:34.125167+00:00,dcc7e62b545e47ca9450f0a34bd457a5,20,client_03,4,88,808.8064999992639,9.84950000020035,,0.5177000002731802,44.34369999944465,,106821,,,,,,,,,,
2026-10-04T09:47:34.156156+00:00,dcc7e62b545e47ca9450f0a34bd457a5,20,,4,350,,6.1165999995864695,9.26190000063798,0.1723000004858477,0.849000000016531,0.27749999935622327,,,5450.0315000004775,1.0213000005023787,49.972042999997946,estimated,"CodeCarbon software estimate (CPU/GPU/RAM), whole-machine Flower round scope",,,,
2026-10-04T09:47:48.153322+00:00,7d1dbee9038d453cae06fce8aa0ee000,1,client_04,4,86,8248.766700000488,5.8262999991711695,,0.19350000002305023,43.2280000004539,,106721,,,,,,,,,,
2026-10-04T09:47:48.154321+00:00,7d1dbee9038d453cae06fce8aa0ee000,1,client_03,4,88,6794.386999999915,13.260800000352901,,3.5236000003351364,15.84490000095684,,106703,,,,,,,,,,
2026-10-04T09:47:48.165320+00:00,7d1dbee9038d453cae06fce8aa0ee000,1,client_02,4,88,7014.864099999613,15.961999999490217,,4.841800000576768,11.3813999996637,,106702,,,,,,,,,,
2026-10-04T09:47:48.175317+00:00,7d1dbee9038d453cae06fce8aa0ee000,1,client_01,4,88,8269.189000000551,8.105599999908009,,0.19629999951575883,42.337099999713246,,106718,,,,,,,,,,
2026-10-04T09:47:48.219179+00:00,7d1dbee9038d453cae06fce8aa0ee000,1,,4,350,,5.544599998756894,10.987199999362929,0.18590000036056153,1.150699999925564,0.3120000001217704,,,12954.230299999836,1.3366000002861256,124.83374200000982,estimated,"CodeCarbon software estimate (CPU/GPU/RAM), whole-machine Flower round scope",,,,
2026-10-04T09:47:54.655248+00:00,7d1dbee9038d453cae06fce8aa0ee000,2,client_03,4,88,1173.8951000006637,11.430399999881047,,0.18880000061471947,36.34579999925336,,106717,,,,,,,,,,
2026-10-04T09:47:54.658247+00:00,7d1dbee9038d453cae06fce8aa0ee000,2,client_04,4,86,1173.7694000003103,8.533000000170432,,0.6170999986352399,12.993099999221158,,106733,,,,,,,,,,
2026-10-04T09:47:54.668244+00:00,7d1dbee9038d453cae06fce8aa0ee000,2,client_01,4,88,1139.4703999994817,9.388000000399188,,0.24110000049404334,11.522000000695698,,106750,,,,,,,,,,
2026-10-04T09:47:54.679241+00:00,7d1dbee9038d453cae06fce8aa0ee000,2,client_02,4,88,1163.8598999998067,11.418000000048778,,0.38250000034167897,38.79719999895315,,106742,,,,,,,,,,
2026-10-04T09:47:54.716229+00:00,7d1dbee9038d453cae06fce8aa0ee000,2,,4,350,,5.482000000483822,10.915400000158115,0.17469999875174835,0.8491999979014508,0.31940000008034986,,,5874.488499999643,1.0238999966531992,53.657208000004175,estimated,"CodeCarbon software estimate (CPU/GPU/RAM), whole-machine Flower round scope",,,,
2026-10-04T09:48:00.901490+00:00,7d1dbee9038d453cae06fce8aa0ee000,3,client_03,4,88,1024.961400000393,8.063399998718523,,0.302999998893938,9.863299999778974,,106739,,,,,,,,,,
2026-10-04T09:48:00.902489+00:00,7d1dbee9038d453cae06fce8aa0ee000,3,client_01,4,88,980.5742999997165,7.731900001090253,,0.23469999905501027,11.493500000142376,,106742,,,,,,,,,,
2026-10-04T09:48:00.913485+00:00,7d1dbee9038d453cae06fce8aa0ee000,3,client_04,4,86,996.7001999993954,6.261499998799991,,0.1902999993035337,14.707799999087001,,106731,,,,,,,,,,
2026-10-04T09:48:00.922908+00:00,7d1dbee9038d453cae06fce8aa0ee000,3,client_02,4,88,1010.5048000004899,7.908100000349805,,0.42410000060044695,38.32219999821973,,106762,,,,,,,,,,
2026-10-04T09:48:00.965460+00:00,7d1dbee9038d453cae06fce8aa0ee000,3,,4,350,,5.21889999981795,12.644599999475759,0.16259999938483816,1.46139999924344,0.5244000003585825,,,5664.577200001077,1.6239999986282783,52.001060000002326,estimated,"CodeCarbon software estimate (CPU/GPU/RAM), whole-machine Flower round scope",,,,
2026-10-04T09:48:06.919226+00:00,7d1dbee9038d453cae06fce8aa0ee000,4,client_02,4,88,866.4360999991914,8.336299999427865,,0.500300000567222,13.131100000464357,,106712,,,,,,,,,,
2026-10-04T09:48:06.920226+00:00,7d1dbee9038d453cae06fce8aa0ee000,4,client_04,4,86,860.5743000007351,5.881999999473919,,0.1573999998072395,60.606700000789715,,106751,,,,,,,,,,
2026-10-04T09:48:06.931222+00:00,7d1dbee9038d453cae06fce8aa0ee000,4,client_01,4,88,856.2521000003471,6.211500000063097,,0.3314000005048001,44.45029999988037,,106709,,,,,,,,,,
2026-10-04T09:48:06.941221+00:00,7d1dbee9038d453cae06fce8aa0ee000,4,client_03,4,88,872.7398999999423,6.574300001375377,,0.17969999862543773,50.505000001066946,,106731,,,,,,,,,,
2026-10-04T09:48:06.985205+00:00,7d1dbee9038d453cae06fce8aa0ee000,4,,4,350,,5.438099999082624,17.324700000244775,0.16730000061215833,0.937899998461944,0.28469999961089343,,,5481.728999999177,1.1051999990741024,50.55651200000285,estimated,"CodeCarbon software estimate (CPU/GPU/RAM), whole-machine Flower round scope",,,,
2026-10-04T09:48:13.237761+00:00,7d1dbee9038d453cae06fce8aa0ee000,5,client_01,4,88,1100.999199999933,7.818699999916134,,0.4504000007727882,50.684299998465576,,106740,,,,,,,,,,
2026-10-04T09:48:13.238761+00:00,7d1dbee9038d453cae06fce8aa0ee000,5,client_04,4,86,1143.8558000008925,6.218599999556318,,0.1757000009092735,41.35829999904672,,106752,,,,,,,,,,
2026-10-04T09:48:13.248879+00:00,7d1dbee9038d453cae06fce8aa0ee000,5,client_02,4,88,1058.8924000003317,10.967800000798889,,0.19740000061574392,9.389200000441633,,106748,,,,,,,,,,
2026-10-04T09:48:13.257874+00:00,7d1dbee9038d453cae06fce8aa0ee000,5,client_03,4,88,1112.1800000000803,10.367200000473531,,0.4150000004301546,37.46069999942847,,106735,,,,,,,,,,
2026-10-04T09:48:13.293151+00:00,7d1dbee9038d453cae06fce8aa0ee000,5,,4,350,,6.117499999163556,11.210200000277837,0.19810000048892107,0.8267000030173222,0.30169999990903307,,,5770.943999999872,1.0248000035062432,53.268454000008205,estimated,"CodeCarbon software estimate (CPU/GPU/RAM), whole-machine Flower round scope",,,,
2026-10-04T09:48:19.282933+00:00,7d1dbee9038d453cae06fce8aa0ee000,6,client_02,4,88,818.5795999997936,11.960400001044036,,0.19070000053034164,16.68720000088797,,106785,,,,,,,,,,
2026-10-04T09:48:19.283932+00:00,7d1dbee9038d453cae06fce8aa0ee000,6,client_04,4,86,861.4142999995238,5.664899999828776,,0.16390000018873252,49.64600000130304,,106769,,,,,,,,,,
2026-10-04T09:48:19.295022+00:00,7d1dbee9038d453cae06fce8aa0ee000,6,client_03,4,88,832.0409999996627,9.109599999646889,,0.28480000037234277,48.68969999915862,,106754,,,,,,,,,,
2026-10-04T09:48:19.304232+00:00,7d1dbee9038d453cae06fce8aa0ee000,6,client_01,4,88,890.046299999085,5.653499998516054,,0.16419999883510172,15.401700000438723,,106739,,,,,,,,,,
2026-10-04T09:48:19.347464+00:00,7d1dbee9038d453cae06fce8aa0ee000,6,,4,350,,5.22129999990284,10.987900001055095,0.14279999959398992,1.069100000677281,0.2867999992304249,,,5512.813999999707,1.211900000271271,50.62015200001042,estimated,"CodeCarbon software estimate (CPU/GPU/RAM), whole-machine Flower round scope",,,,
2026-10-04T09:48:25.357144+00:00,7d1dbee9038d453cae06fce8aa0ee000,7,client_02,4,88,810.2782000005391,12.409600001774379,,0.19529999917722307,14.146099998470163,,106781,,,,,,,,,,
2026-10-04T09:48:25.358142+00:00,7d1dbee9038d453cae06fce8aa0ee000,7,client_04,4,86,865.1915000009467,5.870599999980186,,0.6608999992749887,33.566699999937555,,106778,,,,,,,,,,
2026-10-04T09:48:25.368142+00:00,7d1dbee9038d453cae06fce8aa0ee000,7,client_01,4,88,837.0879999984027,6.96099999913713,,0.2798999994411133,17.772299999705865,,106767,,,,,,,,,,
2026-10-04T09:48:25.378136+00:00,7d1dbee9038d453cae06fce8aa0ee000,7,client_03,4,88,862.8205000004527,6.084099999497994,,0.3622999993240228,35.05570000015723,,106763,,,,,,,,,,
2026-10-04T09:48:25.411125+00:00,7d1dbee9038d453cae06fce8aa0ee000,7,,4,350,,5.165999999007909,10.009700001319288,0.1277999999729218,0.7585999992443249,0.2836999992723577,,,5515.744900001664,0.8863999992172467,50.588365999992675,estimated,"CodeCarbon software estimate (CPU/GPU/RAM), whole-machine Flower round scope",,,,
2026-10-04T09:48:31.444847+00:00,7d1dbee9038d453cae06fce8aa0ee000,8,client_04,4,86,901.2673999986873,12.284100001124898,,1.4205000006768387,47.69560000022466,,106789,,,,,,,,,,
2026-10-04T09:48:31.445847+00:00,7d1dbee9038d453cae06fce8aa0ee000,8,client_01,4,88,925.1008999999613,8.02560000010999,,0.19799999972747173,5.856900001163012,,106770,,,,,,,,,,
2026-10-04T09:48:31.456843+00:00,7d1dbee9038d453cae06fce8aa0ee000,8,client_02,4,88,900.5290000004607,15.285800000128802,,0.34530000084487256,42.71189999963099,,106758,,,,,,,,,,
2026-10-04T09:48:31.468970+00:00,7d1dbee9038d453cae06fce8aa0ee000,8,client_03,4,88,926.8313000011403,7.965500000864267,,0.2153999994334299,43.86569999951462,,106761,,,,,,,,,,
2026-10-04T09:48:31.509067+00:00,7d1dbee9038d453cae06fce8aa0ee000,8,,4,350,,6.224800001291442,11.005599999407423,0.29630000062752515,0.8135999996738974,0.3001000004587695,,,5571.238500000618,1.1099000003014226,51.37505400000009,estimated,"CodeCarbon software estimate (CPU/GPU/RAM), whole-machine Flower round scope",,,,
2026-10-04T09:48:37.806433+00:00,7d1dbee9038d453cae06fce8aa0ee000,9,client_02,4,88,1104.666500001258,25.630099999034428,,0.274800000624964,11.658299999908195,,106763,,,,,,,,,,
2026-10-04T09:48:37.807433+00:00,7d1dbee9038d453cae06fce8aa0ee000,9,client_03,4,88,1082.9880999990564,8.804099999906612,,0.17830000069807284,11.8676999991294,,106782,,,,,,,,,,
2026-10-04T09:48:37.817430+00:00,7d1dbee9038d453cae06fce8aa0ee000,9,client_01,4,88,1093.6789999996108,6.1789999999746215,,0.19190000057278667,36.88990000046033,,106799,,,,,,,,,,
2026-10-04T09:48:37.827429+00:00,7d1dbee9038d453cae06fce8aa0ee000,9,client_04,4,86,1050.0532999994903,5.608700001175748,,0.1868999988801079,10.637800000040443,,106782,,,,,,,,,,
2026-10-04T09:48:37.866414+00:00,7d1dbee9038d453cae06fce8aa0ee000,9,,4,350,,5.922799999098061,11.212700001124176,0.2015999998548068,0.8000999987416435,0.47369999992952216,,,5764.856700001474,1.0016999985964503,52.942696000009164,estimated,"CodeCarbon software estimate (CPU/GPU/RAM), whole-machine Flower round scope",,,,
2026-10-04T09:48:43.989103+00:00,7d1dbee9038d453cae06fce8aa0ee000,10,client_01,4,88,891.266499998892,8.646000000226195,,0.180200000613695,39.10899999937101,,106844,,,,,,,,,,
2026-10-04T09:48:43.990102+00:00,7d1dbee9038d453cae06fce8aa0ee000,10,client_02,4,88,861.9096999991598,8.847099999911734,,0.23259999943547882,38.802600000053644,,106815,,,,,,,,,,
2026-10-04T09:48:44.000879+00:00,7d1dbee9038d453cae06fce8aa0ee000,10,client_03,4,88,849.2766999988817,5.763600000136648,,0.3162000011798227,52.64849999912258,,106830,,,,,,,,,,
2026-10-04T09:48:44.008876+00:00,7d1dbee9038d453cae06fce8aa0ee000,10,client_04,4,86,859.732900000381,8.225699999456992,,0.2199000009568408,7.230799999888404,,106794,,,,,,,,,,
2026-10-04T09:48:44.046820+00:00,7d1dbee9038d453cae06fce8aa0ee000,10,,4,350,,8.008299999346491,10.749199998826953,0.19869999960064888,0.8890000008250354,0.29180000092310365,,,5544.178000000102,1.0877000004256843,50.59332799999538,estimated,"CodeCarbon software estimate (CPU/GPU/RAM), whole-machine Flower round scope",,,,
2026-10-04T09:48:50.032823+00:00,7d1dbee9038d453cae06fce8aa0ee000,11,client_04,4,86,816.3578999992751,6.198399998538662,,0.17419999858248048,42.08269999980985,,106797,,,,,,,,,,
2026-10-04T09:48:50.033823+00:00,7d1dbee9038d453cae06fce8aa0ee000,11,client_03,4,88,858.1271999992168,5.9664000000339,,0.15859999984968454,10.595799998554867,,106769,,,,,,,,,,
2026-10-04T09:48:50.043897+00:00,7d1dbee9038d453cae06fce8aa0ee000,11,client_02,4,88,821.8673000010313,10.307700000339537,,0.23039999905449804,12.353199999779463,,106788,,,,,,,,,,
2026-10-04T09:48:50.054205+00:00,7d1dbee9038d453cae06fce8aa0ee000,11,client_01,4,88,840.2234000004682,6.023200001436635,,0.18009999985224567,44.41760000008799,,106826,,,,,,,,,,
2026-10-04T09:48:50.086052+00:00,7d1dbee9038d453cae06fce8aa0ee000,11,,4,350,,5.595599999651313,11.10280000284547,0.17020000086631626,0.777600000219536,0.2810000005410984,,,5492.13570000029,0.9478000010858523,50.46184700000595,estimated,"CodeCarbon software estimate (CPU/GPU/RAM), whole-machine Flower round scope",,,,
2026-10-04T09:48:56.060244+00:00,7d1dbee9038d453cae06fce8aa0ee000,12,client_02,4,88,871.7164999998204,5.795900000521215,,0.1830000001064036,15.591999999742256,,106832,,,,,,,,,,
2026-10-04T09:48:56.061244+00:00,7d1dbee9038d453cae06fce8aa0ee000,12,client_01,4,88,879.2367999994894,8.18000000072061,,0.18669999917619862,44.66820000016014,,106799,,,,,,,,,,
2026-10-04T09:48:56.072240+00:00,7d1dbee9038d453cae06fce8aa0ee000,12,client_04,4,86,863.9785999985179,10.801800000990625,,0.40690000059839804,14.402899998458452,,106824,,,,,,,,,,
2026-10-04T09:48:56.086237+00:00,7d1dbee9038d453cae06fce8aa0ee000,12,client_03,4,88,856.4210000004095,6.98250000095868,,0.5944999993516831,40.99760000099195,,106798,,,,,,,,,,
2026-10-04T09:48:56.125223+00:00,7d1dbee9038d453cae06fce8aa0ee000,12,,4,350,,5.200600000534905,10.047199997643474,0.14879999980621506,1.0143999988940777,0.2918999998655636,,,5506.035000000338,1.1631999987002928,50.68247299999712,estimated,"CodeCarbon software estimate (CPU/GPU/RAM), whole-machine Flower round scope",,,,
2026-10-04T09:49:02.110879+00:00,7d1dbee9038d453cae06fce8aa0ee000,13,client_04,4,86,886.1230999991676,6.612700000914629,,0.17839999964053277,41.18410000046424,,106871,,,,,,,,,,
2026-10-04T09:49:02.111878+00:00,7d1dbee9038d453cae06fce8aa0ee000,13,client_01,4,88,891.1914999989676,7.249800000863615,,1.2170999998488696,14.189100000294275,,106889,,,,,,,,,,
2026-10-04T09:49:02.121014+00:00,7d1dbee9038d453cae06fce8aa0ee000,13,client_03,4,88,907.1005999994668,11.112300000604591,,0.8284999985335162,10.487800000191783,,106875,,,,,,,,,,
2026-10-04T09:49:02.137770+00:00,7d1dbee9038d453cae06fce8aa0ee000,13,client_02,4,88,915.0650999999925,5.851199999597156,,0.18119999913324136,10.047600000689272,,106848,,,,,,,,,,
2026-10-04T09:49:02.169976+00:00,7d1dbee9038d453cae06fce8aa0ee000,13,,4,350,,6.79149999996298,8.769699999902514,0.20729999960167333,0.7714000003034016,0.2722999997786246,,,5520.222299999659,0.978699999905075,50.753732999983185,estimated,"CodeCarbon software estimate (CPU/GPU/RAM), whole-machine Flower round scope",,,,
2026-10-04T09:49:08.159865+00:00,7d1dbee9038d453cae06fce8aa0ee000,14,client_02,4,88,900.6299000011495,6.324700001641759,,0.17490000027464703,17.184299998916686,,106827,,,,,,,,,,
2026-10-04T09:49:08.160864+00:00,7d1dbee9038d453cae06fce8aa0ee000,14,client_04,4,86,860.2277999998478,6.627900000239606,,0.15329999951063655,14.470300000539282,,106832,,,,,,,,,,
2026-10-04T09:49:08.170860+00:00,7d1dbee9038d453cae06fce8aa0ee000,14,client_01,4,88,867.8216999996948,5.875900000319234,,0.18280000040249433,12.116100000639562,,106841,,,,,,,,,,
2026-10-04T09:49:08.181856+00:00,7d1dbee9038d453cae06fce8aa0ee000,14,client_03,4,88,895.7249999984924,5.713000000469037,,0.16249999862338882,10.440900001412956,,106826,,,,,,,,,,
2026-10-04T09:49:08.220845+00:00,7d1dbee9038d453cae06fce8aa0ee000,14,,4,350,,5.81640000018524,10.722000000896514,0.16959999993559904,0.8543999992980389,0.28639999982260633,,,5513.588300000265,1.023999999233638,50.57138300000588,estimated,"CodeCarbon software estimate (CPU/GPU/RAM), whole-machine Flower round scope",,,,
2026-10-04T09:49:14.259820+00:00,7d1dbee9038d453cae06fce8aa0ee000,15,client_02,4,88,870.9832000004099,7.983199999216595,,0.5321999997249804,45.238499998959014,,106870,,,,,,,,,,
2026-10-04T09:49:14.260820+00:00,7d1dbee9038d453cae06fce8aa0ee000,15,client_04,4,86,890.6750000005559,12.918100001115818,,0.17579999985173345,12.252500000613509,,106842,,,,,,,,,,
2026-10-04T09:49:14.271001+00:00,7d1dbee9038d453cae06fce8aa0ee000,15,client_03,4,88,929.1237000015826,12.04890000008163,,0.17909999951370992,20.610100000340026,,106835,,,,,,,,,,
2026-10-04T09:49:14.279998+00:00,7d1dbee9038d453cae06fce8aa0ee000,15,client_01,4,88,878.3062999991671,11.2288999989687,,1.4085000002523884,18.089299999701325,,106885,,,,,,,,,,
2026-10-04T09:49:14.315623+00:00,7d1dbee9038d453cae06fce8aa0ee000,15,,4,350,,5.441799999971408,11.44620000195573,0.6642999996984145,0.994100000752951,0.29259999973874073,,,5565.6453000010515,1.6584000004513655,50.968013999990944,estimated,"CodeCarbon software estimate (CPU/GPU/RAM), whole-machine Flower round scope",,,,
2026-10-04T09:49:20.272764+00:00,7d1dbee9038d453cae06fce8aa0ee000,16,client_01,4,88,852.6392000003398,7.138099999792757,,0.18119999913324136,10.691900000892929,,106828,,,,,,,,,,
2026-10-04T09:49:20.273763+00:00,7d1dbee9038d453cae06fce8aa0ee000,16,client_02,4,88,879.2220000013913,7.6640000006591436,,0.17250000018975697,10.409000000436208,,106877,,,,,,,,,,
2026-10-04T09:49:20.283759+00:00,7d1dbee9038d453cae06fce8aa0ee000,16,client_04,4,86,842.3008000008849,9.9052000005031,,1.3034999992669327,8.395399998335051,,106871,,,,,,,,,,
2026-10-04T09:49:20.291890+00:00,7d1dbee9038d453cae06fce8aa0ee000,16,client_03,4,88,830.6002999997872,10.354699999879813,,0.6034999987605261,11.087300001236144,,106876,,,,,,,,,,
2026-10-04T09:49:20.328082+00:00,7d1dbee9038d453cae06fce8aa0ee000,16,,4,350,,5.186800000956282,10.773500000141212,0.1422000004822621,0.8403999981965171,0.29709999944316223,,,5479.522600000564,0.9825999986787792,50.29764299999442,estimated,"CodeCarbon software estimate (CPU/GPU/RAM), whole-machine Flower round scope",,,,
2026-10-04T09:49:26.849884+00:00,7d1dbee9038d453cae06fce8aa0ee000,17,client_02,4,88,1406.2522999993234,12.055400000463123,,0.6618000006710645,36.55660000003991,,106880,,,,,,,,,,
2026-10-04T09:49:26.849884+00:00,7d1dbee9038d453cae06fce8aa0ee000,17,client_04,4,86,1435.0451999998768,9.789699999600998,,0.40520000038668513,11.497100000269711,,106893,,,,,,,,,,
2026-10-04T09:49:26.864530+00:00,7d1dbee9038d453cae06fce8aa0ee000,17,client_03,4,88,1376.1632999994617,7.795800000167219,,0.1895000004878966,35.80590000092343,,106887,,,,,,,,,,
2026-10-04T09:49:26.874838+00:00,7d1dbee9038d453cae06fce8aa0ee000,17,client_01,4,88,1418.8907999996445,5.613499999526539,,0.19489999976940453,11.980900000708061,,106877,,,,,,,,,,
2026-10-04T09:49:26.929377+00:00,7d1dbee9038d453cae06fce8aa0ee000,17,,4,350,,7.041900000331225,11.03990000046906,0.2175999998144107,0.796899998022127,0.3161000004183734,,,6066.119200000685,1.0144999978365377,56.030233999990735,estimated,"CodeCarbon software estimate (CPU/GPU/RAM), whole-machine Flower round scope",,,,
2026-10-04T09:49:33.406438+00:00,7d1dbee9038d453cae06fce8aa0ee000,18,client_04,4,86,1217.6226999999926,5.685399999492802,,0.2069000001938548,4.297900000892696,,106867,,,,,,,,,,
2026-10-04T09:49:33.407438+00:00,7d1dbee9038d453cae06fce8aa0ee000,18,client_02,4,88,1136.946300001,11.444799998571398,,0.19689999862748664,21.902499998759595,,106841,,,,,,,,,,
2026-10-04T09:49:33.415436+00:00,7d1dbee9038d453cae06fce8aa0ee000,18,client_03,4,88,1165.9840000011172,6.395600001269486,,0.38499999936902896,21.594300000288058,,106830,,,,,,,,,,
2026-10-04T09:49:33.424801+00:00,7d1dbee9038d453cae06fce8aa0ee000,18,client_01,4,88,1147.4226999998791,7.1907999990799,,0.22370000078808516,12.18690000132483,,106844,,,,,,,,,,
2026-10-04T09:49:33.460268+00:00,7d1dbee9038d453cae06fce8aa0ee000,18,,4,350,,5.1134999994246755,11.213300002054893,0.16630000027362257,0.9064000005309936,0.28930000007676426,,,5902.545900000405,1.0727000008046161,53.756119000008766,estimated,"CodeCarbon software estimate (CPU/GPU/RAM), whole-machine Flower round scope",,,,
2026-10-04T09:49:39.818830+00:00,7d1dbee9038d453cae06fce8aa0ee000,19,client_02,4,88,858.8440999992599,7.14950000110548,,0.23299999884329736,12.386600001264014,,106831,,,,,,,,,,
2026-10-04T09:49:39.819831+00:00,7d1dbee9038d453cae06fce8aa0ee000,19,client_03,4,88,886.5217000002303,5.3924000003462425,,0.16849999883561395,46.82360000151675,,106808,,,,,,,,,,
2026-10-04T09:49:39.828826+00:00,7d1dbee9038d453cae06fce8aa0ee000,19,client_01,4,88,850.0296999991406,6.3319000000774395,,0.18359999921813142,42.01669999929436,,106806,,,,,,,,,,
2026-10-04T09:49:39.839824+00:00,7d1dbee9038d453cae06fce8aa0ee000,19,client_04,4,86,869.5187000012083,7.022499999948195,,0.6792999993194826,45.00689999986207,,106819,,,,,,,,,,
2026-10-04T09:49:39.872813+00:00,7d1dbee9038d453cae06fce8aa0ee000,19,,4,350,,5.145900000570691,9.460500001296168,0.14800000099057797,0.7537999990745448,0.2874000001611421,,,5564.779500000441,0.9018000000651227,50.78385500000877,estimated,"CodeCarbon software estimate (CPU/GPU/RAM), whole-machine Flower round scope",,,,
2026-10-04T09:49:45.904970+00:00,7d1dbee9038d453cae06fce8aa0ee000,20,client_04,4,86,929.9692999993567,12.586999999257387,,0.21840000044903718,14.175300000715652,,106796,,,,,,,,,,
2026-10-04T09:49:45.905970+00:00,7d1dbee9038d453cae06fce8aa0ee000,20,client_01,4,88,921.7606999991403,6.594599999516504,,0.17330000082438346,49.418799999330076,,106787,,,,,,,,,,
2026-10-04T09:49:45.916967+00:00,7d1dbee9038d453cae06fce8aa0ee000,20,client_02,4,88,865.4177000007621,8.32520000039949,,0.21969999943394214,17.898600000989973,,106812,,,,,,,,,,
2026-10-04T09:49:45.925964+00:00,7d1dbee9038d453cae06fce8aa0ee000,20,client_03,4,88,934.2968999990262,6.285200001002522,,0.16689999938535038,24.762400000327034,,106800,,,,,,,,,,
2026-10-04T09:49:45.958953+00:00,7d1dbee9038d453cae06fce8aa0ee000,20,,4,350,,6.87850000031176,10.083900002427981,0.3285999991931021,0.6630999996559694,0.28480000037234277,,,5577.0045000008395,0.9916999988490716,51.434921999989456,estimated,"CodeCarbon software estimate (CPU/GPU/RAM), whole-machine Flower round scope",,,,
2026-10-04T09:49:59.759842+00:00,c0cc43fefb60460ca0d065a2f260559f,1,client_03,4,88,7267.594199998712,5.4705999991711,,0.21430000015243422,13.363799998842296,,106687,,,,,,,,,,
2026-10-04T09:49:59.760841+00:00,c0cc43fefb60460ca0d065a2f260559f,1,client_01,4,88,7871.396399999867,9.664299999712966,,0.23489999875891954,9.606399999029236,,106660,,,,,,,,,,
2026-10-04T09:49:59.773839+00:00,c0cc43fefb60460ca0d065a2f260559f,1,client_04,4,86,7420.40470000029,5.555599998842808,,0.22780000108468812,12.201100000311271,,106655,,,,,,,,,,
2026-10-04T09:49:59.783851+00:00,c0cc43fefb60460ca0d065a2f260559f,1,client_02,4,88,7704.812399999355,6.777700000384357,,0.1756999990902841,41.34139999951003,,106696,,,,,,,,,,
2026-10-04T09:49:59.815840+00:00,c0cc43fefb60460ca0d065a2f260559f,1,,4,350,,6.1540999995486345,9.285199999794713,0.15829999938432593,0.9324000020569656,0.25719999939610716,,,12475.477899999532,1.0907000014412915,120.23377100000289,estimated,"CodeCarbon software estimate (CPU/GPU/RAM), whole-machine Flower round scope",,,,
2026-10-04T09:50:06.388921+00:00,c0cc43fefb60460ca0d065a2f260559f,2,client_02,4,88,1451.4003000003868,7.364400000369642,,0.18759999875328504,20.545299999866984,,106680,,,,,,,,,,
2026-10-04T09:50:06.389921+00:00,c0cc43fefb60460ca0d065a2f260559f,2,client_01,4,88,1454.3181999997614,8.701100001417217,,0.3648999991128221,9.31259999924805,,106701,,,,,,,,,,
2026-10-04T09:50:06.397033+00:00,c0cc43fefb60460ca0d065a2f260559f,2,client_03,4,88,1334.4790999999532,7.865300000048592,,0.18869999985327013,49.68220000046131,,106725,,,,,,,,,,
2026-10-04T09:50:06.406872+00:00,c0cc43fefb60460ca0d065a2f260559f,2,client_04,4,86,1353.591499999311,6.754699999873992,,0.19050000082643237,43.546999999307445,,106681,,,,,,,,,,
2026-10-04T09:50:06.442332+00:00,c0cc43fefb60460ca0d065a2f260559f,2,,4,350,,5.055300000094576,10.42570000026899,0.14290000035543926,0.8527000009053154,0.29629999880853575,,,6058.60980000034,0.9956000012607547,56.011985999994074,estimated,"CodeCarbon software estimate (CPU/GPU/RAM), whole-machine Flower round scope",,,,
2026-10-04T09:50:12.730681+00:00,c0cc43fefb60460ca0d065a2f260559f,3,client_01,4,88,1171.322300000611,6.12860000001092,,0.8894000002328539,21.311900000000605,,106706,,,,,,,,,,
2026-10-04T09:50:12.732680+00:00,c0cc43fefb60460ca0d065a2f260559f,3,client_02,4,88,1213.8207000007242,15.614599999025813,,0.21780000133730937,18.849300000510993,,106726,,,,,,,,,,
2026-10-04T09:50:12.743679+00:00,c0cc43fefb60460ca0d065a2f260559f,3,client_04,4,86,1100.0324000015098,5.897400000321795,,0.18430000091029797,4.28979999924195,,106717,,,,,,,,,,
2026-10-04T09:50:12.753674+00:00,c0cc43fefb60460ca0d065a2f260559f,3,client_03,4,88,1167.0352000001003,6.681599999865284,,0.20669999867095612,46.53709999911371,,106707,,,,,,,,,,
2026-10-04T09:50:12.793661+00:00,c0cc43fefb60460ca0d065a2f260559f,3,,4,350,,8.190799999283627,11.489000000437954,0.20570000015140977,0.7735000017419225,0.3257000007579336,,,5838.0368999987695,0.9792000018933322,54.05889700001354,estimated,"CodeCarbon software estimate (CPU/GPU/RAM), whole-machine Flower round scope",,,,
2026-10-04T09:50:19.132986+00:00,c0cc43fefb60460ca0d065a2f260559f,4,client_03,4,88,1212.7631999992445,5.987000000459375,,0.20079999922018033,11.593000001084874,,106714,,,,,,,,,,
2026-10-04T09:50:19.134986+00:00,c0cc43fefb60460ca0d065a2f260559f,4,client_02,4,88,1086.457999999766,7.467999999789754,,0.32079999982670415,13.455500000418397,,106689,,,,,,,,,,
2026-10-04T09:50:19.144982+00:00,c0cc43fefb60460ca0d065a2f260559f,4,client_04,4,86,1098.026600000594,10.019299999839859,,0.6796999987273011,14.21430000118562,,106698,,,,,,,,,,
2026-10-04T09:50:19.153980+00:00,c0cc43fefb60460ca0d065a2f260559f,4,client_01,4,88,1074.1424999996525,10.81020000128774,,0.2930999999080086,15.353599999798462,,106697,,,,,,,,,,
2026-10-04T09:50:19.190967+00:00,c0cc43fefb60460ca0d065a2f260559f,4,,4,350,,5.027100000006612,10.894199998801923,0.14350000128615648,0.740100000257371,0.2840999986801762,,,5847.2165999992285,0.8836000015435275,53.78594699999667,estimated,"CodeCarbon software estimate (CPU/GPU/RAM), whole-machine Flower round scope",,,,
2026-10-04T09:50:25.549035+00:00,c0cc43fefb60460ca0d065a2f260559f,5,client_03,4,88,1155.9102999999595,8.992000000944245,,0.58069999977306,14.64979999946081,,106800,,,,,,,,,,
2026-10-04T09:50:25.550034+00:00,c0cc43fefb60460ca0d065a2f260559f,5,client_02,4,88,1160.7730999985506,9.540699998979107,,0.340900000082911,9.658000000854372,,106794,,,,,,,,,,
2026-10-04T09:50:25.561030+00:00,c0cc43fefb60460ca0d065a2f260559f,5,client_04,4,86,1120.8378999999695,7.29719999981171,,0.32389999978477135,47.44099999879836,,106758,,,,,,,,,,
2026-10-04T09:50:25.570125+00:00,c0cc43fefb60460ca0d065a2f260559f,5,client_01,4,88,1182.9543000003468,8.582200000091689,,0.22600000011152588,46.276200000647805,,106782,,,,,,,,,,
2026-10-04T09:50:25.605207+00:00,c0cc43fefb60460ca0d065a2f260559f,5,,4,350,,6.14549999954761,10.341299999709008,0.18060000002151355,1.379400002406328,0.2727999999478925,,,5833.020399999441,1.5600000024278415,53.65736699999616,estimated,"CodeCarbon software estimate (CPU/GPU/RAM), whole-machine Flower round scope",,,,
2026-10-04T09:50:31.992694+00:00,c0cc43fefb60460ca0d065a2f260559f,6,client_04,4,86,1283.3062000008795,6.283200000325451,,0.4167000006418675,17.901299999721232,,106801,,,,,,,,,,
2026-10-04T09:50:31.993694+00:00,c0cc43fefb60460ca0d065a2f260559f,6,client_01,4,88,1293.7756000010268,9.009200000946294,,0.42750000102387276,12.5545000009879,,106783,,,,,,,,,,
2026-10-04T09:50:32.003690+00:00,c0cc43fefb60460ca0d065a2f260559f,6,client_03,4,88,1269.8923000007198,7.9984000003605615,,0.5641999996441882,33.370400000421796,,106773,,,,,,,,,,
2026-10-04T09:50:32.013687+00:00,c0cc43fefb60460ca0d065a2f260559f,6,client_02,4,88,1238.3016000003408,7.0654999999533175,,0.23920000057842117,20.627199999580625,,106796,,,,,,,,,,
2026-10-04T09:50:32.047676+00:00,c0cc43fefb60460ca0d065a2f260559f,6,,4,350,,6.8317999994178535,11.16359999832639,0.16700000014679972,1.2400000014167745,0.281300001006457,,,5927.278299999671,1.4070000015635742,54.757623999994394,estimated,"CodeCarbon software estimate (CPU/GPU/RAM), whole-machine Flower round scope",,,,
2026-10-04T09:50:38.791326+00:00,c0cc43fefb60460ca0d065a2f260559f,7,client_02,4,88,1608.81259999951,11.205099999642698,,0.21839999863004778,12.647800000195275,,106813,,,,,,,,,,
2026-10-04T09:50:38.792325+00:00,c0cc43fefb60460ca0d065a2f260559f,7,client_04,4,86,1579.3499999999767,5.5245000003196765,,0.34249999953317456,13.080500000796746,,106813,,,,,,,,,,
2026-10-04T09:50:38.801328+00:00,c0cc43fefb60460ca0d065a2f260559f,7,client_03,4,88,1636.1668999998074,8.168999998815707,,0.22030000036465935,35.75099999943632,,106837,,,,,,,,,,
2026-10-04T09:50:38.810326+00:00,c0cc43fefb60460ca0d065a2f260559f,7,client_01,4,88,1530.6462999997166,15.636799998901552,,0.23229999897012021,75.99560000016936,,106848,,,,,,,,,,
2026-10-04T09:50:38.846314+00:00,c0cc43fefb60460ca0d065a2f260559f,7,,4,350,,5.186700000194833,11.266299998169416,0.20089999998162966,0.8870999990904238,0.29410000024654437,,,6277.099599999929,1.0879999990720535,58.17383999999947,estimated,"CodeCarbon software estimate (CPU/GPU/RAM), whole-machine Flower round scope",,,,
2026-10-04T09:50:45.610852+00:00,c0cc43fefb60460ca0d065a2f260559f,8,client_03,4,88,1105.6649000001926,7.528799998908653,,0.18900000031862874,15.728400001535192,,106694,,,,,,,,,,
2026-10-04T09:50:45.612842+00:00,c0cc43fefb60460ca0d065a2f260559f,8,client_02,4,88,1208.9620999995532,5.350899999029934,,0.16339999820047524,14.856899999358575,,106734,,,,,,,,,,
2026-10-04T09:50:45.622839+00:00,c0cc43fefb60460ca0d065a2f260559f,8,client_04,4,86,1095.6272999992507,8.700000000317232,,0.3742000008060131,36.75229999862495,,106726,,,,,,,,,,
2026-10-04T09:50:45.633856+00:00,c0cc43fefb60460ca0d065a2f260559f,8,client_01,4,88,1106.4083999990544,10.987200001181918,,0.6495999987237155,7.269499999893014,,106701,,,,,,,,,,
2026-10-04T09:50:45.665904+00:00,c0cc43fefb60460ca0d065a2f260559f,8,,4,350,,5.521099999896251,9.32920000195736,0.15349999921454582,0.6095999979152111,0.6362999993143603,,,5994.06799999997,0.763099997129757,53.82033900001261,estimated,"CodeCarbon software estimate (CPU/GPU/RAM), whole-machine Flower round scope",,,,
2026-10-04T09:50:51.885391+00:00,c0cc43fefb60460ca0d065a2f260559f,9,client_02,4,88,1137.8990000011981,7.316200000786921,,0.17640000078245066,15.040799999042065,,106543,,,,,,,,,,
2026-10-04T09:50:51.885391+00:00,c0cc43fefb60460ca0d065a2f260559f,9,client_01,4,88,1115.7186000000365,7.305199998882017,,0.18900000031862874,34.40079999927548,,106559,,,,,,,,,,
2026-10-04T09:50:51.895389+00:00,c0cc43fefb60460ca0d065a2f260559f,9,client_04,4,86,1105.5042999996658,13.91180000064196,,0.7375999994110316,9.649499999795808,,106553,,,,,,,,,,
2026-10-04T09:50:51.903384+00:00,c0cc43fefb60460ca0d065a2f260559f,9,client_03,4,88,1086.0504000011133,10.953900000458816,,0.2708000010898104,12.87880000018049,,106531,,,,,,,,,,
2026-10-04T09:50:51.939371+00:00,c0cc43fefb60460ca0d065a2f260559f,9,,4,350,,5.24290000066685,10.939899999357294,0.1633000010770047,0.7621000004292,0.2882999997382285,,,5762.064000000464,0.9254000015062047,53.085812000008445,estimated,"CodeCarbon software estimate (CPU/GPU/RAM), whole-machine Flower round scope",,,,
2026-10-04T09:50:58.206759+00:00,c0cc43fefb60460ca0d065a2f260559f,10,client_03,4,88,1197.321199999351,5.988300001263269,,0.2055000004475005,22.749499999918044,,106460,,,,,,,,,,
2026-10-04T09:50:58.207753+00:00,c0cc43fefb60460ca0d065a2f260559f,10,client_04,4,86,1142.6628999997774,7.5711000008595875,,0.756800000090152,14.829699999609147,,106499,,,,,,,,,,
2026-10-04T09:50:58.218749+00:00,c0cc43fefb60460ca0d065a2f260559f,10,client_01,4,88,1146.496899998965,9.897599999021622,,0.778800000261981,7.674799999222159,,106487,,,,,,,,,,
2026-10-04T09:50:58.226284+00:00,c0cc43fefb60460ca0d065a2f260559f,10,client_02,4,88,1169.4127999999182,10.476600000401959,,0.4583000009006355,47.77579999972659,,106501,,,,,,,,,,
2026-10-04T09:50:58.264678+00:00,c0cc43fefb60460ca0d065a2f260559f,10,,4,350,,6.509500000902335,10.635700000420911,0.35150000076100696,0.8455999995931052,0.35349999961908907,,,5813.644199999544,1.1971000003541121,53.66012899999987,estimated,"CodeCarbon software estimate (CPU/GPU/RAM), whole-machine Flower round scope",,,,
2026-10-04T09:51:04.573761+00:00,c0cc43fefb60460ca0d065a2f260559f,11,client_04,4,86,1210.9717000003002,5.440599999928963,,0.1750999999785563,42.68229999979667,,106435,,,,,,,,,,
2026-10-04T09:51:04.575762+00:00,c0cc43fefb60460ca0d065a2f260559f,11,client_03,4,88,1187.079299999823,7.405599999401602,,0.35790000038105063,20.151400000031572,,106440,,,,,,,,,,
2026-10-04T09:51:04.585758+00:00,c0cc43fefb60460ca0d065a2f260559f,11,client_01,4,88,1189.524800000072,7.613299998411094,,0.19409999913477805,18.12910000080592,,106452,,,,,,,,,,
2026-10-04T09:51:04.596620+00:00,c0cc43fefb60460ca0d065a2f260559f,11,client_02,4,88,1154.1846000000078,7.343700001001707,,0.18030000137514435,47.37530000056722,,106435,,,,,,,,,,
2026-10-04T09:51:04.627254+00:00,c0cc43fefb60460ca0d065a2f260559f,11,,4,350,,6.635800000367453,8.608299998741131,0.17769999976735562,0.6139999968581833,0.26529999922786374,,,5850.641200000609,0.7916999966255389,54.09966200000781,estimated,"CodeCarbon software estimate (CPU/GPU/RAM), whole-machine Flower round scope",,,,
2026-10-04T09:51:10.914407+00:00,c0cc43fefb60460ca0d065a2f260559f,12,client_03,4,88,1113.1900000000314,9.263199999622884,,1.2797999988833908,11.864199999763514,,106332,,,,,,,,,,
2026-10-04T09:51:10.915407+00:00,c0cc43fefb60460ca0d065a2f260559f,12,client_02,4,88,1209.0776000004553,8.172299998477683,,0.194500000361586,42.07879999921715,,106359,,,,,,,,,,
2026-10-04T09:51:10.925403+00:00,c0cc43fefb60460ca0d065a2f260559f,12,client_01,4,88,1154.3163000005734,7.789600000251085,,0.31800000033399556,22.58319999964442,,106349,,,,,,,,,,
2026-10-04T09:51:10.933400+00:00,c0cc43fefb60460ca0d065a2f260559f,12,client_04,4,86,1133.3513999998104,8.28699999874516,,0.3054999997402774,48.93830000037269,,106354,,,,,,,,,,
2026-10-04T09:51:10.969324+00:00,c0cc43fefb60460ca0d065a2f260559f,12,,4,350,,5.048299999543815,10.78379999853496,0.1322999996773433,0.6844999988970812,0.2855000002455199,,,5825.967700000547,0.8167999985744245,53.87072200001057,estimated,"CodeCarbon software estimate (CPU/GPU/RAM), whole-machine Flower round scope",,,,
2026-10-04T09:51:17.209604+00:00,c0cc43fefb60460ca0d065a2f260559f,13,client_03,4,88,1173.059299999295,5.8988000000681495,,0.17250000018975697,36.3764000012452,,106356,,,,,,,,,,
2026-10-04T09:51:17.210604+00:00,c0cc43fefb60460ca0d065a2f260559f,13,client_04,4,86,1142.382699999871,9.012999998958549,,0.5948999987595016,40.8993000000919,,106338,,,,,,,,,,
2026-10-04T09:51:17.220695+00:00,c0cc43fefb60460ca0d065a2f260559f,13,client_01,4,88,1133.085299999948,9.487199999057339,,0.9601999990991317,38.72820000106003,,106352,,,,,,,,,,
2026-10-04T09:51:17.229691+00:00,c0cc43fefb60460ca0d065a2f260559f,13,client_02,4,88,1114.550500000405,8.875899999111425,,0.22300000091490801,7.8924000008555595,,106333,,,,,,,,,,
2026-10-04T09:51:17.266649+00:00,c0cc43fefb60460ca0d065a2f260559f,13,,4,350,,6.700799998725415,12.66859999850567,0.17670000124780927,0.8916000024328241,0.30669999978272244,,,5785.768199999438,1.0683000036806334,53.52652200001103,estimated,"CodeCarbon software estimate (CPU/GPU/RAM), whole-machine Flower round scope",,,,
2026-10-04T09:51:23.776066+00:00,c0cc43fefb60460ca0d065a2f260559f,14,client_02,4,88,1146.4221999995061,5.6643000007170485,,0.25920000007317867,11.522200000399607,,106283,,,,,,,,,,
2026-10-04T09:51:23.779068+00:00,c0cc43fefb60460ca0d065a2f260559f,14,client_01,4,88,1233.6216000003333,7.198200000857469,,0.17669999942881986,42.06580000027316,,106261,,,,,,,,,,
2026-10-04T09:51:23.788062+00:00,c0cc43fefb60460ca0d065a2f260559f,14,client_04,4,86,1139.7617000002356,7.337000000916305,,1.1708999991242308,45.97999999896274,,106238,,,,,,,,,,
2026-10-04T09:51:23.798059+00:00,c0cc43fefb60460ca0d065a2f260559f,14,client_03,4,88,1239.9685000000318,5.97860000016226,,0.1556999995955266,28.631500001210952,,106243,,,,,,,,,,
2026-10-04T09:51:23.830048+00:00,c0cc43fefb60460ca0d065a2f260559f,14,,4,350,,5.279900000459747,8.98339999912423,0.2330999996047467,0.6090999977459433,0.5113999995955965,,,6049.493799999254,0.84219999735069,54.430756000001566,estimated,"CodeCarbon software estimate (CPU/GPU/RAM), whole-machine Flower round scope",,,,
2026-10-04T09:51:30.104581+00:00,c0cc43fefb60460ca0d065a2f260559f,15,client_03,4,88,1177.3377999998047,6.756200000381796,,0.18319999981031287,11.227200000575976,,106345,,,,,,,,,,
2026-10-04T09:51:30.105581+00:00,c0cc43fefb60460ca0d065a2f260559f,15,client_01,4,88,1109.2083000003186,7.598200001666555,,0.1852000004873844,41.63990000051854,,106337,,,,,,,,,,
2026-10-04T09:51:30.118579+00:00,c0cc43fefb60460ca0d065a2f260559f,15,client_04,4,86,1222.621299999446,8.595499999501044,,0.5973000006633811,32.521200000701356,,106340,,,,,,,,,,
2026-10-04T09:51:30.129573+00:00,c0cc43fefb60460ca0d065a2f260559f,15,client_02,4,88,1211.2894999991113,6.487700000434415,,0.20190000032016542,34.793300001183525,,106352,,,,,,,,,,
2026-10-04T09:51:30.160563+00:00,c0cc43fefb60460ca0d065a2f260559f,15,,4,350,,5.8519999984127935,10.286900000210153,0.16619999951217324,0.6927000013092766,0.29240000003483146,,,5823.486400000547,0.8589000008214498,54.03406700001142,estimated,"CodeCarbon software estimate (CPU/GPU/RAM), whole-machine Flower round scope",,,,
2026-10-04T09:51:37.399718+00:00,c0cc43fefb60460ca0d065a2f260559f,16,client_04,4,86,1204.1437000007136,13.7111999993067,,0.854300000355579,6.980399999520159,,106336,,,,,,,,,,
2026-10-04T09:51:37.400718+00:00,c0cc43fefb60460ca0d065a2f260559f,16,client_03,4,88,1193.3396000003995,6.5699999995558755,,4.465099998924416,14.645999999629566,,106350,,,,,,,,,,
2026-10-04T09:51:37.410715+00:00,c0cc43fefb60460ca0d065a2f260559f,16,client_01,4,88,1211.3921999989543,7.279999999809661,,0.2777999998215819,18.771099999867147,,106327,,,,,,,,,,
2026-10-04T09:51:37.418806+00:00,c0cc43fefb60460ca0d065a2f260559f,16,client_02,4,88,1201.791499999672,6.508899999971618,,1.2956999999005347,16.00709999911487,,106311,,,,,,,,,,
2026-10-04T09:51:37.447726+00:00,c0cc43fefb60460ca0d065a2f260559f,16,,4,350,,5.271399999401183,9.616900000764872,0.16630000027362257,0.7201999997050734,0.2798999994411133,,,5813.523599999826,0.886499999978696,53.77440300000672,estimated,"CodeCarbon software estimate (CPU/GPU/RAM), whole-machine Flower round scope",,,,
2026-10-04T09:51:43.878555+00:00,c0cc43fefb60460ca0d065a2f260559f,17,client_03,4,88,1152.146199998242,6.8685000005643815,,0.1868999988801079,15.137600001253304,,106430,,,,,,,,,,
2026-10-04T09:51:43.879554+00:00,c0cc43fefb60460ca0d065a2f260559f,17,client_02,4,88,1234.401900001103,9.12640000024112,,0.20310000036261044,45.55939999954717,,106387,,,,,,,,,,
2026-10-04T09:51:43.889551+00:00,c0cc43fefb60460ca0d065a2f260559f,17,client_01,4,88,1311.4365000001271,5.5155000009108335,,0.719300000127987,47.75569999947038,,106418,,,,,,,,,,
2026-10-04T09:51:43.897548+00:00,c0cc43fefb60460ca0d065a2f260559f,17,client_04,4,86,1105.382699999609,10.572699999102042,,0.2395999999862397,45.31160000078671,,106415,,,,,,,,,,
2026-10-04T09:51:43.931551+00:00,c0cc43fefb60460ca0d065a2f260559f,17,,4,350,,4.987799999071285,10.014899997258908,0.1449999999749707,0.8513999964634422,0.30280000100901816,,,5953.531799999837,0.9963999964384129,54.836405999994895,estimated,"CodeCarbon software estimate (CPU/GPU/RAM), whole-machine Flower round scope",,,,
2026-10-04T09:51:50.304884+00:00,c0cc43fefb60460ca0d065a2f260559f,18,client_01,4,88,1264.6645000004355,9.152000000540284,,0.20249999943189323,32.644500000969856,,106506,,,,,,,,,,
2026-10-04T09:51:50.305882+00:00,c0cc43fefb60460ca0d065a2f260559f,18,client_02,4,88,1230.2708999995957,8.46079999973881,,0.5638999991788296,13.584199999968405,,106532,,,,,,,,,,
2026-10-04T09:51:50.317878+00:00,c0cc43fefb60460ca0d065a2f260559f,18,client_03,4,88,1246.1595999993733,8.072700000411714,,0.26190000062342733,41.476099999272265,,106506,,,,,,,,,,
2026-10-04T09:51:50.326875+00:00,c0cc43fefb60460ca0d065a2f260559f,18,client_04,4,86,1282.1247000010771,5.46540000141249,,2.1814000010635937,34.90079999937734,,106530,,,,,,,,,,
2026-10-04T09:51:50.363862+00:00,c0cc43fefb60460ca0d065a2f260559f,18,,4,350,,6.163199999718927,11.474699998871074,0.18480000107956585,1.2259000013727928,0.2958000004582573,,,5925.043299999743,1.4107000024523586,54.74732900000163,estimated,"CodeCarbon software estimate (CPU/GPU/RAM), whole-machine Flower round scope",,,,
2026-10-04T09:51:57.140900+00:00,c0cc43fefb60460ca0d065a2f260559f,19,client_04,4,86,1635.2274000000762,9.003999999549706,,0.3719000014825724,40.771699999822886,,106556,,,,,,,,,,
2026-10-04T09:51:57.141944+00:00,c0cc43fefb60460ca0d065a2f260559f,19,client_02,4,88,1471.118800000113,5.404899999120971,,0.1796000015019672,30.905399999028305,,106587,,,,,,,,,,
2026-10-04T09:51:57.157722+00:00,c0cc43fefb60460ca0d065a2f260559f,19,client_03,4,88,1579.942000000301,9.292599999753293,,0.20140000015089754,8.531500001481618,,106573,,,,,,,,,,
2026-10-04T09:51:57.166822+00:00,c0cc43fefb60460ca0d065a2f260559f,19,client_01,4,88,1671.9455999991624,5.934200000410783,,0.1909000002342509,36.56629999932193,,106565,,,,,,,,,,
2026-10-04T09:51:57.207809+00:00,c0cc43fefb60460ca0d065a2f260559f,19,,4,350,,8.766000000832719,10.523900002226583,0.1807000007829629,1.8196000000898493,0.30470000092464034,,,6302.0063999993,2.0003000008728122,58.63834300000236,estimated,"CodeCarbon software estimate (CPU/GPU/RAM), whole-machine Flower round scope",,,,
2026-10-04T09:52:03.829641+00:00,c0cc43fefb60460ca0d065a2f260559f,20,client_02,4,88,1248.0333000003156,5.628299999443698,,0.19559999964258168,58.94119999902614,,106614,,,,,,,,,,
2026-10-04T09:52:03.830640+00:00,c0cc43fefb60460ca0d065a2f260559f,20,client_01,4,88,1287.5424999983807,6.997700000283658,,0.20760000006703194,7.968599999003345,,106654,,,,,,,,,,
2026-10-04T09:52:03.839638+00:00,c0cc43fefb60460ca0d065a2f260559f,20,client_03,4,88,1377.669399998922,6.6263000007893424,,0.19699999938893598,46.438199999101926,,106632,,,,,,,,,,
2026-10-04T09:52:03.848638+00:00,c0cc43fefb60460ca0d065a2f260559f,20,client_04,4,86,1249.5154999996885,7.6722000012523495,,0.24169999960577115,38.71100000105798,,106645,,,,,,,,,,
2026-10-04T09:52:03.880625+00:00,c0cc43fefb60460ca0d065a2f260559f,20,,4,350,,5.341699999917182,9.458299999096198,0.20150000091234688,0.6605000016861595,0.3125000002910383,,,6028.317500000412,0.8620000025985064,55.593981999991236,estimated,"CodeCarbon software estimate (CPU/GPU/RAM), whole-machine Flower round scope",,,,
2026-10-04T09:52:17.148692+00:00,d685166a1f4548b0a829c3ef3f26484a,1,client_02,4,88,7584.207800000513,5.267399999866029,,0.17899999875226058,47.47500000121363,,106719,,,,,,,,,,
2026-10-04T09:52:17.149708+00:00,d685166a1f4548b0a829c3ef3f26484a,1,client_01,4,88,7096.7298000014125,5.390099999203812,,0.17040000057022553,39.62680000040564,,106731,,,,,,,,,,
2026-10-04T09:52:17.157700+00:00,d685166a1f4548b0a829c3ef3f26484a,1,client_04,4,86,6435.677500001475,18.13429999856453,,2.297899998666253,12.509000000136439,,106707,,,,,,,,,,
2026-10-04T09:52:17.170844+00:00,d685166a1f4548b0a829c3ef3f26484a,1,client_03,4,88,7390.499900000577,6.2592000012955396,,0.1740000006975606,39.056699999491684,,106742,,,,,,,,,,
2026-10-04T09:52:17.204403+00:00,d685166a1f4548b0a829c3ef3f26484a,1,,4,350,,5.148099999132683,10.525399997277418,0.13030000081926119,0.7642000018677209,0.26330000036978163,,,12213.032300000123,0.894500002686982,117.47966299999463,estimated,"CodeCarbon software estimate (CPU/GPU/RAM), whole-machine Flower round scope",,,,
2026-10-04T09:52:23.372106+00:00,d685166a1f4548b0a829c3ef3f26484a,2,client_01,4,88,946.4849999985745,9.072599999853992,,1.0671000000002095,15.923599999950966,,106695,,,,,,,,,,
2026-10-04T09:52:23.374110+00:00,d685166a1f4548b0a829c3ef3f26484a,2,client_04,4,86,945.4737000014575,7.185500000559841,,0.7134000006772112,12.213800000608899,,106679,,,,,,,,,,
2026-10-04T09:52:23.383102+00:00,d685166a1f4548b0a829c3ef3f26484a,2,client_03,4,88,1039.044199998898,5.465199999889592,,0.1702999998087762,14.06700000006822,,106683,,,,,,,,,,
2026-10-04T09:52:23.393100+00:00,d685166a1f4548b0a829c3ef3f26484a,2,client_02,4,88,918.8913999987562,7.400200000120094,,2.3581000004924135,33.37199999987206,,106688,,,,,,,,,,
2026-10-04T09:52:23.424102+00:00,d685166a1f4548b0a829c3ef3f26484a,2,,4,350,,6.405599999197875,8.403799998632167,0.1658000001043547,0.6140999976196326,0.25520000053802505,,,5664.207499999975,0.7798999977239873,52.135240000006895,estimated,"CodeCarbon software estimate (CPU/GPU/RAM), whole-machine Flower round scope",,,,
2026-10-04T09:52:29.891159+00:00,d685166a1f4548b0a829c3ef3f26484a,3,client_01,4,88,944.7939000001497,5.7292000001325505,,0.19629999951575883,77.06440000038128,,106753,,,,,,,,,,
2026-10-04T09:52:29.892158+00:00,d685166a1f4548b0a829c3ef3f26484a,3,client_03,4,88,964.1396999995777,11.72229999974661,,0.3555000002961606,23.634900000615744,,106777,,,,,,,,,,
2026-10-04T09:52:29.903834+00:00,d685166a1f4548b0a829c3ef3f26484a,3,client_02,4,88,1007.4239000005036,5.452000001241686,,0.16680000044289045,79.61600000089675,,106749,,,,,,,,,,
2026-10-04T09:52:29.913830+00:00,d685166a1f4548b0a829c3ef3f26484a,3,client_04,4,86,1018.152700000428,11.563599999135477,,0.20279999989725184,13.700699999390054,,106774,,,,,,,,,,
2026-10-04T09:52:29.946025+00:00,d685166a1f4548b0a829c3ef3f26484a,3,,4,350,,6.039900001269416,8.599699998740107,0.16660000073898118,0.6035000005795155,0.6193000008352101,,,5676.318499999979,0.7701000013184967,52.28653799998938,estimated,"CodeCarbon software estimate (CPU/GPU/RAM), whole-machine Flower round scope",,,,
2026-10-04T09:52:36.124922+00:00,d685166a1f4548b0a829c3ef3f26484a,4,client_02,4,88,1000.7277000004251,7.259199999680277,,3.425299999435083,16.836499999044463,,106839,,,,,,,,,,
2026-10-04T09:52:36.125922+00:00,d685166a1f4548b0a829c3ef3f26484a,4,client_03,4,88,1050.6397999997716,5.509599999641068,,0.2882000007957686,16.267300001345575,,106814,,,,,,,,,,
2026-10-04T09:52:36.134919+00:00,d685166a1f4548b0a829c3ef3f26484a,4,client_04,4,86,1001.0370999989391,8.805800000118325,,0.24289999964821618,17.914699999892036,,106812,,,,,,,,,,
2026-10-04T09:52:36.143024+00:00,d685166a1f4548b0a829c3ef3f26484a,4,client_01,4,88,1034.6890000000712,6.320299999060808,,2.156799999283976,20.45630000066012,,106835,,,,,,,,,,
2026-10-04T09:52:36.177600+00:00,d685166a1f4548b0a829c3ef3f26484a,4,,4,350,,5.6346000001212815,10.124000000359956,0.1654999996389961,0.6046000016795006,0.3207000008842442,,,5703.9383000010275,0.7701000013184967,52.179399999986344,estimated,"CodeCarbon software estimate (CPU/GPU/RAM), whole-machine Flower round scope",,,,
2026-10-04T09:52:42.378875+00:00,d685166a1f4548b0a829c3ef3f26484a,5,client_01,4,88,1037.7974999992148,6.672599998637452,,0.3969999997934792,12.446399998225388,,106696,,,,,,,,,,
2026-10-04T09:52:42.379869+00:00,d685166a1f4548b0a829c3ef3f26484a,5,client_03,4,88,1031.9486999997025,6.458800000473275,,0.9188000003632624,12.640799999644514,,106713,,,,,,,,,,
2026-10-04T09:52:42.388868+00:00,d685166a1f4548b0a829c3ef3f26484a,5,client_04,4,86,1114.607600000454,6.364399998346926,,0.26340000113123097,34.96610000001965,,106704,,,,,,,,,,
2026-10-04T09:52:42.399863+00:00,d685166a1f4548b0a829c3ef3f26484a,5,client_02,4,88,1014.7578999985853,7.489200001145946,,0.17920000027515925,39.373699999487144,,106716,,,,,,,,,,
2026-10-04T09:52:42.433851+00:00,d685166a1f4548b0a829c3ef3f26484a,5,,4,350,,5.050100000516977,9.94380000156525,0.1381999991281191,0.8775999976933235,0.29549999999289867,,,5745.52070000027,1.0157999968214426,52.947936999989906,estimated,"CodeCarbon software estimate (CPU/GPU/RAM), whole-machine Flower round scope",,,,
2026-10-04T09:52:48.758569+00:00,d685166a1f4548b0a829c3ef3f26484a,6,client_03,4,88,1040.6335000006948,6.33899999957066,,0.22419999913836364,40.14839999945252,,106832,,,,,,,,,,
2026-10-04T09:52:48.759568+00:00,d685166a1f4548b0a829c3ef3f26484a,6,client_01,4,88,1019.989300000816,5.6435000005876645,,0.18910000108007807,5.924999999479041,,106832,,,,,,,,,,
2026-10-04T09:52:48.771565+00:00,d685166a1f4548b0a829c3ef3f26484a,6,client_02,4,88,1045.8349999989878,8.486500000799424,,0.19160000010742806,35.3266000001895,,106824,,,,,,,,,,
2026-10-04T09:52:48.781562+00:00,d685166a1f4548b0a829c3ef3f26484a,6,client_04,4,86,1052.450499999395,9.02959999984887,,0.17430000116291922,36.542799998642295,,106808,,,,,,,,,,
2026-10-04T09:52:48.813936+00:00,d685166a1f4548b0a829c3ef3f26484a,6,,4,350,,6.462699999246979,9.199400001307367,0.1733999997668434,0.6927000013092766,0.2827000007528113,,,5862.017199999173,0.86610000107612,52.2740039999917,estimated,"CodeCarbon software estimate (CPU/GPU/RAM), whole-machine Flower round scope",,,,
2026-10-04T09:52:54.916418+00:00,d685166a1f4548b0a829c3ef3f26484a,7,client_03,4,88,969.1118999999162,8.934399998906883,,0.1987999985431088,11.587400000280468,,106832,,,,,,,,,,
2026-10-04T09:52:54.917418+00:00,d685166a1f4548b0a829c3ef3f26484a,7,client_02,4,88,987.7812000013364,7.771000000502681,,0.227999998969608,47.53139999957057,,106829,,,,,,,,,,
2026-10-04T09:52:54.927414+00:00,d685166a1f4548b0a829c3ef3f26484a,7,client_04,4,86,993.3770999996341,5.804000000352971,,0.19380000048840884,38.11829999904148,,106825,,,,,,,,,,
2026-10-04T09:52:54.935411+00:00,d685166a1f4548b0a829c3ef3f26484a,7,client_01,4,88,987.9307000010158,6.861899999421439,,0.3969000008510193,42.00420000051963,,106814,,,,,,,,,,
2026-10-04T09:52:54.969400+00:00,d685166a1f4548b0a829c3ef3f26484a,7,,4,350,,5.170600001292769,9.131600001637707,0.13750000107393134,1.2567000012495555,0.28449999990698416,,,5627.220799999122,1.3942000023234868,51.88248100001147,estimated,"CodeCarbon software estimate (CPU/GPU/RAM), whole-machine Flower round scope",,,,
2026-10-04T09:53:01.104383+00:00,d685166a1f4548b0a829c3ef3f26484a,8,client_01,4,88,945.0209999995423,7.653599999684957,,0.5919999985053437,60.41849999928672,,106819,,,,,,,,,,
2026-10-04T09:53:01.105382+00:00,d685166a1f4548b0a829c3ef3f26484a,8,client_04,4,86,940.6548999995721,10.31919999877573,,1.153600000179722,66.12739999945916,,106800,,,,,,,,,,
2026-10-04T09:53:01.115376+00:00,d685166a1f4548b0a829c3ef3f26484a,8,client_03,4,88,1035.2707000001828,5.249199999525445,,0.17469999875174835,24.743299998590373,,106804,,,,,,,,,,
2026-10-04T09:53:01.123540+00:00,d685166a1f4548b0a829c3ef3f26484a,8,client_02,4,88,974.9990999989677,10.213600000497536,,0.5756999998993706,19.32940000006056,,106836,,,,,,,,,,
2026-10-04T09:53:01.156006+00:00,d685166a1f4548b0a829c3ef3f26484a,8,,4,350,,5.188200000702636,9.11870000163617,0.15189999976428226,0.7126000000425847,0.2734000008786097,,,5673.8758999999845,0.864499999806867,52.2567109999909,estimated,"CodeCarbon software estimate (CPU/GPU/RAM), whole-machine Flower round scope",,,,
2026-10-04T09:53:07.266711+00:00,d685166a1f4548b0a829c3ef3f26484a,9,client_02,4,88,1003.9106999993237,6.900000000314321,,0.16739999955461826,44.933500001206994,,106845,,,,,,,,,,
2026-10-04T09:53:07.267711+00:00,d685166a1f4548b0a829c3ef3f26484a,9,client_03,4,88,981.2029999993683,8.23839999975462,,0.17560000014782418,22.56180000040331,,106875,,,,,,,,,,
2026-10-04T09:53:07.276792+00:00,d685166a1f4548b0a829c3ef3f26484a,9,client_04,4,86,938.8935999995738,12.942200000907178,,0.19109999993816018,17.09819999996398,,106857,,,,,,,,,,
2026-10-04T09:53:07.284790+00:00,d685166a1f4548b0a829c3ef3f26484a,9,client_01,4,88,960.6707000002643,6.440000001020962,,0.2500000009604264,50.71459999999206,,106843,,,,,,,,,,
2026-10-04T09:53:07.319898+00:00,d685166a1f4548b0a829c3ef3f26484a,9,,4,350,,5.414900000687339,10.884299999815994,0.7606999988638563,1.034900002196082,0.2967000000353437,,,5639.031400000022,1.7956000010599382,52.03766700000415,estimated,"CodeCarbon software estimate (CPU/GPU/RAM), whole-machine Flower round scope",,,,
2026-10-04T09:53:13.371538+00:00,d685166a1f4548b0a829c3ef3f26484a,10,client_02,4,88,975.7012000009126,6.4146000004257075,,0.16829999913170468,52.801399999225396,,106832,,,,,,,,,,
2026-10-04T09:53:13.372538+00:00,d685166a1f4548b0a829c3ef3f26484a,10,client_03,4,88,935.1055999995879,16.114800000650575,,4.567299998598173,14.564899998731562,,106820,,,,,,,,,,
2026-10-04T09:53:13.382535+00:00,d685166a1f4548b0a829c3ef3f26484a,10,client_01,4,88,940.8299999995506,23.72529999956896,,1.1802999997598818,16.23240000117221,,106842,,,,,,,,,,
2026-10-04T09:53:13.391532+00:00,d685166a1f4548b0a829c3ef3f26484a,10,client_04,4,86,986.6500000007363,7.860600000640261,,0.16700000014679972,64.81100000019069,,106807,,,,,,,,,,
2026-10-04T09:53:13.426934+00:00,d685166a1f4548b0a829c3ef3f26484a,10,,4,350,,5.1526000006560935,9.868899996945402,0.1391000005241949,0.6862999998702435,0.2950000016426202,,,5581.6790999997465,0.8254000003944384,51.65831399999661,estimated,"CodeCarbon software estimate (CPU/GPU/RAM), whole-machine Flower round scope",,,,
2026-10-04T09:53:19.629260+00:00,d685166a1f4548b0a829c3ef3f26484a,11,client_01,4,88,1102.9483999991498,9.007399999973131,,0.2550999997765757,12.89809999980207,,106916,,,,,,,,,,
2026-10-04T09:53:19.630260+00:00,d685166a1f4548b0a829c3ef3f26484a,11,client_02,4,88,939.6319999996194,6.282799999098643,,0.20560000120894983,72.79120000021067,,106923,,,,,,,,,,
2026-10-04T09:53:19.641368+00:00,d685166a1f4548b0a829c3ef3f26484a,11,client_03,4,88,1008.8969999997062,12.754600000334904,,0.19049999900744297,12.681799998972565,,106940,,,,,,,,,,
2026-10-04T09:53:19.650964+00:00,d685166a1f4548b0a829c3ef3f26484a,11,client_04,4,86,959.159300000465,12.18940000035218,,0.5510999999387423,13.416599998890888,,106925,,,,,,,,,,
2026-10-04T09:53:19.684034+00:00,d685166a1f4548b0a829c3ef3f26484a,11,,4,350,,6.078200000047218,11.283100000582635,0.17459999980928842,0.7219999988592463,0.3073999996558996,,,5722.847600000023,0.8965999986685347,52.649278999997485,estimated,"CodeCarbon software estimate (CPU/GPU/RAM), whole-machine Flower round scope",,,,
2026-10-04T09:53:25.806860+00:00,d685166a1f4548b0a829c3ef3f26484a,12,client_01,4,88,1024.4982999993226,5.3740000003017485,,0.17699999989417847,45.64790000040375,,106793,,,,,,,,,,
2026-10-04T09:53:25.808861+00:00,d685166a1f4548b0a829c3ef3f26484a,12,client_04,4,86,1009.8993999999948,10.090100000525126,,1.8269000011059688,9.56170000063139,,106776,,,,,,,,,,
2026-10-04T09:53:25.817857+00:00,d685166a1f4548b0a829c3ef3f26484a,12,client_02,4,88,1004.7515999995085,8.623499999885098,,0.5249999994703103,12.073500000042259,,106817,,,,,,,,,,
2026-10-04T09:53:25.827854+00:00,d685166a1f4548b0a829c3ef3f26484a,12,client_03,4,88,1010.2725000015198,10.203199999523349,,0.3507999990688404,16.358900000341237,,106822,,,,,,,,,,
2026-10-04T09:53:25.866843+00:00,d685166a1f4548b0a829c3ef3f26484a,12,,4,350,,5.503000000317115,10.444400000778842,0.18339999951422215,0.6725000002916204,0.3904000004695263,,,5644.943499999499,0.8558999998058425,52.05098000000362,estimated,"CodeCarbon software estimate (CPU/GPU/RAM), whole-machine Flower round scope",,,,
2026-10-04T09:53:32.047613+00:00,d685166a1f4548b0a829c3ef3f26484a,13,client_04,4,86,1038.9106000002357,7.985599999301485,,1.7830999986472307,6.649799999649986,,106708,,,,,,,,,,
2026-10-04T09:53:32.049615+00:00,d685166a1f4548b0a829c3ef3f26484a,13,client_01,4,88,1034.7738999989815,5.5685000006633345,,0.17490000027464703,55.69459999969695,,106716,,,,,,,,,,
2026-10-04T09:53:32.058610+00:00,d685166a1f4548b0a829c3ef3f26484a,13,client_03,4,88,1093.2131999998091,5.212399999436457,,0.16930000128922984,45.81300000063493,,106733,,,,,,,,,,
2026-10-04T09:53:32.069607+00:00,d685166a1f4548b0a829c3ef3f26484a,13,client_02,4,88,1015.0477000006504,6.0778999995818594,,0.39740000102028716,46.157800001310534,,106718,,,,,,,,,,
2026-10-04T09:53:32.099909+00:00,d685166a1f4548b0a829c3ef3f26484a,13,,4,350,,6.174699999974109,8.593100001235143,0.16730000061215833,0.6286000007094117,0.2641000010044081,,,5710.255800000596,0.79590000132157,52.7215360000082,estimated,"CodeCarbon software estimate (CPU/GPU/RAM), whole-machine Flower round scope",,,,
2026-10-04T09:53:38.358104+00:00,d685166a1f4548b0a829c3ef3f26484a,14,client_01,4,88,989.8601999993843,8.740900000702823,,0.240999999732594,21.15859999867098,,106694,,,,,,,,,,
2026-10-04T09:53:38.359099+00:00,d685166a1f4548b0a829c3ef3f26484a,14,client_04,4,86,1116.3943999999901,5.103899999085115,,0.15010000061010942,67.68869999905291,,106679,,,,,,,,,,
2026-10-04T09:53:38.367123+00:00,d685166a1f4548b0a829c3ef3f26484a,14,client_03,4,88,1011.8858000005275,5.428300000858144,,0.17469999875174835,72.53729999865755,,106657,,,,,,,,,,
2026-10-04T09:53:38.377111+00:00,d685166a1f4548b0a829c3ef3f26484a,14,client_02,4,88,999.7394999991229,12.002100000245264,,0.21190000006754417,16.03369999975257,,106675,,,,,,,,,,
2026-10-04T09:53:38.411084+00:00,d685166a1f4548b0a829c3ef3f26484a,14,,4,350,,5.33739999991667,10.437200000524172,0.15140000141400378,0.6081999981688568,0.42079999911948107,,,5784.4495000008465,0.7595999995828606,53.380226999997824,estimated,"CodeCarbon software estimate (CPU/GPU/RAM), whole-machine Flower round scope",,,,
2026-10-04T09:53:44.601416+00:00,d685166a1f4548b0a829c3ef3f26484a,15,client_02,4,88,997.0701999991434,5.99549999969895,,0.23009999858913943,18.36390000062238,,106545,,,,,,,,,,
2026-10-04T09:53:44.602415+00:00,d685166a1f4548b0a829c3ef3f26484a,15,client_03,4,88,1068.0358999998134,7.510899999033427,,0.24389999998675194,45.305699999516946,,106547,,,,,,,,,,
2026-10-04T09:53:44.611414+00:00,d685166a1f4548b0a829c3ef3f26484a,15,client_01,4,88,1110.0718999987294,7.818400001269765,,0.17549999938637484,18.138200000976212,,106553,,,,,,,,,,
2026-10-04T09:53:44.620410+00:00,d685166a1f4548b0a829c3ef3f26484a,15,client_04,4,86,1039.8492999993323,7.690000000366126,,0.18900000031862874,50.62990000078571,,106582,,,,,,,,,,
2026-10-04T09:53:44.653423+00:00,d685166a1f4548b0a829c3ef3f26484a,15,,4,350,,5.263700000796234,10.032399999545305,0.16730000061215833,0.6240000002435409,0.3369999994902173,,,5717.266699999527,0.7913000008556992,52.64732200001163,estimated,"CodeCarbon software estimate (CPU/GPU/RAM), whole-machine Flower round scope",,,,
2026-10-04T09:53:50.880741+00:00,d685166a1f4548b0a829c3ef3f26484a,16,client_01,4,88,1116.0564000001614,6.111300001066411,,0.20790000053239055,54.729600000428036,,106579,,,,,,,,,,
2026-10-04T09:53:50.881741+00:00,d685166a1f4548b0a829c3ef3f26484a,16,client_02,4,88,1046.8382999988535,7.581699999718694,,0.19040000006498303,45.44259999966016,,106580,,,,,,,,,,
2026-10-04T09:53:50.889739+00:00,d685166a1f4548b0a829c3ef3f26484a,16,client_04,4,86,1066.533299999719,7.514300001275842,,0.18369999997958075,44.87439999866183,,106575,,,,,,,,,,
2026-10-04T09:53:50.899736+00:00,d685166a1f4548b0a829c3ef3f26484a,16,client_03,4,88,1148.1274000016128,9.022899999763467,,0.1604999997653067,15.607100000124774,,106560,,,,,,,,,,
2026-10-04T09:53:50.936977+00:00,d685166a1f4548b0a829c3ef3f26484a,16,,4,350,,5.228100000749691,10.980499999277527,0.16089999917312525,0.7072000007610768,0.29349999931582715,,,5765.998599999875,0.8680999999342021,53.14232200000333,estimated,"CodeCarbon software estimate (CPU/GPU/RAM), whole-machine Flower round scope",,,,
2026-10-04T09:53:57.112583+00:00,d685166a1f4548b0a829c3ef3f26484a,17,client_02,4,88,1001.0225999994873,7.535499998994055,,0.1694999991741497,33.893499999976484,,106413,,,,,,,,,,
2026-10-04T09:53:57.113583+00:00,d685166a1f4548b0a829c3ef3f26484a,17,client_04,4,86,989.6097000000736,7.84639999983483,,0.48800000149640255,10.187899999436922,,106436,,,,,,,,,,
2026-10-04T09:53:57.124579+00:00,d685166a1f4548b0a829c3ef3f26484a,17,client_03,4,88,973.7836000003881,8.386200001041288,,0.20949999998265412,9.813099999519181,,106442,,,,,,,,,,
2026-10-04T09:53:57.135576+00:00,d685166a1f4548b0a829c3ef3f26484a,17,client_01,4,88,948.3641000006173,9.420200000022305,,0.2134000005753478,11.204000000361702,,106448,,,,,,,,,,
2026-10-04T09:53:57.171075+00:00,d685166a1f4548b0a829c3ef3f26484a,17,,4,350,,6.3408000005438225,9.626099999877624,0.19890000112354755,0.8132999992085388,0.3011999997397652,,,5673.360699998739,1.0122000003320863,51.68610599999738,estimated,"CodeCarbon software estimate (CPU/GPU/RAM), whole-machine Flower round scope",,,,
2026-10-04T09:54:03.381303+00:00,d685166a1f4548b0a829c3ef3f26484a,18,client_04,4,86,972.7710000006482,7.08909999957541,,0.5230000006122282,43.61179999978049,,106492,,,,,,,,,,
2026-10-04T09:54:03.382303+00:00,d685166a1f4548b0a829c3ef3f26484a,18,client_02,4,88,1002.5767999995878,5.91089999943506,,0.20000000040454324,16.60950000041339,,106482,,,,,,,,,,
2026-10-04T09:54:03.393300+00:00,d685166a1f4548b0a829c3ef3f26484a,18,client_03,4,88,977.9027999993559,6.970700000238139,,0.8029999989958014,58.831099999224534,,106487,,,,,,,,,,
2026-10-04T09:54:03.404296+00:00,d685166a1f4548b0a829c3ef3f26484a,18,client_01,4,88,948.6679000001459,6.566099998963182,,0.5619000003207475,24.124199999278062,,106464,,,,,,,,,,
2026-10-04T09:54:03.437285+00:00,d685166a1f4548b0a829c3ef3f26484a,18,,4,350,,6.225199998880271,9.323000002041226,0.17040000057022553,1.0237000005872687,0.3259999994043028,,,5673.134299999219,1.1941000011574943,51.995460999987706,estimated,"CodeCarbon software estimate (CPU/GPU/RAM), whole-machine Flower round scope",,,,
2026-10-04T09:54:09.609618+00:00,d685166a1f4548b0a829c3ef3f26484a,19,client_03,4,88,1017.9120000011608,6.428200000300421,,0.5010999993828591,14.502699999866309,,106381,,,,,,,,,,
2026-10-04T09:54:09.610616+00:00,d685166a1f4548b0a829c3ef3f26484a,19,client_01,4,88,1011.4693000014086,11.085199999797624,,0.17840000145952217,41.99010000047565,,106404,,,,,,,,,,
2026-10-04T09:54:09.620191+00:00,d685166a1f4548b0a829c3ef3f26484a,19,client_04,4,86,1026.7143000000942,10.589199999230914,,1.354100000753533,13.698300001124153,,106404,,,,,,,,,,
2026-10-04T09:54:09.630736+00:00,d685166a1f4548b0a829c3ef3f26484a,19,client_02,4,88,1031.7961999990075,9.44309999977122,,0.5031000000599306,17.189899999721092,,106429,,,,,,,,,,
2026-10-04T09:54:09.662823+00:00,d685166a1f4548b0a829c3ef3f26484a,19,,4,350,,6.472600000051898,10.77879999866127,0.1970999983313959,0.6384999996953411,0.28360000032989774,,,5661.956199999622,0.835599998026737,52.03870199999074,estimated,"CodeCarbon software estimate (CPU/GPU/RAM), whole-machine Flower round scope",,,,
2026-10-04T09:54:15.786166+00:00,d685166a1f4548b0a829c3ef3f26484a,20,client_04,4,86,992.6249000000098,5.658000000039465,,0.18319999981031287,11.873100000229897,,106372,,,,,,,,,,
2026-10-04T09:54:15.787165+00:00,d685166a1f4548b0a829c3ef3f26484a,20,client_03,4,88,928.6723000004713,6.973999999900116,,0.926900000195019,17.92610000120476,,106372,,,,,,,,,,
2026-10-04T09:54:15.798162+00:00,d685166a1f4548b0a829c3ef3f26484a,20,client_01,4,88,932.326699999976,9.713699999338132,,0.23120000150811393,12.490400000388036,,106375,,,,,,,,,,
2026-10-04T09:54:15.808175+00:00,d685166a1f4548b0a829c3ef3f26484a,20,client_02,4,88,1038.5953999993944,5.3198000005068025,,0.17350000052829273,40.49999999915599,,106368,,,,,,,,,,
2026-10-04T09:54:15.839167+00:00,d685166a1f4548b0a829c3ef3f26484a,20,,4,350,,6.2266999993880745,8.456600000499748,0.17639999896346126,0.6022000015946105,0.2891999993153149,,,5650.981900000261,0.7786000005580718,52.109614000000875,estimated,"CodeCarbon software estimate (CPU/GPU/RAM), whole-machine Flower round scope",,,,
2026-10-04T09:54:30.290034+00:00,2c8070160bfa42c4bd0f18fa9eb1d899,1,client_01,4,88,8271.980100000292,5.487899999934598,,0.194500000361586,36.336699999083066,,106800,,,,,,,,,,
2026-10-04T09:54:30.291136+00:00,2c8070160bfa42c4bd0f18fa9eb1d899,1,client_03,4,88,8793.492899998455,6.8073000002186745,,0.2058000009128591,9.597199999916484,,106782,,,,,,,,,,
2026-10-04T09:54:30.303205+00:00,2c8070160bfa42c4bd0f18fa9eb1d899,1,client_02,4,88,8235.13080000157,7.350600000791019,,0.2096999996865634,18.84260000042559,,106758,,,,,,,,,,
2026-10-04T09:54:30.313203+00:00,2c8070160bfa42c4bd0f18fa9eb1d899,1,client_04,4,86,8812.20200000098,10.596399999485584,,0.173700000232202,18.81419999881473,,106770,,,,,,,,,,
2026-10-04T09:54:30.362165+00:00,2c8070160bfa42c4bd0f18fa9eb1d899,1,,4,350,,6.677600000330131,18.480700000509387,0.23850000070524402,1.0697000016079983,0.4310000003897585,,,13455.973699999959,1.3082000023132423,130.0867930000095,estimated,"CodeCarbon software estimate (CPU/GPU/RAM), whole-machine Flower round scope",,,,
2026-10-04T09:54:36.847611+00:00,2c8070160bfa42c4bd0f18fa9eb1d899,2,client_03,4,88,1077.3134000010032,7.364099999904283,,0.2167999991797842,58.848000000580214,,106739,,,,,,,,,,
2026-10-04T09:54:36.848611+00:00,2c8070160bfa42c4bd0f18fa9eb1d899,2,client_02,4,88,1091.6190999996616,7.097099998645717,,0.2077999997709412,15.50640000095882,,106747,,,,,,,,,,
2026-10-04T09:54:36.858609+00:00,2c8070160bfa42c4bd0f18fa9eb1d899,2,client_01,4,88,1073.727000000872,6.445200000598561,,0.182699999641045,21.96189999995113,,106760,,,,,,,,,,
2026-10-04T09:54:36.875015+00:00,2c8070160bfa42c4bd0f18fa9eb1d899,2,client_04,4,86,1132.3991999997816,6.154599999717902,,0.1711999993858626,16.431400001238217,,106741,,,,,,,,,,
2026-10-04T09:54:36.909003+00:00,2c8070160bfa42c4bd0f18fa9eb1d899,2,,4,350,,7.2680000012042,8.660700001200894,0.267100000201026,0.9708999987196876,0.2569999996921979,,,5871.915100000479,1.2379999989207136,53.23658499999511,estimated,"CodeCarbon software estimate (CPU/GPU/RAM), whole-machine Flower round scope",,,,
2026-10-04T09:54:43.377649+00:00,2c8070160bfa42c4bd0f18fa9eb1d899,3,client_01,4,88,1226.4357000003656,5.972400000246125,,0.21349999951780774,52.45409999952244,,106773,,,,,,,,,,
2026-10-04T09:54:43.379650+00:00,2c8070160bfa42c4bd0f18fa9eb1d899,3,client_04,4,86,1253.2639999990351,5.4662000002281275,,0.1909000002342509,51.72850000053586,,106755,,,,,,,,,,
2026-10-04T09:54:43.389646+00:00,2c8070160bfa42c4bd0f18fa9eb1d899,3,client_03,4,88,1153.373000001011,12.241100001119776,,0.9249000013369368,57.51609999970242,,106770,,,,,,,,,,
2026-10-04T09:54:43.400643+00:00,2c8070160bfa42c4bd0f18fa9eb1d899,3,client_02,4,88,1190.8954000009544,9.401700001035351,,0.48909999895840883,12.678999999479856,,106767,,,,,,,,,,
2026-10-04T09:54:43.435631+00:00,2c8070160bfa42c4bd0f18fa9eb1d899,3,,4,350,,5.367300000216346,10.105699999257922,0.17330000082438346,1.336700001047575,0.322599998980877,,,5912.3536000006425,1.5100000018719584,54.57071500000893,estimated,"CodeCarbon software estimate (CPU/GPU/RAM), whole-machine Flower round scope",,,,
2026-10-04T09:54:49.734315+00:00,2c8070160bfa42c4bd0f18fa9eb1d899,4,client_01,4,88,1101.9476000001305,9.48659999994561,,0.2660999998624902,12.454600000637583,,106810,,,,,,,,,,
2026-10-04T09:54:49.735314+00:00,2c8070160bfa42c4bd0f18fa9eb1d899,4,client_03,4,88,1092.738899998949,6.366600000546896,,0.31319999834522605,45.6610000001092,,106851,,,,,,,,,,
2026-10-04T09:54:49.745311+00:00,2c8070160bfa42c4bd0f18fa9eb1d899,4,client_04,4,86,1123.8386000004539,9.965299999748822,,0.1838000007410301,16.54939999934868,,106832,,,,,,,,,,
2026-10-04T09:54:49.757490+00:00,2c8070160bfa42c4bd0f18fa9eb1d899,4,client_02,4,88,1111.9009999983973,9.358799999972689,,1.157200000307057,16.562200000407756,,106837,,,,,,,,,,
2026-10-04T09:54:49.790542+00:00,2c8070160bfa42c4bd0f18fa9eb1d899,4,,4,350,,6.85189999967406,9.649600000557257,0.1678000007814262,0.7516999994550133,0.26310000066587236,,,5769.391000001633,0.9195000002364395,53.03935799998726,estimated,"CodeCarbon software estimate (CPU/GPU/RAM), whole-machine Flower round scope",,,,
2026-10-04T09:54:56.015589+00:00,2c8070160bfa42c4bd0f18fa9eb1d899,5,client_03,4,88,1067.5295000000915,7.051099999443977,,0.575300000491552,14.35219999984838,,106846,,,,,,,,,,
2026-10-04T09:54:56.016588+00:00,2c8070160bfa42c4bd0f18fa9eb1d899,5,client_01,4,88,1057.4925000000803,8.775899999818648,,0.34249999953317456,40.222600000561215,,106863,,,,,,,,,,
2026-10-04T09:54:56.026585+00:00,2c8070160bfa42c4bd0f18fa9eb1d899,5,client_02,4,88,1151.2801999997464,7.6891999997315,,0.16619999951217324,17.953599999600556,,106837,,,,,,,,,,
2026-10-04T09:54:56.037583+00:00,2c8070160bfa42c4bd0f18fa9eb1d899,5,client_04,4,86,1085.8836999996129,7.169699998485157,,0.5736000002798392,13.329999999768916,,106842,,,,,,,,,,
2026-10-04T09:54:56.069571+00:00,2c8070160bfa42c4bd0f18fa9eb1d899,5,,4,350,,6.003600001349696,8.553600000595907,0.15489999896090012,0.6151000015961472,0.26029999935417436,,,5756.0883999994985,0.7700000005570473,53.29332199999044,estimated,"CodeCarbon software estimate (CPU/GPU/RAM), whole-machine Flower round scope",,,,
2026-10-04T09:55:02.275750+00:00,2c8070160bfa42c4bd0f18fa9eb1d899,6,client_02,4,88,1116.9819999995525,6.452300000091782,,0.18029999955615494,10.910000000876607,,106757,,,,,,,,,,
2026-10-04T09:55:02.276749+00:00,2c8070160bfa42c4bd0f18fa9eb1d899,6,client_03,4,88,1096.7696999996406,5.668299998433213,,0.20649999896704685,33.85309999976016,,106756,,,,,,,,,,
2026-10-04T09:55:02.285746+00:00,2c8070160bfa42c4bd0f18fa9eb1d899,6,client_01,4,88,1096.5348000008817,7.234999999127467,,0.18389999968349002,10.61920000029204,,106796,,,,,,,,,,
2026-10-04T09:55:02.296999+00:00,2c8070160bfa42c4bd0f18fa9eb1d899,6,client_04,4,86,1060.1004000000103,6.738900001437287,,0.5160999990039272,35.19419999975071,,106787,,,,,,,,,,
2026-10-04T09:55:02.329673+00:00,2c8070160bfa42c4bd0f18fa9eb1d899,6,,4,350,,5.212199999732547,9.53260000096634,0.16620000133116264,0.7193999972514575,0.30220000007830095,,,5735.77909999949,0.8855999985826202,52.85794200000964,estimated,"CodeCarbon software estimate (CPU/GPU/RAM), whole-machine Flower round scope",,,,
2026-10-04T09:55:08.587429+00:00,2c8070160bfa42c4bd0f18fa9eb1d899,7,client_02,4,88,1067.1488999996654,6.526299999677576,,0.2144999998563435,16.547699999136967,,106818,,,,,,,,,,
2026-10-04T09:55:08.588403+00:00,2c8070160bfa42c4bd0f18fa9eb1d899,7,client_01,4,88,1160.8689000004233,5.74860000051558,,0.1609999999345746,22.963700001128018,,106833,,,,,,,,,,
2026-10-04T09:55:08.598400+00:00,2c8070160bfa42c4bd0f18fa9eb1d899,7,client_04,4,86,1092.2007999997732,7.785600000715931,,0.19280000014987309,14.092999999775202,,106837,,,,,,,,,,
2026-10-04T09:55:08.606397+00:00,2c8070160bfa42c4bd0f18fa9eb1d899,7,client_03,4,88,1053.3572000003915,7.181100001616869,,0.48040000001492444,47.27409999941301,,106837,,,,,,,,,,
2026-10-04T09:55:08.641386+00:00,2c8070160bfa42c4bd0f18fa9eb1d899,7,,4,350,,5.202199999985169,11.03260000127193,0.16029999824240804,0.6425999999919441,0.3051999992749188,,,5769.312000000355,0.8028999982343521,53.48129800000606,estimated,"CodeCarbon software estimate (CPU/GPU/RAM), whole-machine Flower round scope",,,,
2026-10-04T09:55:14.885131+00:00,2c8070160bfa42c4bd0f18fa9eb1d899,8,client_01,4,88,1089.3699000007473,10.0189999993745,,0.20489999951678328,36.7171000016242,,106814,,,,,,,,,,
2026-10-04T09:55:14.886131+00:00,2c8070160bfa42c4bd0f18fa9eb1d899,8,client_03,4,88,1086.5655999987212,10.854099999050959,,1.0474999999132706,13.030400001298403,,106814,,,,,,,,,,
2026-10-04T09:55:14.897127+00:00,2c8070160bfa42c4bd0f18fa9eb1d899,8,client_02,4,88,1104.9220000004425,7.792799999151612,,1.0440000005473848,15.331099999457365,,106843,,,,,,,,,,
2026-10-04T09:55:14.908124+00:00,2c8070160bfa42c4bd0f18fa9eb1d899,8,client_04,4,86,1154.7367999992275,5.339999999705469,,0.1633000010770047,13.404899998931796,,106839,,,,,,,,,,
2026-10-04T09:55:14.941112+00:00,2c8070160bfa42c4bd0f18fa9eb1d899,8,,4,350,,7.376000001386274,8.602599998994265,0.2943999988929136,0.6178000003274065,0.2583999994385522,,,5782.614300000205,0.91219999922032,53.03436199999852,estimated,"CodeCarbon software estimate (CPU/GPU/RAM), whole-machine Flower round scope",,,,
2026-10-04T09:55:21.333300+00:00,2c8070160bfa42c4bd0f18fa9eb1d899,9,client_01,4,88,1210.2109999996173,7.5317000009818,,0.21840000044903718,7.878700000219396,,106766,,,,,,,,,,
2026-10-04T09:55:21.334300+00:00,2c8070160bfa42c4bd0f18fa9eb1d899,9,client_02,4,88,1288.601500000368,5.9767000002466375,,0.38700000004610047,10.972800000672578,,106792,,,,,,,,,,
2026-10-04T09:55:21.344297+00:00,2c8070160bfa42c4bd0f18fa9eb1d899,9,client_04,4,86,1284.1568000003463,18.65940000061528,,0.4474000015761703,9.800300000279094,,106775,,,,,,,,,,
2026-10-04T09:55:21.353470+00:00,2c8070160bfa42c4bd0f18fa9eb1d899,9,client_03,4,88,1261.6355999998632,5.900300000575953,,0.6715999988955446,32.94350000032864,,106775,,,,,,,,,,
2026-10-04T09:55:21.387812+00:00,2c8070160bfa42c4bd0f18fa9eb1d899,9,,4,350,,5.31800000135263,10.731700000178535,0.15019999955256935,0.9882000031211646,0.27599999884841964,,,5911.806599999181,1.138400002673734,54.427027000001544,estimated,"CodeCarbon software estimate (CPU/GPU/RAM), whole-machine Flower round scope",,,,
2026-10-04T09:55:27.592900+00:00,2c8070160bfa42c4bd0f18fa9eb1d899,10,client_02,4,88,1039.7465000005468,5.925800000113668,,0.19729999985429458,16.82540000001609,,106889,,,,,,,,,,
2026-10-04T09:55:27.593900+00:00,2c8070160bfa42c4bd0f18fa9eb1d899,10,client_04,4,86,1123.5064000011334,5.7821999998850515,,0.14770000052521937,17.933799999809708,,106895,,,,,,,,,,
2026-10-04T09:55:27.605895+00:00,2c8070160bfa42c4bd0f18fa9eb1d899,10,client_03,4,88,1053.4458000001905,7.181400000263238,,0.2012999993894482,50.674900001467904,,106882,,,,,,,,,,
2026-10-04T09:55:27.615893+00:00,2c8070160bfa42c4bd0f18fa9eb1d899,10,client_01,4,88,1121.3831000004575,7.312800000363495,,0.17579999985173345,10.887800001000869,,106871,,,,,,,,,,
2026-10-04T09:55:27.648881+00:00,2c8070160bfa42c4bd0f18fa9eb1d899,10,,4,350,,7.329199999730918,9.911300003295764,0.1739999988785712,1.1128999994980404,0.2814999988913769,,,5738.588999998683,1.2868999983766116,53.02518700000292,estimated,"CodeCarbon software estimate (CPU/GPU/RAM), whole-machine Flower round scope",,,,
2026-10-04T09:55:33.947107+00:00,2c8070160bfa42c4bd0f18fa9eb1d899,11,client_04,4,86,1135.0812999990012,6.716899999446468,,0.649600000542705,41.809599999396596,,106890,,,,,,,,,,
2026-10-04T09:55:33.947107+00:00,2c8070160bfa42c4bd0f18fa9eb1d899,11,client_02,4,88,1204.5343999998295,5.4686000003130175,,0.15350000103353523,6.912200000442681,,106886,,,,,,,,,,
2026-10-04T09:55:33.957622+00:00,2c8070160bfa42c4bd0f18fa9eb1d899,11,client_01,4,88,1147.2396000008303,7.79320000037842,,0.5826999986311421,31.38330000001588,,106892,,,,,,,,,,
2026-10-04T09:55:33.968619+00:00,2c8070160bfa42c4bd0f18fa9eb1d899,11,client_03,4,88,1155.310300000565,9.013400000185356,,0.17750000006344635,37.517699998716125,,106895,,,,,,,,,,
2026-10-04T09:55:34.002226+00:00,2c8070160bfa42c4bd0f18fa9eb1d899,11,,4,350,,5.268400000204565,9.91979999889736,0.15890000031504314,0.6530999999085907,0.2746999998635147,,,5830.011500000182,0.8120000002236338,53.624865999991016,estimated,"CodeCarbon software estimate (CPU/GPU/RAM), whole-machine Flower round scope",,,,
2026-10-04T09:55:40.223896+00:00,2c8070160bfa42c4bd0f18fa9eb1d899,12,client_04,4,86,1054.399900000135,5.689300000085495,,0.17139999908977188,12.679800000114483,,106890,,,,,,,,,,
2026-10-04T09:55:40.224894+00:00,2c8070160bfa42c4bd0f18fa9eb1d899,12,client_02,4,88,1101.7519000015454,6.057200000213925,,0.34729999970295466,61.13510000068345,,106884,,,,,,,,,,
2026-10-04T09:55:40.235891+00:00,2c8070160bfa42c4bd0f18fa9eb1d899,12,client_01,4,88,1119.662099999914,5.273400000078254,,0.17179999849759042,50.74659999991127,,106904,,,,,,,,,,
2026-10-04T09:55:40.246905+00:00,2c8070160bfa42c4bd0f18fa9eb1d899,12,client_03,4,88,1138.876999999411,7.049799998640083,,1.6297999991365941,17.963700000109384,,106903,,,,,,,,,,
2026-10-04T09:55:40.281147+00:00,2c8070160bfa42c4bd0f18fa9eb1d899,12,,4,350,,6.112300001404947,10.537199999816949,0.1723000004858477,0.7813000029273098,0.6126999996922677,,,5744.127899999512,0.9536000034131575,53.07664799998748,estimated,"CodeCarbon software estimate (CPU/GPU/RAM), whole-machine Flower round scope",,,,
2026-10-04T09:55:46.504538+00:00,2c8070160bfa42c4bd0f18fa9eb1d899,13,client_01,4,88,1060.9994999995251,8.38339999972959,,0.49899999976332765,15.644999999494758,,106878,,,,,,,,,,
2026-10-04T09:55:46.505537+00:00,2c8070160bfa42c4bd0f18fa9eb1d899,13,client_02,4,88,1028.703800000585,10.225100000752718,,0.1922999999806052,66.69759999931557,,106881,,,,,,,,,,
2026-10-04T09:55:46.515905+00:00,2c8070160bfa42c4bd0f18fa9eb1d899,13,client_04,4,86,1132.5132000001759,5.395800000769668,,0.1733999997668434,20.112100000915234,,106883,,,,,,,,,,
2026-10-04T09:55:46.527901+00:00,2c8070160bfa42c4bd0f18fa9eb1d899,13,client_03,4,88,1061.3259000001563,6.883799998831819,,0.19289999909233302,23.77870000054827,,106868,,,,,,,,,,
2026-10-04T09:55:46.566889+00:00,2c8070160bfa42c4bd0f18fa9eb1d899,13,,4,350,,5.7438000003458,10.82940000014787,0.17269999989366625,0.8288999979413347,0.2949999998236308,,,5739.907099999982,1.001599997835001,53.067284999997355,estimated,"CodeCarbon software estimate (CPU/GPU/RAM), whole-machine Flower round scope",,,,
2026-10-04T09:55:52.793161+00:00,2c8070160bfa42c4bd0f18fa9eb1d899,14,client_02,4,88,1079.6071000004304,6.46489999962796,,0.2144999998563435,56.92819999967469,,106806,,,,,,,,,,
2026-10-04T09:55:52.794160+00:00,2c8070160bfa42c4bd0f18fa9eb1d899,14,client_04,4,86,1085.9353999985615,10.57079999918642,,0.40070000068226364,12.304699999731383,,106807,,,,,,,,,,
2026-10-04T09:55:52.804528+00:00,2c8070160bfa42c4bd0f18fa9eb1d899,14,client_01,4,88,1089.8944000000483,6.541700000525452,,0.1632999992580153,11.880800000653835,,106781,,,,,,,,,,
2026-10-04T09:55:52.812525+00:00,2c8070160bfa42c4bd0f18fa9eb1d899,14,client_03,4,88,1099.2024000006495,7.620899999892572,,0.18910000108007807,16.57609999892884,,106804,,,,,,,,,,
2026-10-04T09:55:52.849606+00:00,2c8070160bfa42c4bd0f18fa9eb1d899,14,,4,350,,8.050000000366708,11.234999999942374,0.16289999985019676,0.9436000018467894,0.5958999990980374,,,5727.875299999141,1.1065000016969861,52.78242299998965,estimated,"CodeCarbon software estimate (CPU/GPU/RAM), whole-machine Flower round scope",,,,
2026-10-04T09:55:59.550042+00:00,2c8070160bfa42c4bd0f18fa9eb1d899,15,client_02,4,88,1548.8766999988002,7.05510000079812,,0.21639999977196567,14.382400000613416,,106729,,,,,,,,,,
2026-10-04T09:55:59.552041+00:00,2c8070160bfa42c4bd0f18fa9eb1d899,15,client_01,4,88,1607.9224000004615,6.572999998752493,,0.18259999887959566,12.789899999916088,,106746,,,,,,,,,,
2026-10-04T09:55:59.566871+00:00,2c8070160bfa42c4bd0f18fa9eb1d899,15,client_04,4,86,1531.3109999988228,6.105799999204464,,0.1750999999785563,12.727900000754744,,106722,,,,,,,,,,
2026-10-04T09:55:59.576754+00:00,2c8070160bfa42c4bd0f18fa9eb1d899,15,client_03,4,88,1496.8140000000858,9.640100000979146,,0.173700000232202,57.46929999986605,,106744,,,,,,,,,,
2026-10-04T09:55:59.619999+00:00,2c8070160bfa42c4bd0f18fa9eb1d899,15,,4,350,,11.386300000594929,11.281500001132372,0.194500000361586,1.0203000019828323,0.4771999992954079,,,6229.344999999739,1.2148000023444183,57.80194700000721,estimated,"CodeCarbon software estimate (CPU/GPU/RAM), whole-machine Flower round scope",,,,
2026-10-04T09:56:07.283871+00:00,2c8070160bfa42c4bd0f18fa9eb1d899,16,client_03,4,88,1846.327700000984,6.022699999448378,,0.18970000019180588,47.54259999936039,,106665,,,,,,,,,,
2026-10-04T09:56:07.284325+00:00,2c8070160bfa42c4bd0f18fa9eb1d899,16,client_02,4,88,1747.026499999265,8.580699999583885,,0.21219999871391337,56.873600000471924,,106674,,,,,,,,,,
2026-10-04T09:56:07.295250+00:00,2c8070160bfa42c4bd0f18fa9eb1d899,16,client_04,4,86,1860.7981000004656,6.057599999621743,,0.1959000001079403,49.61790000015753,,106663,,,,,,,,,,
2026-10-04T09:56:07.302438+00:00,2c8070160bfa42c4bd0f18fa9eb1d899,16,client_01,4,88,1935.0728999997955,6.096799999795621,,0.2013000012084376,13.759299999946961,,106655,,,,,,,,,,
2026-10-04T09:56:07.342821+00:00,2c8070160bfa42c4bd0f18fa9eb1d899,16,,4,350,,7.587199999761651,11.472200001662713,0.18120000095223077,0.9391000003233785,0.36360000012791716,,,6636.957900000198,1.1203000012756092,60.78901500000939,estimated,"CodeCarbon software estimate (CPU/GPU/RAM), whole-machine Flower round scope",,,,
2026-10-04T09:56:14.399413+00:00,2c8070160bfa42c4bd0f18fa9eb1d899,17,client_04,4,86,1342.4243000008573,11.138800000480842,,0.1689000000624219,4.314699999667937,,106575,,,,,,,,,,
2026-10-04T09:56:14.404409+00:00,2c8070160bfa42c4bd0f18fa9eb1d899,17,client_03,4,88,1510.0488999996742,13.271499999973457,,0.23919999875943176,2.7351000007911352,,106587,,,,,,,,,,
2026-10-04T09:56:14.414428+00:00,2c8070160bfa42c4bd0f18fa9eb1d899,17,client_01,4,88,1471.670599999925,5.626199999824166,,0.16630000027362257,3.7701000001106877,,106559,,,,,,,,,,
2026-10-04T09:56:14.422415+00:00,2c8070160bfa42c4bd0f18fa9eb1d899,17,client_02,4,88,1441.1068999997951,5.418499998995685,,0.7717000007687602,2.6127000000997214,,106611,,,,,,,,,,
2026-10-04T09:56:14.460049+00:00,2c8070160bfa42c4bd0f18fa9eb1d899,17,,4,350,,5.334699999366421,9.998500001529464,0.16680000044289045,0.8551000028091948,0.3381000005902024,,,6492.273800000476,1.0219000032520853,59.94335299999875,estimated,"CodeCarbon software estimate (CPU/GPU/RAM), whole-machine Flower round scope",,,,
2026-10-04T09:56:21.174065+00:00,2c8070160bfa42c4bd0f18fa9eb1d899,18,client_02,4,88,1124.174699998548,6.359099999826867,,0.3065000000788132,6.061899999622256,,106539,,,,,,,,,,
2026-10-04T09:56:21.175065+00:00,2c8070160bfa42c4bd0f18fa9eb1d899,18,client_03,4,88,1079.9387999995815,6.305900000370457,,0.2494000000297092,43.131099999300204,,106546,,,,,,,,,,
2026-10-04T09:56:21.185668+00:00,2c8070160bfa42c4bd0f18fa9eb1d899,18,client_01,4,88,1104.6994999996969,6.611000000702916,,0.29179999910411425,50.658000000112224,,106548,,,,,,,,,,
2026-10-04T09:56:21.194667+00:00,2c8070160bfa42c4bd0f18fa9eb1d899,18,client_04,4,86,1118.4266000000207,6.036499999027001,,0.17289999959757552,46.86209999999846,,106545,,,,,,,,,,
2026-10-04T09:56:21.228974+00:00,2c8070160bfa42c4bd0f18fa9eb1d899,18,,4,350,,7.908900000984431,9.802900001886883,0.27430000045569614,0.8042000026762253,0.29069999982311856,,,6050.975000000108,1.0785000031319214,52.90424200000416,estimated,"CodeCarbon software estimate (CPU/GPU/RAM), whole-machine Flower round scope",,,,
2026-10-04T09:56:27.760727+00:00,2c8070160bfa42c4bd0f18fa9eb1d899,19,client_04,4,86,1139.4368000001123,6.622900000365917,,0.16979999963950831,51.696000000447384,,106593,,,,,,,,,,
2026-10-04T09:56:27.761727+00:00,2c8070160bfa42c4bd0f18fa9eb1d899,19,client_03,4,88,1159.3336000005365,6.1479000014514895,,0.19939999947382603,17.97679999981483,,106601,,,,,,,,,,
2026-10-04T09:56:27.772723+00:00,2c8070160bfa42c4bd0f18fa9eb1d899,19,client_01,4,88,1087.3201999984303,9.346900000309688,,0.4073000000062166,63.976700001148856,,106584,,,,,,,,,,
2026-10-04T09:56:27.785721+00:00,2c8070160bfa42c4bd0f18fa9eb1d899,19,client_02,4,88,1173.4569999989617,5.293600001095911,,0.16540000069653615,19.5131999989826,,106573,,,,,,,,,,
2026-10-04T09:56:27.816709+00:00,2c8070160bfa42c4bd0f18fa9eb1d899,19,,4,350,,5.396900000050664,9.125200000198674,0.15239999993355013,0.698800002282951,0.2852000015991507,,,5872.906100001273,0.8512000022165012,53.296153000010236,estimated,"CodeCarbon software estimate (CPU/GPU/RAM), whole-machine Flower round scope",,,,
2026-10-04T09:56:34.534520+00:00,2c8070160bfa42c4bd0f18fa9eb1d899,20,client_02,4,88,1471.8435000013415,8.708500001375796,,0.24279999888676684,38.96970000096189,,106468,,,,,,,,,,
2026-10-04T09:56:34.535520+00:00,2c8070160bfa42c4bd0f18fa9eb1d899,20,client_04,4,86,1488.6825999983557,16.150600000401028,,0.4353000003902707,46.638899999379646,,106446,,,,,,,,,,
2026-10-04T09:56:34.548515+00:00,2c8070160bfa42c4bd0f18fa9eb1d899,20,client_03,4,88,1626.211599999806,5.943399999523535,,0.17380000099365134,8.747600000788225,,106469,,,,,,,,,,
2026-10-04T09:56:34.558513+00:00,2c8070160bfa42c4bd0f18fa9eb1d899,20,client_01,4,88,1609.726299999238,7.646699999895645,,0.17289999959757552,21.680400001059752,,106457,,,,,,,,,,
2026-10-04T09:56:34.638487+00:00,2c8070160bfa42c4bd0f18fa9eb1d899,20,,4,350,,8.077600001342944,9.080799998628208,0.19289999909233302,0.7525999990320997,0.2936999990197364,,,6235.582899998917,0.9454999981244328,58.22828500000469,estimated,"CodeCarbon software estimate (CPU/GPU/RAM), whole-machine Flower round scope",,,,
2026-10-04T09:56:48.792202+00:00,2d491235503c4aae926f0d2be925b8eb,1,client_04,4,86,7691.449800000555,6.354600000122446,,0.17999999909079634,38.782899999205256,,106681,,,,,,,,,,
2026-10-04T09:56:48.793302+00:00,2d491235503c4aae926f0d2be925b8eb,1,client_03,4,88,6838.4467999985645,9.374799999932293,,0.2111000012519071,56.49049999919953,,106679,,,,,,,,,,
2026-10-04T09:56:48.802910+00:00,2d491235503c4aae926f0d2be925b8eb,1,client_01,4,88,7803.903800000626,5.624299999908544,,0.16390000018873252,13.969300000098883,,106677,,,,,,,,,,
2026-10-04T09:56:48.812936+00:00,2d491235503c4aae926f0d2be925b8eb,1,client_02,4,88,7301.9229999990785,7.134100000257604,,0.24920000032579992,52.35999999968044,,106656,,,,,,,,,,
2026-10-04T09:56:48.846055+00:00,2d491235503c4aae926f0d2be925b8eb,1,,4,350,,6.5121000006911345,10.929899995971937,0.1578999999765074,0.7329999989451608,0.25410000125702936,,,12999.01509999836,0.8908999989216682,119.33328999999503,estimated,"CodeCarbon software estimate (CPU/GPU/RAM), whole-machine Flower round scope",,,,
2026-10-04T09:56:55.193108+00:00,2d491235503c4aae926f0d2be925b8eb,2,client_02,4,88,1147.5061000001006,11.607799999183044,,0.6481000000349013,35.01710000091407,,106704,,,,,,,,,,
2026-10-04T09:56:55.194109+00:00,2d491235503c4aae926f0d2be925b8eb,2,client_04,4,86,1245.5822000010812,7.60690000061004,,0.18149999959859997,9.245000001101289,,106685,,,,,,,,,,
2026-10-04T09:56:55.206104+00:00,2d491235503c4aae926f0d2be925b8eb,2,client_01,4,88,1152.159200000824,6.398099998477846,,0.25430000096093863,17.85790000030829,,106709,,,,,,,,,,
2026-10-04T09:56:55.218471+00:00,2d491235503c4aae926f0d2be925b8eb,2,client_03,4,88,1217.8550999997242,7.980200000019977,,0.20820000099774916,33.274100000198814,,106678,,,,,,,,,,
2026-10-04T09:56:55.254460+00:00,2d491235503c4aae926f0d2be925b8eb,2,,4,350,,5.873600000995793,10.778300000310992,0.17010000010486692,0.9061999990080949,0.5573999987973366,,,5847.035700000561,1.0762999991129618,54.026886999999995,estimated,"CodeCarbon software estimate (CPU/GPU/RAM), whole-machine Flower round scope",,,,
2026-10-04T09:57:01.388163+00:00,2d491235503c4aae926f0d2be925b8eb,3,client_04,4,86,868.2859999989887,8.026199999221717,,0.17149999985122122,14.97660000131873,,106714,,,,,,,,,,
2026-10-04T09:57:01.389161+00:00,2d491235503c4aae926f0d2be925b8eb,3,client_02,4,88,957.7915999998368,6.652300000496325,,0.17519999892101623,49.62500000146974,,106723,,,,,,,,,,
2026-10-04T09:57:01.399531+00:00,2d491235503c4aae926f0d2be925b8eb,3,client_03,4,88,904.8038000000815,7.385900000372203,,0.15549999989161734,16.35320000059437,,106700,,,,,,,,,,
2026-10-04T09:57:01.407546+00:00,2d491235503c4aae926f0d2be925b8eb,3,client_01,4,88,969.9154000009003,7.196099999418948,,0.29800000083923806,11.655500000415486,,106706,,,,,,,,,,
2026-10-04T09:57:01.443299+00:00,2d491235503c4aae926f0d2be925b8eb,3,,4,350,,5.114300000059302,9.955000001355074,0.12409999908413738,0.7240000031742966,0.2727999999478925,,,5605.505399998947,0.848100002258434,51.62158099999942,estimated,"CodeCarbon software estimate (CPU/GPU/RAM), whole-machine Flower round scope",,,,
2026-10-04T09:57:07.638768+00:00,2d491235503c4aae926f0d2be925b8eb,4,client_01,4,88,1048.3670999983588,5.7267000011052005,,0.15560000065306667,36.303399998359964,,106677,,,,,,,,,,
2026-10-04T09:57:07.640764+00:00,2d491235503c4aae926f0d2be925b8eb,4,client_02,4,88,1044.2871000013838,6.977999999435269,,0.17130000014731195,43.85069999989355,,106709,,,,,,,,,,
2026-10-04T09:57:07.649964+00:00,2d491235503c4aae926f0d2be925b8eb,4,client_04,4,86,1005.720700000893,8.805200001006597,,1.7571999997016974,11.831699999675038,,106718,,,,,,,,,,
2026-10-04T09:57:07.658963+00:00,2d491235503c4aae926f0d2be925b8eb,4,client_03,4,88,985.0406999994448,8.766799999648356,,0.2648999998200452,36.22939999877417,,106691,,,,,,,,,,
2026-10-04T09:57:07.695206+00:00,2d491235503c4aae926f0d2be925b8eb,4,,4,350,,5.198700000619283,10.57810000020254,0.15810000149940606,0.6862999980512541,0.29269999868120067,,,5707.2308999995585,0.8443999995506601,52.395084999989194,estimated,"CodeCarbon software estimate (CPU/GPU/RAM), whole-machine Flower round scope",,,,
2026-10-04T09:57:13.709704+00:00,2d491235503c4aae926f0d2be925b8eb,5,client_03,4,88,877.382900000157,7.764399999359739,,0.2223999999841908,11.732700000720797,,106729,,,,,,,,,,
2026-10-04T09:57:13.710703+00:00,2d491235503c4aae926f0d2be925b8eb,5,client_01,4,88,918.0726999984472,7.576599999083555,,0.3105000014329562,37.77359999912733,,106712,,,,,,,,,,
2026-10-04T09:57:13.720700+00:00,2d491235503c4aae926f0d2be925b8eb,5,client_02,4,88,878.6412999997992,10.38420000077167,,0.18420000014884863,36.51539999918896,,106717,,,,,,,,,,
2026-10-04T09:57:13.729697+00:00,2d491235503c4aae926f0d2be925b8eb,5,client_04,4,86,894.4634999988921,17.211400001542643,,0.2184999993914971,58.32349999946018,,106722,,,,,,,,,,
2026-10-04T09:57:13.765686+00:00,2d491235503c4aae926f0d2be925b8eb,5,,4,350,,5.294000000503729,10.999500000252738,0.16119999963848386,0.7079999995767139,0.29209999956947286,,,5546.654100000524,0.8691999992151977,51.030169000005124,estimated,"CodeCarbon software estimate (CPU/GPU/RAM), whole-machine Flower round scope",,,,
2026-10-04T09:57:19.861056+00:00,2d491235503c4aae926f0d2be925b8eb,6,client_04,4,86,978.2285999990563,8.991599999717437,,0.19530000099621248,9.104200000365381,,106785,,,,,,,,,,
2026-10-04T09:57:19.863056+00:00,2d491235503c4aae926f0d2be925b8eb,6,client_03,4,88,999.3297000000894,7.324000000153319,,0.3787000005104346,17.082500000469736,,106781,,,,,,,,,,
2026-10-04T09:57:19.873053+00:00,2d491235503c4aae926f0d2be925b8eb,6,client_01,4,88,1005.9670000009646,7.398200001262012,,0.18060000002151355,36.6794999990816,,106783,,,,,,,,,,
2026-10-04T09:57:19.885049+00:00,2d491235503c4aae926f0d2be925b8eb,6,client_02,4,88,977.4145000010321,10.462700000061886,,0.2285999999003252,48.65299999983108,,106753,,,,,,,,,,
2026-10-04T09:57:19.922106+00:00,2d491235503c4aae926f0d2be925b8eb,6,,4,350,,5.784499999208492,10.60229999711737,0.16139999934239313,0.7655999997950858,1.8231000012747245,,,5630.304199999955,0.9269999991374789,51.70632699999259,estimated,"CodeCarbon software estimate (CPU/GPU/RAM), whole-machine Flower round scope",,,,
2026-10-04T09:57:26.400011+00:00,2d491235503c4aae926f0d2be925b8eb,7,client_03,4,88,993.0724000005284,5.934199998591794,,0.2179000002797693,12.184100000013132,,106649,,,,,,,,,,
2026-10-04T09:57:26.402012+00:00,2d491235503c4aae926f0d2be925b8eb,7,client_02,4,88,984.691900001053,7.365600000412087,,0.2563999987614807,11.460899999292451,,106668,,,,,,,,,,
2026-10-04T09:57:26.411008+00:00,2d491235503c4aae926f0d2be925b8eb,7,client_04,4,86,989.5329000009951,5.868700000064564,,0.16520000099262688,47.99730000013369,,106645,,,,,,,,,,
2026-10-04T09:57:26.423004+00:00,2d491235503c4aae926f0d2be925b8eb,7,client_01,4,88,1007.2011000011116,5.68089999978838,,0.14419999934034422,12.180399999124347,,106696,,,,,,,,,,
2026-10-04T09:57:26.456994+00:00,2d491235503c4aae926f0d2be925b8eb,7,,4,350,,5.323299999872688,10.291699998560944,0.1438999988749856,0.7456000003003282,0.28930000007676426,,,5646.285299999363,0.8894999991753139,51.66674000000057,estimated,"CodeCarbon software estimate (CPU/GPU/RAM), whole-machine Flower round scope",,,,
2026-10-04T09:57:32.663663+00:00,2d491235503c4aae926f0d2be925b8eb,8,client_02,4,88,960.3516000006493,10.89729999875999,,0.23700000019744039,125.99330000011832,,106746,,,,,,,,,,
2026-10-04T09:57:32.664662+00:00,2d491235503c4aae926f0d2be925b8eb,8,client_03,4,88,1062.8065999990213,7.266399999934947,,0.20589999985531904,7.708200000706711,,106777,,,,,,,,,,
2026-10-04T09:57:32.675659+00:00,2d491235503c4aae926f0d2be925b8eb,8,client_04,4,86,983.3323000002565,6.520200000522891,,0.22119999994174577,141.75760000034643,,106763,,,,,,,,,,
2026-10-04T09:57:32.685656+00:00,2d491235503c4aae926f0d2be925b8eb,8,client_01,4,88,1018.2343000014953,5.331500000465894,,0.1649999994697282,135.36849999945844,,106755,,,,,,,,,,
2026-10-04T09:57:32.717646+00:00,2d491235503c4aae926f0d2be925b8eb,8,,4,350,,6.756000000677886,9.51330000316375,0.18540000019129366,1.242000002093846,0.26640000032784883,,,5743.2691999983945,1.4274000022851396,53.00952399999005,estimated,"CodeCarbon software estimate (CPU/GPU/RAM), whole-machine Flower round scope",,,,
2026-10-04T09:57:38.782897+00:00,2d491235503c4aae926f0d2be925b8eb,9,client_01,4,88,915.4787999996188,6.149800001367112,,0.200699998458731,34.035799999401206,,106743,,,,,,,,,,
2026-10-04T09:57:38.783897+00:00,2d491235503c4aae926f0d2be925b8eb,9,client_04,4,86,949.2149999987305,7.335900001635309,,0.1770999988366384,41.054799999983516,,106728,,,,,,,,,,
2026-10-04T09:57:38.793476+00:00,2d491235503c4aae926f0d2be925b8eb,9,client_03,4,88,916.0592999996879,9.453500000745407,,0.49530000069353264,35.31789999942703,,106725,,,,,,,,,,
2026-10-04T09:57:38.801592+00:00,2d491235503c4aae926f0d2be925b8eb,9,client_02,4,88,902.320499999405,10.239600000204518,,0.23940000028233044,18.10979999936535,,106734,,,,,,,,,,
2026-10-04T09:57:38.837225+00:00,2d491235503c4aae926f0d2be925b8eb,9,,4,350,,6.151999999929103,10.507599998163641,0.5466999991767807,0.915899998290115,0.28340000062598847,,,5590.575899999749,1.4625999974668957,51.45305499998358,estimated,"CodeCarbon software estimate (CPU/GPU/RAM), whole-machine Flower round scope",,,,
2026-10-04T09:57:44.942138+00:00,2d491235503c4aae926f0d2be925b8eb,10,client_02,4,88,1021.4914999996836,7.042799999908311,,0.22960000023886096,32.09440000136965,,106729,,,,,,,,,,
2026-10-04T09:57:44.943138+00:00,2d491235503c4aae926f0d2be925b8eb,10,client_04,4,86,973.2304999997723,12.952099999893107,,0.377200000002631,9.100499999476597,,106756,,,,,,,,,,
2026-10-04T09:57:44.955143+00:00,2d491235503c4aae926f0d2be925b8eb,10,client_01,4,88,1013.828499999363,8.904700000130106,,0.6128000004537171,31.470899999476387,,106763,,,,,,,,,,
2026-10-04T09:57:44.965143+00:00,2d491235503c4aae926f0d2be925b8eb,10,client_03,4,88,998.5133999998652,8.047099998293561,,0.28980000024603214,10.175699999308563,,106737,,,,,,,,,,
2026-10-04T09:57:44.999652+00:00,2d491235503c4aae926f0d2be925b8eb,10,,4,350,,6.00990000020829,11.068800000430201,0.16560000040044542,0.9392999982082983,0.3161000004183734,,,5632.468300000255,1.1048999986087438,51.823206000008206,estimated,"CodeCarbon software estimate (CPU/GPU/RAM), whole-machine Flower round scope",,,,
2026-10-04T09:57:51.122167+00:00,2d491235503c4aae926f0d2be925b8eb,11,client_02,4,88,903.5093000002234,11.305500000162283,,0.27719999889086466,12.954100000570179,,106783,,,,,,,,,,
2026-10-04T09:57:51.123167+00:00,2d491235503c4aae926f0d2be925b8eb,11,client_03,4,88,908.6349999997765,14.893600000505103,,0.6852000005892478,15.18459999897459,,106773,,,,,,,,,,
2026-10-04T09:57:51.133163+00:00,2d491235503c4aae926f0d2be925b8eb,11,client_04,4,86,899.3307000000641,5.891699998755939,,0.18040000031760428,61.36449999939941,,106749,,,,,,,,,,
2026-10-04T09:57:51.143160+00:00,2d491235503c4aae926f0d2be925b8eb,11,client_01,4,88,983.8622999996005,7.7182999993965495,,0.1778999994712649,10.72089999979653,,106760,,,,,,,,,,
2026-10-04T09:57:51.181149+00:00,2d491235503c4aae926f0d2be925b8eb,11,,4,350,,5.856499999936204,11.800100000982638,0.17520000074000563,1.3885999997000908,0.7506000001740176,,,5602.8838000002,1.5638000004400965,51.6235930000039,estimated,"CodeCarbon software estimate (CPU/GPU/RAM), whole-machine Flower round scope",,,,
2026-10-04T09:57:57.662773+00:00,2d491235503c4aae926f0d2be925b8eb,12,client_02,4,88,1011.8343999984063,6.021099999998114,,0.1919999995152466,15.371900000900496,,106774,,,,,,,,,,
2026-10-04T09:57:57.663773+00:00,2d491235503c4aae926f0d2be925b8eb,12,client_03,4,88,949.1773999998259,9.056700000655837,,0.1948000008269446,43.92010000083246,,106813,,,,,,,,,,
2026-10-04T09:57:57.675875+00:00,2d491235503c4aae926f0d2be925b8eb,12,client_04,4,86,922.4876999996923,7.265099999131053,,0.2753000007942319,9.918199999447097,,106801,,,,,,,,,,
2026-10-04T09:57:57.687869+00:00,2d491235503c4aae926f0d2be925b8eb,12,client_01,4,88,905.7857999996486,17.254899999898043,,0.7407000011880882,30.9981999998854,,106779,,,,,,,,,,
2026-10-04T09:57:57.722303+00:00,2d491235503c4aae926f0d2be925b8eb,12,,4,350,,7.956800000101794,10.551600000326289,0.16119999963848386,0.7734000009804731,0.2684999999473803,,,5660.781999999017,0.934600000618957,51.96201500000825,estimated,"CodeCarbon software estimate (CPU/GPU/RAM), whole-machine Flower round scope",,,,
2026-10-04T09:58:03.873649+00:00,2d491235503c4aae926f0d2be925b8eb,13,client_03,4,88,1039.3174999990151,5.846300000484916,,0.18620000082592014,12.96109999930195,,106801,,,,,,,,,,
2026-10-04T09:58:03.875640+00:00,2d491235503c4aae926f0d2be925b8eb,13,client_02,4,88,1010.1188000007824,8.754599999519996,,0.5897000010008924,12.037899999995716,,106789,,,,,,,,,,
2026-10-04T09:58:03.886636+00:00,2d491235503c4aae926f0d2be925b8eb,13,client_01,4,88,1018.3379000009154,7.23420000031183,,1.9384000006539281,12.114000001020031,,106781,,,,,,,,,,
2026-10-04T09:58:03.901632+00:00,2d491235503c4aae926f0d2be925b8eb,13,client_04,4,86,905.2699000003486,5.382200000894954,,0.3711000008479459,12.687399999776972,,106772,,,,,,,,,,
2026-10-04T09:58:03.943618+00:00,2d491235503c4aae926f0d2be925b8eb,13,,4,350,,5.4698999992979225,12.859200000093551,0.1663999992160825,1.95480000184034,0.3175999991071876,,,5684.682999999495,2.1212000010564225,52.3121859999992,estimated,"CodeCarbon software estimate (CPU/GPU/RAM), whole-machine Flower round scope",,,,
2026-10-04T09:58:10.343965+00:00,2d491235503c4aae926f0d2be925b8eb,14,client_01,4,88,940.8183000014105,8.648900000480353,,2.923600000940496,55.17700000018522,,106845,,,,,,,,,,
2026-10-04T09:58:10.344965+00:00,2d491235503c4aae926f0d2be925b8eb,14,client_02,4,88,977.3113000010198,7.845600001019193,,0.40520000038668513,14.725999999427586,,106847,,,,,,,,,,
2026-10-04T09:58:10.355963+00:00,2d491235503c4aae926f0d2be925b8eb,14,client_03,4,88,961.6767000006803,7.740199998806929,,0.3077000001212582,17.53139999891573,,106873,,,,,,,,,,
2026-10-04T09:58:10.364959+00:00,2d491235503c4aae926f0d2be925b8eb,14,client_04,4,86,968.7902000005124,6.5377999999327585,,0.3496999997878447,10.969499999191612,,106880,,,,,,,,,,
2026-10-04T09:58:10.399082+00:00,2d491235503c4aae926f0d2be925b8eb,14,,4,350,,5.226899998888257,10.064299998703063,0.4662000010284828,0.6663999993179459,0.28779999956896063,,,5618.312800001149,1.1326000003464287,51.513558000006014,estimated,"CodeCarbon software estimate (CPU/GPU/RAM), whole-machine Flower round scope",,,,
2026-10-04T09:58:16.505110+00:00,2d491235503c4aae926f0d2be925b8eb,15,client_02,4,88,1024.7436999998172,7.248400001117261,,0.4085000000486616,37.24599999986822,,106866,,,,,,,,,,
2026-10-04T09:58:16.506110+00:00,2d491235503c4aae926f0d2be925b8eb,15,client_04,4,86,1023.2644000006985,7.630399999470683,,0.3827999989880482,7.8847000004316214,,106888,,,,,,,,,,
2026-10-04T09:58:16.518106+00:00,2d491235503c4aae926f0d2be925b8eb,15,client_03,4,88,961.9536999998672,8.622099998319754,,0.1740000006975606,44.47549999895273,,106839,,,,,,,,,,
2026-10-04T09:58:16.528103+00:00,2d491235503c4aae926f0d2be925b8eb,15,client_01,4,88,1005.8736000009958,7.148700000470853,,0.23890000011306256,33.88919999997597,,106875,,,,,,,,,,
2026-10-04T09:58:16.567097+00:00,2d491235503c4aae926f0d2be925b8eb,15,,4,350,,7.649399998626905,12.499799997385708,0.170899998920504,1.1468999982753303,0.32250000003841706,,,5634.232200000042,1.3177999971958343,51.90802600000097,estimated,"CodeCarbon software estimate (CPU/GPU/RAM), whole-machine Flower round scope",,,,
2026-10-04T09:58:22.697151+00:00,2d491235503c4aae926f0d2be925b8eb,16,client_01,4,88,916.1801000009291,7.247199999255827,,0.26930000058200676,15.82339999913529,,106815,,,,,,,,,,
2026-10-04T09:58:22.697151+00:00,2d491235503c4aae926f0d2be925b8eb,16,client_04,4,86,955.9835999989446,8.026400000744616,,0.21969999943394214,38.533500000994536,,106847,,,,,,,,,,
2026-10-04T09:58:22.712194+00:00,2d491235503c4aae926f0d2be925b8eb,16,client_03,4,88,944.2266999994899,8.305499999551103,,1.4413000008062227,39.81469999962428,,106839,,,,,,,,,,
2026-10-04T09:58:22.721987+00:00,2d491235503c4aae926f0d2be925b8eb,16,client_02,4,88,985.4009999999107,8.653200000480865,,0.158200000441866,35.76319999956468,,106826,,,,,,,,,,
2026-10-04T09:58:22.758223+00:00,2d491235503c4aae926f0d2be925b8eb,16,,4,350,,5.65190000088478,9.678500002337387,0.17040000057022553,0.6640999981755158,0.2934000003733672,,,5613.5531999989325,0.8344999987457413,51.60437400001683,estimated,"CodeCarbon software estimate (CPU/GPU/RAM), whole-machine Flower round scope",,,,
2026-10-04T09:58:28.816436+00:00,2d491235503c4aae926f0d2be925b8eb,17,client_04,4,86,903.350100001262,9.141399999862188,,0.49369999942427967,31.006100000013248,,106889,,,,,,,,,,
2026-10-04T09:58:28.817436+00:00,2d491235503c4aae926f0d2be925b8eb,17,client_02,4,88,931.22989999938,6.453400001191767,,0.31999999919207767,29.824200000803103,,106860,,,,,,,,,,
2026-10-04T09:58:28.828432+00:00,2d491235503c4aae926f0d2be925b8eb,17,client_03,4,88,937.8624000000855,9.861599999567261,,0.1796000015019672,42.03080000115733,,106889,,,,,,,,,,
2026-10-04T09:58:28.839337+00:00,2d491235503c4aae926f0d2be925b8eb,17,client_01,4,88,912.8374000010808,9.170900000754045,,0.19220000103814527,10.98439999987022,,106886,,,,,,,,,,
2026-10-04T09:58:28.872150+00:00,2d491235503c4aae926f0d2be925b8eb,17,,4,350,,6.024099999194732,10.6337999986863,0.16200000027311035,0.8400999995501479,0.27799999952549115,,,5581.628699999783,1.0020999998232583,51.29125099998419,estimated,"CodeCarbon software estimate (CPU/GPU/RAM), whole-machine Flower round scope",,,,
2026-10-04T09:58:35.054524+00:00,2d491235503c4aae926f0d2be925b8eb,18,client_01,4,88,1027.7071000000433,9.511199999906239,,0.6988000004639616,45.414500000333646,,106795,,,,,,,,,,
2026-10-04T09:58:35.055523+00:00,2d491235503c4aae926f0d2be925b8eb,18,client_03,4,88,985.4023000007146,6.671200000710087,,0.17239999942830764,21.819499999764957,,106784,,,,,,,,,,
2026-10-04T09:58:35.064524+00:00,2d491235503c4aae926f0d2be925b8eb,18,client_02,4,88,1023.6609000003227,6.161600000268663,,0.17639999896346126,7.474100000763428,,106795,,,,,,,,,,
2026-10-04T09:58:35.072517+00:00,2d491235503c4aae926f0d2be925b8eb,18,client_04,4,86,999.6176999993622,9.577199998602737,,0.4197999987809453,65.90219999998226,,106814,,,,,,,,,,
2026-10-04T09:58:35.106509+00:00,2d491235503c4aae926f0d2be925b8eb,18,,4,350,,5.1962999987154035,10.881799998969655,0.15639999946870375,0.5755000038334401,0.2975999996124301,,,5704.815799999778,0.7319000033021439,52.18633000000409,estimated,"CodeCarbon software estimate (CPU/GPU/RAM), whole-machine Flower round scope",,,,
2026-10-04T09:58:41.280756+00:00,2d491235503c4aae926f0d2be925b8eb,19,client_02,4,88,954.9580000002607,7.056399999783025,,0.5438999996840721,43.89390000142157,,106798,,,,,,,,,,
2026-10-04T09:58:41.281776+00:00,2d491235503c4aae926f0d2be925b8eb,19,client_03,4,88,1087.1494999992137,6.154299999252544,,0.33679999978630804,16.663800000969786,,106801,,,,,,,,,,
2026-10-04T09:58:41.290999+00:00,2d491235503c4aae926f0d2be925b8eb,19,client_04,4,86,973.3359000001656,6.253199999264325,,1.3670000007550698,13.51769999928365,,106824,,,,,,,,,,
2026-10-04T09:58:41.300203+00:00,2d491235503c4aae926f0d2be925b8eb,19,client_01,4,88,954.0294999987964,7.962900001075468,,0.1959000001079403,48.24529999859806,,106810,,,,,,,,,,
2026-10-04T09:58:41.334814+00:00,2d491235503c4aae926f0d2be925b8eb,19,,4,350,,5.272299998978269,10.661499996786006,0.14519999967887998,0.6848000011814293,0.2815999996528262,,,5688.966300000175,0.8300000008603092,52.483642999995936,estimated,"CodeCarbon software estimate (CPU/GPU/RAM), whole-machine Flower round scope",,,,
2026-10-04T09:58:47.667058+00:00,2d491235503c4aae926f0d2be925b8eb,20,client_03,4,88,1124.3935000002239,6.337900000289665,,0.8522999996785074,41.403600000194274,,106671,,,,,,,,,,
2026-10-04T09:58:47.669057+00:00,2d491235503c4aae926f0d2be925b8eb,20,client_04,4,86,1096.3797000003979,6.693799999993644,,0.18459999955666717,29.72069999850646,,106699,,,,,,,,,,
2026-10-04T09:58:47.677054+00:00,2d491235503c4aae926f0d2be925b8eb,20,client_02,4,88,1021.0041999998793,6.613300000026356,,0.19240000074205454,34.11750000122993,,106673,,,,,,,,,,
2026-10-04T09:58:47.687051+00:00,2d491235503c4aae926f0d2be925b8eb,20,client_01,4,88,1178.0904999995983,5.627599999570521,,0.28920000113430433,6.9948000000295,,106649,,,,,,,,,,
2026-10-04T09:58:47.723268+00:00,2d491235503c4aae926f0d2be925b8eb,20,,4,350,,5.564000000958913,10.037200003353064,0.18120000095223077,0.5760000021837186,0.390200000765617,,,5802.989600000728,0.7572000031359494,53.139017000012245,estimated,"CodeCarbon software estimate (CPU/GPU/RAM), whole-machine Flower round scope",,,,
2026-10-04T09:59:03.649285+00:00,c24a960821f04537af97030b3cc0088a,1,client_02,4,88,9840.28649999891,5.9718000011343975,,0.18400000044493936,13.976099999126745,,106782,,,,,,,,,,
2026-10-04T09:59:03.650285+00:00,c24a960821f04537af97030b3cc0088a,1,client_01,4,88,9956.061799999588,5.639099999825703,,0.17319999824394472,2.6010000001406297,,106776,,,,,,,,,,
2026-10-04T09:59:03.662281+00:00,c24a960821f04537af97030b3cc0088a,1,client_04,4,86,9626.035299999785,5.814400001327158,,0.18490000002202578,5.775800000265008,,106771,,,,,,,,,,
2026-10-04T09:59:03.674221+00:00,c24a960821f04537af97030b3cc0088a,1,client_03,4,88,9985.443400000804,8.477500001390581,,0.17690000095171854,27.010100000552484,,106804,,,,,,,,,,
2026-10-04T09:59:03.711053+00:00,c24a960821f04537af97030b3cc0088a,1,,4,350,,5.49450000107754,11.373000001185574,0.16730000061215833,1.0343999983888352,0.30030000016267877,,,14810.991599999397,1.2016999990009936,143.3709230000022,estimated,"CodeCarbon software estimate (CPU/GPU/RAM), whole-machine Flower round scope",,,,
2026-10-04T09:59:10.502314+00:00,c24a960821f04537af97030b3cc0088a,2,client_03,4,88,1572.3066999998991,11.784099999204045,,0.9962999993149424,46.76350000045204,,106779,,,,,,,,,,
2026-10-04T09:59:10.503313+00:00,c24a960821f04537af97030b3cc0088a,2,client_01,4,88,1585.309199999756,8.339400001204922,,0.21749999905296136,38.71950000029756,,106792,,,,,,,,,,
2026-10-04T09:59:10.512310+00:00,c24a960821f04537af97030b3cc0088a,2,client_02,4,88,1352.039400000649,8.670299999721465,,0.18219999947177712,12.35869999982242,,106793,,,,,,,,,,
2026-10-04T09:59:10.522399+00:00,c24a960821f04537af97030b3cc0088a,2,client_04,4,86,1627.6063999994221,7.929199999125558,,0.17049999951268546,44.79460000038671,,106777,,,,,,,,,,
2026-10-04T09:59:10.555136+00:00,c24a960821f04537af97030b3cc0088a,2,,4,350,,6.136599999081227,9.468000000197208,0.22939999871596228,0.7327999992412515,0.4133000002184417,,,6234.212900000784,0.9621999979572138,57.77265100001387,estimated,"CodeCarbon software estimate (CPU/GPU/RAM), whole-machine Flower round scope",,,,
2026-10-04T09:59:17.047282+00:00,c24a960821f04537af97030b3cc0088a,3,client_04,4,86,1311.9566000004852,6.495699999504723,,0.9828000002016779,42.19259999990754,,106821,,,,,,,,,,
2026-10-04T09:59:17.048281+00:00,c24a960821f04537af97030b3cc0088a,3,client_01,4,88,1313.9263000011852,6.948899999770219,,0.19980000070063397,14.21680000021297,,106826,,,,,,,,,,
2026-10-04T09:59:17.059279+00:00,c24a960821f04537af97030b3cc0088a,3,client_03,4,88,1398.878899999545,6.863299999167793,,0.21120000019436702,11.141099999804283,,106843,,,,,,,,,,
2026-10-04T09:59:17.068275+00:00,c24a960821f04537af97030b3cc0088a,3,client_02,4,88,1247.4789999996574,31.29099999932805,,0.6859999994048849,41.6733000001841,,106826,,,,,,,,,,
2026-10-04T09:59:17.103264+00:00,c24a960821f04537af97030b3cc0088a,3,,4,350,,5.2990000003774185,10.721200002080877,0.47869999980321154,0.8925000020099105,0.29579999863926787,,,6008.042299999943,1.371200001813122,55.566263000000625,estimated,"CodeCarbon software estimate (CPU/GPU/RAM), whole-machine Flower round scope",,,,
2026-10-04T09:59:23.966996+00:00,c24a960821f04537af97030b3cc0088a,4,client_01,4,88,1627.3951000002853,12.515399999756482,,0.5314999998518033,12.7530999998271,,106850,,,,,,,,,,
2026-10-04T09:59:23.967994+00:00,c24a960821f04537af97030b3cc0088a,4,client_02,4,88,1747.1391999988555,5.697700000382611,,0.2482999989297241,13.206400000854046,,106852,,,,,,,,,,
2026-10-04T09:59:23.980086+00:00,c24a960821f04537af97030b3cc0088a,4,client_04,4,86,1612.7059999998892,10.378699998909724,,0.23739999960525893,51.420300000245334,,106853,,,,,,,,,,
2026-10-04T09:59:23.990082+00:00,c24a960821f04537af97030b3cc0088a,4,client_03,4,88,1693.677999999636,9.173200000077486,,0.18420000014884863,21.984999999403954,,106877,,,,,,,,,,
2026-10-04T09:59:24.026070+00:00,c24a960821f04537af97030b3cc0088a,4,,4,350,,5.923099999563419,10.30449999962002,0.16230000073846895,0.9530999996059109,0.3035000008821953,,,6380.452999999761,1.1154000003443798,59.32684099998369,estimated,"CodeCarbon software estimate (CPU/GPU/RAM), whole-machine Flower round scope",,,,
2026-10-04T09:59:30.475520+00:00,c24a960821f04537af97030b3cc0088a,5,client_04,4,86,1296.2494000003062,6.563599999935832,,0.1875000016298145,39.02620000008028,,106739,,,,,,,,,,
2026-10-04T09:59:30.476519+00:00,c24a960821f04537af97030b3cc0088a,5,client_01,4,88,1231.3683000011224,6.1801000010746066,,0.16909999976633117,48.52080000091519,,106771,,,,,,,,,,
2026-10-04T09:59:30.487515+00:00,c24a960821f04537af97030b3cc0088a,5,client_02,4,88,1270.0884999994742,7.570800000394229,,0.7807000001776032,6.200200001330813,,106765,,,,,,,,,,
2026-10-04T09:59:30.496513+00:00,c24a960821f04537af97030b3cc0088a,5,client_03,4,88,1293.567400000029,5.784799999673851,,0.16169999980775174,39.43489999983285,,106792,,,,,,,,,,
2026-10-04T09:59:30.531501+00:00,c24a960821f04537af97030b3cc0088a,5,,4,350,,6.165400000099908,10.475299999598064,0.22820000049250666,0.6809999995311955,0.37369999881775584,,,5946.19000000057,0.9092000000237022,54.86461300000883,estimated,"CodeCarbon software estimate (CPU/GPU/RAM), whole-machine Flower round scope",,,,
2026-10-04T09:59:37.107424+00:00,c24a960821f04537af97030b3cc0088a,6,client_02,4,88,1407.3036999998294,15.153500000451459,,0.18029999955615494,31.04710000116029,,106518,,,,,,,,,,
2026-10-04T09:59:37.109822+00:00,c24a960821f04537af97030b3cc0088a,6,client_04,4,86,1374.0142999995442,12.255499999810127,,1.2222000004840083,60.599699998419965,,106528,,,,,,,,,,
2026-10-04T09:59:37.121799+00:00,c24a960821f04537af97030b3cc0088a,6,client_01,4,88,1522.8279999992083,5.342599999494269,,0.17750000006344635,11.467399999673944,,106548,,,,,,,,,,
2026-10-04T09:59:37.131795+00:00,c24a960821f04537af97030b3cc0088a,6,client_03,4,88,1405.7358999998542,7.874900000388152,,0.5973000006633811,44.42870000093535,,106546,,,,,,,,,,
2026-10-04T09:59:37.162785+00:00,c24a960821f04537af97030b3cc0088a,6,,4,350,,6.2307999996846775,9.041399998750421,0.1604999997653067,0.6448999974963954,0.2637999987200601,,,6097.566399999778,0.8053999972617021,56.63640500000839,estimated,"CodeCarbon software estimate (CPU/GPU/RAM), whole-machine Flower round scope",,,,
2026-10-04T09:59:43.644108+00:00,c24a960821f04537af97030b3cc0088a,7,client_03,4,88,1383.5140999999567,5.418200000349316,,0.16540000069653615,6.1956999998074025,,106413,,,,,,,,,,
2026-10-04T09:59:43.646106+00:00,c24a960821f04537af97030b3cc0088a,7,client_04,4,86,1292.237199999363,8.336500000950764,,0.16420000065409113,12.420000000929576,,106433,,,,,,,,,,
2026-10-04T09:59:43.652401+00:00,c24a960821f04537af97030b3cc0088a,7,client_01,4,88,1234.3256000003748,9.793600000193692,,0.4155999995418824,36.19219999927736,,106430,,,,,,,,,,
2026-10-04T09:59:43.667398+00:00,c24a960821f04537af97030b3cc0088a,7,client_02,4,88,1231.34950000167,5.69050000012794,,0.2791999995679362,30.312900000353693,,106412,,,,,,,,,,
2026-10-04T09:59:43.698078+00:00,c24a960821f04537af97030b3cc0088a,7,,4,350,,5.625400001008529,9.111499999562511,0.17099999968195334,0.5387000001064735,0.36639999962062575,,,5985.194699998829,0.7096999997884268,55.48234300000332,estimated,"CodeCarbon software estimate (CPU/GPU/RAM), whole-machine Flower round scope",,,,
2026-10-04T09:59:50.822578+00:00,c24a960821f04537af97030b3cc0088a,8,client_04,4,86,1317.7750000013475,5.3271999986463925,,0.16150000010384247,18.747699999948964,,106344,,,,,,,,,,
2026-10-04T09:59:50.823581+00:00,c24a960821f04537af97030b3cc0088a,8,client_02,4,88,1223.9750000007916,10.841499999514781,,0.22060000083001796,64.41679999988992,,106313,,,,,,,,,,
2026-10-04T09:59:50.831589+00:00,c24a960821f04537af97030b3cc0088a,8,client_01,4,88,1292.0744999992166,7.144999999582069,,0.1680999994277954,27.57449999990058,,106303,,,,,,,,,,
2026-10-04T09:59:50.842715+00:00,c24a960821f04537af97030b3cc0088a,8,client_03,4,88,1462.6248000004125,5.639099999825703,,0.1573999998072395,8.36890000027779,,106334,,,,,,,,,,
2026-10-04T09:59:50.877601+00:00,c24a960821f04537af97030b3cc0088a,8,,4,350,,5.388600000514998,10.54420000036771,0.161899999511661,0.7089000009727897,0.26669999897421803,,,6305.488200001491,0.8708000004844507,56.83725500000946,estimated,"CodeCarbon software estimate (CPU/GPU/RAM), whole-machine Flower round scope",,,,
2026-10-04T09:59:57.520998+00:00,c24a960821f04537af97030b3cc0088a,9,client_04,4,86,1251.8740000014077,10.386599999037571,,0.1953999999386724,10.112800000570132,,106302,,,,,,,,,,
2026-10-04T09:59:57.521997+00:00,c24a960821f04537af97030b3cc0088a,9,client_01,4,88,1437.8636999990704,5.37360000089393,,0.18249999993713573,33.95029999956023,,106293,,,,,,,,,,
2026-10-04T09:59:57.531955+00:00,c24a960821f04537af97030b3cc0088a,9,client_02,4,88,1305.2301000006992,8.295000001453445,,0.17579999985173345,41.1963000005926,,106308,,,,,,,,,,
2026-10-04T09:59:57.542150+00:00,c24a960821f04537af97030b3cc0088a,9,client_03,4,88,1451.6547999992326,6.150499999421299,,0.1702999998087762,37.03929999937827,,106295,,,,,,,,,,
2026-10-04T09:59:57.654814+00:00,c24a960821f04537af97030b3cc0088a,9,,4,350,,6.552299999384559,11.610499999733292,0.16739999955461826,0.788200000897632,0.3626000016083708,,,6142.860500000097,0.9556000004522502,56.118325999996166,estimated,"CodeCarbon software estimate (CPU/GPU/RAM), whole-machine Flower round scope",,,,
2026-10-04T10:00:04.390505+00:00,c24a960821f04537af97030b3cc0088a,10,client_04,4,86,1508.1959999988612,10.605100000248058,,0.8472999998048181,47.8000000002794,,106284,,,,,,,,,,
2026-10-04T10:00:04.391686+00:00,c24a960821f04537af97030b3cc0088a,10,client_03,4,88,1575.5892000015592,7.3981999994430225,,0.2088999990519369,8.972400000857306,,106296,,,,,,,,,,
2026-10-04T10:00:04.403500+00:00,c24a960821f04537af97030b3cc0088a,10,client_02,4,88,1454.7600000005332,11.737999999240856,,1.919800000905525,56.88150000059977,,106280,,,,,,,,,,
2026-10-04T10:00:04.414498+00:00,c24a960821f04537af97030b3cc0088a,10,client_01,4,88,1510.3251000000455,13.780600000245613,,0.7939999995869584,65.78129999979865,,106275,,,,,,,,,,
2026-10-04T10:00:04.452690+00:00,c24a960821f04537af97030b3cc0088a,10,,4,350,,6.8632000002253335,9.99019999835582,0.1788000008673407,0.7850000001781154,0.3347000001667766,,,6214.823600001182,0.9638000010454562,57.370542000007845,estimated,"CodeCarbon software estimate (CPU/GPU/RAM), whole-machine Flower round scope",,,,
2026-10-04T10:00:11.288066+00:00,c24a960821f04537af97030b3cc0088a,11,client_03,4,88,1498.0903999985458,7.638999999471707,,0.24440000015601981,14.982500000769505,,106364,,,,,,,,,,
2026-10-04T10:00:11.290066+00:00,c24a960821f04537af97030b3cc0088a,11,client_01,4,88,1605.9346000001824,11.757700000089244,,0.17579999985173345,13.9484999999695,,106403,,,,,,,,,,
2026-10-04T10:00:11.300062+00:00,c24a960821f04537af97030b3cc0088a,11,client_02,4,88,1460.0133000003552,7.3551999994379,,0.6376000001182547,37.29170000042359,,106374,,,,,,,,,,
2026-10-04T10:00:11.310059+00:00,c24a960821f04537af97030b3cc0088a,11,client_04,4,86,1614.6801999984746,5.244800000582472,,0.16200000027311035,15.17259999855014,,106356,,,,,,,,,,
2026-10-04T10:00:11.343104+00:00,c24a960821f04537af97030b3cc0088a,11,,4,350,,6.5699999995558755,9.173399997962406,0.1616000008652918,0.6536999990203185,0.46800000018265564,,,6249.162100000831,0.8152999998856103,57.760526999991264,estimated,"CodeCarbon software estimate (CPU/GPU/RAM), whole-machine Flower round scope",,,,
2026-10-04T10:00:17.814201+00:00,c24a960821f04537af97030b3cc0088a,12,client_01,4,88,1289.897700000438,7.72059999871999,,1.2098999995941995,50.28880000099889,,106522,,,,,,,,,,
2026-10-04T10:00:17.815201+00:00,c24a960821f04537af97030b3cc0088a,12,client_04,4,86,1306.7105999998603,6.095300001106807,,0.3044000004592817,16.68020000033721,,106526,,,,,,,,,,
2026-10-04T10:00:17.825199+00:00,c24a960821f04537af97030b3cc0088a,12,client_02,4,88,1332.5178000013693,6.172900000819936,,0.20949999998265412,45.2566999992996,,106551,,,,,,,,,,
2026-10-04T10:00:17.833196+00:00,c24a960821f04537af97030b3cc0088a,12,client_03,4,88,1318.9565000011498,7.79080000029353,,4.558700000416138,20.036800000525545,,106511,,,,,,,,,,
2026-10-04T10:00:17.870701+00:00,c24a960821f04537af97030b3cc0088a,12,,4,350,,5.8250999991287244,10.64109999970242,0.9219000003213296,0.8470999982819194,1.8750999988697004,,,5995.682700000543,1.768999998603249,55.3587669999979,estimated,"CodeCarbon software estimate (CPU/GPU/RAM), whole-machine Flower round scope",,,,
2026-10-04T10:00:24.535733+00:00,c24a960821f04537af97030b3cc0088a,13,client_02,4,88,1517.6957999992737,7.616999999299878,,0.45279999903868884,35.417499999311985,,106521,,,,,,,,,,
2026-10-04T10:00:24.536733+00:00,c24a960821f04537af97030b3cc0088a,13,client_03,4,88,1492.3170000001846,9.927900000548107,,0.9706000000733184,13.28300000022864,,106510,,,,,,,,,,
2026-10-04T10:00:24.545804+00:00,c24a960821f04537af97030b3cc0088a,13,client_01,4,88,1494.730599999457,6.538499999805936,,0.18600000112201087,41.46240000045509,,106529,,,,,,,,,,
2026-10-04T10:00:24.552346+00:00,c24a960821f04537af97030b3cc0088a,13,client_04,4,86,1543.2710999994015,5.216199999267701,,0.16739999955461826,13.66039999993518,,106501,,,,,,,,,,
2026-10-04T10:00:24.595675+00:00,c24a960821f04537af97030b3cc0088a,13,,4,350,,6.272099999478087,11.83820000187552,0.17070000103558414,0.7150000019464642,0.30169999990903307,,,6169.583299999431,0.8857000029820483,57.15465100000075,estimated,"CodeCarbon software estimate (CPU/GPU/RAM), whole-machine Flower round scope",,,,
2026-10-04T10:00:31.362616+00:00,c24a960821f04537af97030b3cc0088a,14,client_01,4,88,1190.6183999999485,5.31790000059118,,0.16939999841270037,9.785899999769754,,106619,,,,,,,,,,
2026-10-04T10:00:31.363615+00:00,c24a960821f04537af97030b3cc0088a,14,client_04,4,86,1271.0207000000082,7.103800000550109,,0.19050000082643237,15.569099999993341,,106583,,,,,,,,,,
2026-10-04T10:00:31.374614+00:00,c24a960821f04537af97030b3cc0088a,14,client_03,4,88,1309.1404999995575,7.066500000291853,,0.1702999998087762,48.91180000049644,,106593,,,,,,,,,,
2026-10-04T10:00:31.382609+00:00,c24a960821f04537af97030b3cc0088a,14,client_02,4,88,1292.0589000004838,7.326700000703568,,0.20030000086990185,16.175700000530924,,106583,,,,,,,,,,
2026-10-04T10:00:31.417334+00:00,c24a960821f04537af97030b3cc0088a,14,,4,350,,5.0670000000536675,11.365099997419748,0.16479999976581894,0.7447000025422312,0.28509999901871197,,,5982.159199998932,0.9095000023080502,55.00868099999935,estimated,"CodeCarbon software estimate (CPU/GPU/RAM), whole-machine Flower round scope",,,,
2026-10-04T10:00:37.979451+00:00,c24a960821f04537af97030b3cc0088a,15,client_03,4,88,1213.1088000005548,10.231300000668853,,0.1560000000608852,43.78560000077414,,106699,,,,,,,,,,
2026-10-04T10:00:37.980451+00:00,c24a960821f04537af97030b3cc0088a,15,client_01,4,88,1222.2512000007555,6.2682999996468425,,0.17519999892101623,3.1081000015547033,,106741,,,,,,,,,,
2026-10-04T10:00:37.991657+00:00,c24a960821f04537af97030b3cc0088a,15,client_04,4,86,1286.0292999994272,7.413700001052348,,0.5360999984986847,2.5182999997923616,,106717,,,,,,,,,,
2026-10-04T10:00:38.002029+00:00,c24a960821f04537af97030b3cc0088a,15,client_02,4,88,1284.1733000004751,8.005100000445964,,0.17590000061318278,68.8694000000396,,106722,,,,,,,,,,
2026-10-04T10:00:38.035884+00:00,c24a960821f04537af97030b3cc0088a,15,,4,350,,6.788000000597094,9.413299998414004,0.1768000001902692,0.7587000018247636,0.31540000054519624,,,6077.874699998574,0.9355000020150328,56.35633899999448,estimated,"CodeCarbon software estimate (CPU/GPU/RAM), whole-machine Flower round scope",,,,
2026-10-04T10:00:44.516077+00:00,c24a960821f04537af97030b3cc0088a,16,client_01,4,88,1351.0873000013817,5.282000000079279,,0.6494000008387957,41.83369999918796,,106739,,,,,,,,,,
2026-10-04T10:00:44.517079+00:00,c24a960821f04537af97030b3cc0088a,16,client_02,4,88,1233.256600000459,10.02169999992475,,0.34719999894150533,37.3037999997905,,106694,,,,,,,,,,
2026-10-04T10:00:44.527074+00:00,c24a960821f04537af97030b3cc0088a,16,client_04,4,86,1231.3699000005727,7.993700000952231,,0.323799999023322,31.912000000374974,,106720,,,,,,,,,,
2026-10-04T10:00:44.537071+00:00,c24a960821f04537af97030b3cc0088a,16,client_03,4,88,1299.3858999998338,6.738000000041211,,0.19869999960064888,11.54790000146022,,106675,,,,,,,,,,
2026-10-04T10:00:44.568160+00:00,c24a960821f04537af97030b3cc0088a,16,,4,350,,6.0533000014402205,9.761999999682303,0.2485999993950827,0.7410000016534468,0.26820000130101107,,,5992.093500000919,0.9896000010485295,55.25055099999008,estimated,"CodeCarbon software estimate (CPU/GPU/RAM), whole-machine Flower round scope",,,,
2026-10-04T10:00:51.673547+00:00,c24a960821f04537af97030b3cc0088a,17,client_03,4,88,1291.556899999705,8.142700000462355,,0.20029999905091245,46.186999999918044,,106682,,,,,,,,,,
2026-10-04T10:00:51.674546+00:00,c24a960821f04537af97030b3cc0088a,17,client_01,4,88,1280.837899999824,11.427700001149788,,0.21809999998367857,13.977800001157448,,106690,,,,,,,,,,
2026-10-04T10:00:51.683546+00:00,c24a960821f04537af97030b3cc0088a,17,client_04,4,86,1343.2351000010385,8.378399999855901,,0.17010000010486692,19.159399998898152,,106681,,,,,,,,,,
2026-10-04T10:00:51.692540+00:00,c24a960821f04537af97030b3cc0088a,17,client_02,4,88,1229.108699999415,7.320400000025984,,0.7697999990341486,8.53129999995872,,106690,,,,,,,,,,
2026-10-04T10:00:51.725616+00:00,c24a960821f04537af97030b3cc0088a,17,,4,350,,5.169199999727425,9.924000003593392,0.1508999994257465,0.6403000006685033,0.27999999838357326,,,6293.857600001502,0.7912000000942498,55.23561699999846,estimated,"CodeCarbon software estimate (CPU/GPU/RAM), whole-machine Flower round scope",,,,
2026-10-04T10:00:58.381188+00:00,c24a960821f04537af97030b3cc0088a,18,client_01,4,88,1560.1642000001448,8.343199999217177,,0.3732999994099373,6.777200000215089,,106742,,,,,,,,,,
2026-10-04T10:00:58.382188+00:00,c24a960821f04537af97030b3cc0088a,18,client_03,4,88,1515.987499999028,6.563400000231923,,0.44219999836059287,41.971799999373616,,106690,,,,,,,,,,
2026-10-04T10:00:58.394185+00:00,c24a960821f04537af97030b3cc0088a,18,client_04,4,86,1410.7519999997749,6.825899999967078,,0.9761999990587356,15.740699998787022,,106699,,,,,,,,,,
2026-10-04T10:00:58.404182+00:00,c24a960821f04537af97030b3cc0088a,18,client_02,4,88,1482.9529999988154,9.773399999176036,,0.7986000000528293,39.66659999969124,,106688,,,,,,,,,,
2026-10-04T10:00:58.443770+00:00,c24a960821f04537af97030b3cc0088a,18,,4,350,,6.363800001054187,9.12649999918358,0.18110000019078143,0.8753000001888722,0.3271000005042879,,,6184.362399999372,1.0564000003796536,57.36709599999813,estimated,"CodeCarbon software estimate (CPU/GPU/RAM), whole-machine Flower round scope",,,,
2026-10-04T10:01:05.326746+00:00,c24a960821f04537af97030b3cc0088a,19,client_03,4,88,1430.0597999990714,6.495900001027621,,0.2037999984167982,15.37109999844688,,106629,,,,,,,,,,
2026-10-04T10:01:05.327744+00:00,c24a960821f04537af97030b3cc0088a,19,client_01,4,88,1413.6453000010079,5.586199999015662,,0.19809999866993167,12.494499998865649,,106687,,,,,,,,,,
2026-10-04T10:01:05.337741+00:00,c24a960821f04537af97030b3cc0088a,19,client_04,4,86,1273.623500001122,9.811600000830367,,0.1934000010805903,13.053999999101507,,106630,,,,,,,,,,
2026-10-04T10:01:05.346764+00:00,c24a960821f04537af97030b3cc0088a,19,client_02,4,88,1297.899500001222,6.75760000012815,,0.2827000007528113,6.967799999983981,,106634,,,,,,,,,,
2026-10-04T10:01:05.382256+00:00,c24a960821f04537af97030b3cc0088a,19,,4,350,,5.251399999906425,10.506200002055266,0.17070000103558414,0.707900000634254,0.31800000033399556,,,6084.236999999121,0.8786000016698381,55.89727600001424,estimated,"CodeCarbon software estimate (CPU/GPU/RAM), whole-machine Flower round scope",,,,
2026-10-04T10:01:11.707654+00:00,c24a960821f04537af97030b3cc0088a,20,client_01,4,88,1138.0494000004546,10.282900000675,,1.3622999995277496,41.538800000125775,,106603,,,,,,,,,,
2026-10-04T10:01:11.708653+00:00,c24a960821f04537af97030b3cc0088a,20,client_03,4,88,1222.4310000001424,5.317099999956554,,0.16039999900385737,11.980299999777344,,106568,,,,,,,,,,
2026-10-04T10:01:11.719735+00:00,c24a960821f04537af97030b3cc0088a,20,client_04,4,86,1158.64479999982,8.77539999964938,,0.4196999998384854,46.58790000030422,,106583,,,,,,,,,,
2026-10-04T10:01:11.729731+00:00,c24a960821f04537af97030b3cc0088a,20,client_02,4,88,1158.8324000003922,10.43510000090464,,0.1992999987123767,41.09319999952277,,106542,,,,,,,,,,
2026-10-04T10:01:11.761739+00:00,c24a960821f04537af97030b3cc0088a,20,,4,350,,5.9285999996063765,9.066499998880317,0.15759999951114878,0.8297999993374106,0.2666000000317581,,,5829.3126999997185,0.9873999988485593,53.68791199998668,estimated,"CodeCarbon software estimate (CPU/GPU/RAM), whole-machine Flower round scope",,,,
2026-10-04T10:04:32.765610+00:00,1ef58c487f4d4d18a777fac7751b83e4,1,client_03,4,88,9336.028499999884,5.132400001457427,,0.15720000010333024,16.66070000101172,,106909,,,,,,,,,,
2026-10-04T10:04:32.766613+00:00,1ef58c487f4d4d18a777fac7751b83e4,1,client_02,4,88,9061.43389999852,6.193499999426422,,1.0627000010572374,11.066199998822412,,106914,,,,,,,,,,
2026-10-04T10:04:32.783604+00:00,1ef58c487f4d4d18a777fac7751b83e4,1,client_01,4,88,8451.692299999195,6.964599999264465,,0.2612000007502502,14.36699999976554,,106902,,,,,,,,,,
2026-10-04T10:04:32.796617+00:00,1ef58c487f4d4d18a777fac7751b83e4,1,client_04,4,86,9039.279599999645,5.443699999887031,,0.16760000107751694,20.143200001257355,,106891,,,,,,,,,,
2026-10-04T10:04:32.829885+00:00,1ef58c487f4d4d18a777fac7751b83e4,1,,4,350,,6.31249999969441,8.617999998023151,0.15639999946870375,0.7680999988224357,0.2524999999877764,,,14009.124000000156,0.9244999982911395,135.19761600000493,estimated,"CodeCarbon software estimate (CPU/GPU/RAM), whole-machine Flower round scope",,,,
2026-10-04T10:04:46.428927+00:00,2d09469a145948f29c6def4ed15e50f7,1,client_02,4,88,7422.714100001031,6.932399999641348,,0.19470000006549526,19.058699999732198,,106754,,,,,,,,,,
2026-10-04T10:04:46.429927+00:00,2d09469a145948f29c6def4ed15e50f7,1,client_01,4,88,7723.133700001199,7.434000001012464,,0.2595000005385373,14.505600000120467,,106754,,,,,,,,,,
2026-10-04T10:04:46.440923+00:00,2d09469a145948f29c6def4ed15e50f7,1,client_03,4,88,7731.971199998952,5.197200000111479,,0.23779999901307747,8.337999999639578,,106770,,,,,,,,,,
2026-10-04T10:04:46.450965+00:00,2d09469a145948f29c6def4ed15e50f7,1,client_04,4,86,7721.113699999478,6.214799999725074,,0.32839999948919285,8.267600000181119,,106742,,,,,,,,,,
2026-10-04T10:04:46.484052+00:00,2d09469a145948f29c6def4ed15e50f7,1,,4,350,,6.940400000530644,10.02390000030573,0.2260999990539858,0.7617999999638414,0.27629999931377824,,,12453.039400001217,0.9878999990178272,119.151008000008,estimated,"CodeCarbon software estimate (CPU/GPU/RAM), whole-machine Flower round scope",,,,
2026-10-04T10:04:52.649765+00:00,2d09469a145948f29c6def4ed15e50f7,2,client_01,4,88,865.7194000006712,8.476700000755955,,0.2700000004551839,16.398100000515115,,106721,,,,,,,,,,
2026-10-04T10:04:52.651762+00:00,2d09469a145948f29c6def4ed15e50f7,2,client_03,4,88,918.1832000012946,5.255400001260568,,0.15999999959603883,16.942800000833813,,106709,,,,,,,,,,
2026-10-04T10:04:52.660759+00:00,2d09469a145948f29c6def4ed15e50f7,2,client_04,4,86,876.3760000001639,5.357000000003609,,0.2395999999862397,39.27959999964514,,106700,,,,,,,,,,
2026-10-04T10:04:52.674754+00:00,2d09469a145948f29c6def4ed15e50f7,2,client_02,4,88,865.6821999993554,13.059999999313732,,3.5957999989477685,13.3629000010842,,106719,,,,,,,,,,
2026-10-04T10:04:52.708744+00:00,2d09469a145948f29c6def4ed15e50f7,2,,4,350,,5.455700000311481,8.56230000135838,0.1754000004439149,1.026700001602876,0.26449999859323725,,,5634.432599999855,1.202100002046791,50.77657300000283,estimated,"CodeCarbon software estimate (CPU/GPU/RAM), whole-machine Flower round scope",,,,
2026-10-04T10:04:59.039408+00:00,2d09469a145948f29c6def4ed15e50f7,3,client_01,4,88,1190.0629000010667,6.313899999440764,,0.3149999993183883,9.005599998999969,,106714,,,,,,,,,,
2026-10-04T10:04:59.040406+00:00,2d09469a145948f29c6def4ed15e50f7,3,client_03,4,88,1161.3949999991746,8.187999999790918,,0.24959999973361846,43.63489999923331,,106704,,,,,,,,,,
2026-10-04T10:04:59.051402+00:00,2d09469a145948f29c6def4ed15e50f7,3,client_04,4,86,1190.936299999521,8.051400000113063,,0.1823999991756864,44.81680000026245,,106729,,,,,,,,,,
2026-10-04T10:04:59.062400+00:00,2d09469a145948f29c6def4ed15e50f7,3,client_02,4,88,1192.6433999997244,6.443800000852207,,0.6680999995296588,42.22300000037649,,106721,,,,,,,,,,
2026-10-04T10:04:59.097144+00:00,2d09469a145948f29c6def4ed15e50f7,3,,4,350,,5.753200000981451,9.844000001976383,0.17300000035902485,0.8624999973108061,0.27460000092105474,,,5834.333000000697,1.035499997669831,53.82588800001031,estimated,"CodeCarbon software estimate (CPU/GPU/RAM), whole-machine Flower round scope",,,,
2026-10-04T10:05:05.552712+00:00,2d09469a145948f29c6def4ed15e50f7,4,client_02,4,88,930.6130000004487,16.782900000180234,,6.049900001016795,13.115199999447213,,106742,,,,,,,,,,
2026-10-04T10:05:05.553700+00:00,2d09469a145948f29c6def4ed15e50f7,4,client_03,4,88,911.2035999987711,16.874599999937345,,0.5505000008270144,10.541199999352102,,106752,,,,,,,,,,
2026-10-04T10:05:05.563696+00:00,2d09469a145948f29c6def4ed15e50f7,4,client_01,4,88,925.7507999991503,17.278500001339125,,5.001800000172807,13.046300000496558,,106728,,,,,,,,,,
2026-10-04T10:05:05.573788+00:00,2d09469a145948f29c6def4ed15e50f7,4,client_04,4,86,944.0204999991693,6.639699999141158,,0.16959999993559904,35.1862000006804,,106726,,,,,,,,,,
2026-10-04T10:05:05.607811+00:00,2d09469a145948f29c6def4ed15e50f7,4,,4,350,,5.470799998875009,10.281900000336464,0.15769999845360871,0.7774999994580867,0.6833999996160856,,,5659.532400000899,0.9351999979116954,51.563084999997955,estimated,"CodeCarbon software estimate (CPU/GPU/RAM), whole-machine Flower round scope",,,,
2026-10-04T10:05:11.720933+00:00,2d09469a145948f29c6def4ed15e50f7,5,client_02,4,88,973.5885999998573,6.229000000530505,,0.1857999995991122,39.39639999953215,,106694,,,,,,,,,,
2026-10-04T10:05:11.724929+00:00,2d09469a145948f29c6def4ed15e50f7,5,client_01,4,88,900.5852999998751,8.141899999827729,,0.23289999990083743,8.352300001206459,,106723,,,,,,,,,,
2026-10-04T10:05:11.734926+00:00,2d09469a145948f29c6def4ed15e50f7,5,client_04,4,86,946.6531999987637,5.329300000084913,,0.1818999990064185,13.727700001254561,,106717,,,,,,,,,,
2026-10-04T10:05:11.742924+00:00,2d09469a145948f29c6def4ed15e50f7,5,client_03,4,88,908.7901999992027,7.724600000074133,,0.3052000010939082,37.7197999987402,,106707,,,,,,,,,,
2026-10-04T10:05:11.779912+00:00,2d09469a145948f29c6def4ed15e50f7,5,,4,350,,8.117100000163191,10.089900000821217,0.23829999918234535,1.061400000253343,0.270799999270821,,,5627.530499999921,1.2996999994356884,51.626545000017366,estimated,"CodeCarbon software estimate (CPU/GPU/RAM), whole-machine Flower round scope",,,,
2026-10-04T10:05:17.877817+00:00,2d09469a145948f29c6def4ed15e50f7,6,client_03,4,88,899.8463999996602,8.10509999973874,,0.17979999938688707,12.115899999116664,,106623,,,,,,,,,,
2026-10-04T10:05:17.878817+00:00,2d09469a145948f29c6def4ed15e50f7,6,client_02,4,88,972.0933999997214,5.279999999402207,,0.17590000061318278,11.773700000048848,,106663,,,,,,,,,,
2026-10-04T10:05:17.889813+00:00,2d09469a145948f29c6def4ed15e50f7,6,client_04,4,86,878.8386000014725,8.584899998822948,,0.17919999845616985,14.807999999902677,,106640,,,,,,,,,,
2026-10-04T10:05:17.901624+00:00,2d09469a145948f29c6def4ed15e50f7,6,client_01,4,88,895.9109999996144,11.922699999558972,,0.18980000095325522,10.80299999921408,,106656,,,,,,,,,,
2026-10-04T10:05:17.936670+00:00,2d09469a145948f29c6def4ed15e50f7,6,,4,350,,5.193000000872416,11.839899998449255,0.15390000044135377,0.7461000004695961,0.36440000076254364,,,5614.466999999422,0.9000000009109499,51.41390499999033,estimated,"CodeCarbon software estimate (CPU/GPU/RAM), whole-machine Flower round scope",,,,
2026-10-04T10:05:23.950768+00:00,2d09469a145948f29c6def4ed15e50f7,7,client_02,4,88,905.6815999992978,9.239799999704701,,0.16819999837025534,36.77109999989625,,106733,,,,,,,,,,
2026-10-04T10:05:23.950768+00:00,2d09469a145948f29c6def4ed15e50f7,7,client_03,4,88,854.1083999989496,5.876700000953861,,0.20420000146259554,15.353200000390643,,106763,,,,,,,,,,
2026-10-04T10:05:23.963809+00:00,2d09469a145948f29c6def4ed15e50f7,7,client_01,4,88,871.7888000010134,6.181999999171239,,0.21379999998316634,18.515600000682753,,106720,,,,,,,,,,
2026-10-04T10:05:23.988096+00:00,2d09469a145948f29c6def4ed15e50f7,7,client_04,4,86,874.3740000008984,11.098699998910888,,0.6626999984291615,16.353700000763638,,106739,,,,,,,,,,
2026-10-04T10:05:24.118344+00:00,2d09469a145948f29c6def4ed15e50f7,7,,4,350,,5.725799999709125,11.048799997297465,0.16429999959655106,0.6831999980931869,0.291599999400205,,,5550.521600000138,0.8474999976897379,51.517908000005264,estimated,"CodeCarbon software estimate (CPU/GPU/RAM), whole-machine Flower round scope",,,,
2026-10-04T10:05:30.510366+00:00,2d09469a145948f29c6def4ed15e50f7,8,client_03,4,88,1112.635199999204,9.51569999961066,,0.3744000005099224,16.218700000536046,,106740,,,,,,,,,,
2026-10-04T10:05:30.511366+00:00,2d09469a145948f29c6def4ed15e50f7,8,client_04,4,86,1090.6149999991612,5.721199999243254,,0.22050000006856862,40.72930000074848,,106738,,,,,,,,,,
2026-10-04T10:05:30.523362+00:00,2d09469a145948f29c6def4ed15e50f7,8,client_02,4,88,1140.4795999987982,6.023700001605903,,0.3608999995776685,3.9772000000084518,,106719,,,,,,,,,,
2026-10-04T10:05:30.532359+00:00,2d09469a145948f29c6def4ed15e50f7,8,client_01,4,88,1147.6578999991034,7.641300000614137,,0.21149999884073623,19.472599999062368,,106721,,,,,,,,,,
2026-10-04T10:05:30.569347+00:00,2d09469a145948f29c6def4ed15e50f7,8,,4,350,,6.252600000152597,10.777300001791446,0.16180000056920107,0.9482999994361307,0.2817999993567355,,,5854.176599999846,1.1101000000053318,53.88468600000124,estimated,"CodeCarbon software estimate (CPU/GPU/RAM), whole-machine Flower round scope",,,,
2026-10-04T10:05:36.677106+00:00,2d09469a145948f29c6def4ed15e50f7,9,client_01,4,88,864.899800000785,6.124100000306498,,0.2057999990938697,36.227800001142896,,106690,,,,,,,,,,
2026-10-04T10:05:36.678106+00:00,2d09469a145948f29c6def4ed15e50f7,9,client_04,4,86,867.1444999999949,10.13269999930344,,0.6799999991926597,40.15299999991839,,106715,,,,,,,,,,
2026-10-04T10:05:36.691102+00:00,2d09469a145948f29c6def4ed15e50f7,9,client_02,4,88,889.3432000004395,6.002500000249711,,1.024300001517986,36.138699999355595,,106717,,,,,,,,,,
2026-10-04T10:05:36.702366+00:00,2d09469a145948f29c6def4ed15e50f7,9,client_03,4,88,918.4072000007291,9.379000000990345,,0.16869999853952322,9.609900000214111,,106692,,,,,,,,,,
2026-10-04T10:05:36.742558+00:00,2d09469a145948f29c6def4ed15e50f7,9,,4,350,,6.561399999554851,10.361300001022755,0.43120000009366777,0.9890000019368017,0.27150000096298754,,,5593.573099999048,1.4202000020304695,50.72747199999867,estimated,"CodeCarbon software estimate (CPU/GPU/RAM), whole-machine Flower round scope",,,,
2026-10-04T10:05:42.916158+00:00,2d09469a145948f29c6def4ed15e50f7,10,client_01,4,88,1018.9755999999761,10.003399998822715,,0.2973000009660609,13.010900000153924,,106783,,,,,,,,,,
2026-10-04T10:05:42.917424+00:00,2d09469a145948f29c6def4ed15e50f7,10,client_04,4,86,1059.108199999173,6.36800000029325,,0.2913999996962957,15.709499999502441,,106778,,,,,,,,,,
2026-10-04T10:05:42.922977+00:00,2d09469a145948f29c6def4ed15e50f7,10,client_02,4,88,1008.3802999997715,6.557900000188965,,0.24789999952190556,41.40499999994063,,106797,,,,,,,,,,
2026-10-04T10:05:42.936703+00:00,2d09469a145948f29c6def4ed15e50f7,10,client_03,4,88,935.3013999989344,6.563000000824104,,0.2468999991833698,10.830200000782497,,106772,,,,,,,,,,
2026-10-04T10:05:42.970879+00:00,2d09469a145948f29c6def4ed15e50f7,10,,4,350,,5.7018999996216735,11.246899997786386,0.21180000112508424,1.0784999958559638,0.2684999999473803,,,5692.573399999674,1.290299996981048,52.3242190000019,estimated,"CodeCarbon software estimate (CPU/GPU/RAM), whole-machine Flower round scope",,,,
2026-10-04T10:05:48.953752+00:00,2d09469a145948f29c6def4ed15e50f7,11,client_01,4,88,811.5109000009397,6.767700000636978,,0.18569999883766286,39.4665999992867,,106783,,,,,,,,,,
2026-10-04T10:05:48.954751+00:00,2d09469a145948f29c6def4ed15e50f7,11,client_03,4,88,783.369999999195,6.940499999473104,,1.7840999989857664,31.645499999285676,,106766,,,,,,,,,,
2026-10-04T10:05:48.966072+00:00,2d09469a145948f29c6def4ed15e50f7,11,client_04,4,86,797.382300001118,6.480100000771927,,4.820399999516667,12.733400000797701,,106755,,,,,,,,,,
2026-10-04T10:05:48.974670+00:00,2d09469a145948f29c6def4ed15e50f7,11,client_02,4,88,822.9554999998072,7.073500000842614,,0.3090999998676125,31.40270000039891,,106786,,,,,,,,,,
2026-10-04T10:05:49.007659+00:00,2d09469a145948f29c6def4ed15e50f7,11,,4,350,,5.123499999172054,9.828499998548068,0.13039999976172112,0.7346999991568737,0.26950000028591603,,,5466.860700000325,0.8650999989185948,49.94601300000795,estimated,"CodeCarbon software estimate (CPU/GPU/RAM), whole-machine Flower round scope",,,,
2026-10-04T10:05:54.985702+00:00,2d09469a145948f29c6def4ed15e50f7,12,client_02,4,88,878.2810000011523,8.479800000714022,,0.24190000112866983,43.941400001131115,,106760,,,,,,,,,,
2026-10-04T10:05:54.986702+00:00,2d09469a145948f29c6def4ed15e50f7,12,client_01,4,88,879.8444000003656,6.843799999842304,,0.1899999988381751,15.11220000065805,,106761,,,,,,,,,,
2026-10-04T10:05:54.997700+00:00,2d09469a145948f29c6def4ed15e50f7,12,client_03,4,88,872.7207000010822,10.711400000218418,,1.7231000001629582,42.209299999740324,,106762,,,,,,,,,,
2026-10-04T10:05:55.008695+00:00,2d09469a145948f29c6def4ed15e50f7,12,client_04,4,86,866.8548999994528,10.34790000085195,,0.8675000008224742,15.607600000294042,,106749,,,,,,,,,,
2026-10-04T10:05:55.051682+00:00,2d09469a145948f29c6def4ed15e50f7,12,,4,350,,6.063099999664701,18.817399999534246,0.1902999993035337,0.8130999976856401,0.3071000010095304,,,5524.564699999246,1.0033999969891738,50.67061899999317,estimated,"CodeCarbon software estimate (CPU/GPU/RAM), whole-machine Flower round scope",,,,
2026-10-04T10:06:01.238996+00:00,2d09469a145948f29c6def4ed15e50f7,13,client_03,4,88,902.2731999993994,14.096400000198628,,0.2795000000332948,39.269099999728496,,106839,,,,,,,,,,
2026-10-04T10:06:01.240996+00:00,2d09469a145948f29c6def4ed15e50f7,13,client_04,4,86,847.2173000009207,7.842099999834318,,0.2272000001539709,12.401600000885082,,106837,,,,,,,,,,
2026-10-04T10:06:01.250993+00:00,2d09469a145948f29c6def4ed15e50f7,13,client_01,4,88,857.5836999989406,6.57379999938712,,0.20640000002458692,39.40659999898344,,106864,,,,,,,,,,
2026-10-04T10:06:01.260937+00:00,2d09469a145948f29c6def4ed15e50f7,13,client_02,4,88,874.2650000003778,5.494000000908272,,0.18339999951422215,10.230700001557125,,106854,,,,,,,,,,
2026-10-04T10:06:01.293561+00:00,2d09469a145948f29c6def4ed15e50f7,13,,4,350,,6.795100000090315,9.1867999999522,0.16239999968092889,1.5370000000984874,0.2782000010483898,,,5582.065099999454,1.6993999997794162,51.09074399999373,estimated,"CodeCarbon software estimate (CPU/GPU/RAM), whole-machine Flower round scope",,,,
2026-10-04T10:06:07.435163+00:00,2d09469a145948f29c6def4ed15e50f7,14,client_02,4,88,941.305000000284,13.1496000012703,,0.16080000023066532,16.27790000020468,,106761,,,,,,,,,,
2026-10-04T10:06:07.437162+00:00,2d09469a145948f29c6def4ed15e50f7,14,client_01,4,88,948.7419000015507,9.944900000846246,,0.19160000010742806,8.535299999493873,,106769,,,,,,,,,,
2026-10-04T10:06:07.447947+00:00,2d09469a145948f29c6def4ed15e50f7,14,client_03,4,88,951.289499998893,9.967300000425894,,0.5853999991813907,41.1896000005072,,106778,,,,,,,,,,
2026-10-04T10:06:07.458944+00:00,2d09469a145948f29c6def4ed15e50f7,14,client_04,4,86,940.9628000012162,16.80530000157887,,0.8999000001495006,39.770299999872805,,106765,,,,,,,,,,
2026-10-04T10:06:07.500581+00:00,2d09469a145948f29c6def4ed15e50f7,14,,4,350,,5.786499999885564,12.279300000955118,0.17589999879419338,0.9363000008306699,0.44010000056005083,,,5610.596600001372,1.1121999996248633,51.44104899998638,estimated,"CodeCarbon software estimate (CPU/GPU/RAM), whole-machine Flower round scope",,,,
2026-10-04T10:06:13.856957+00:00,2d09469a145948f29c6def4ed15e50f7,15,client_04,4,86,1264.8324999991019,5.880100001377286,,0.18360000103712082,33.910000000105356,,106772,,,,,,,,,,
2026-10-04T10:06:13.857956+00:00,2d09469a145948f29c6def4ed15e50f7,15,client_02,4,88,1179.4958999998926,5.926399999225396,,0.28639999982260633,11.168500001076609,,106758,,,,,,,,,,
2026-10-04T10:06:13.870953+00:00,2d09469a145948f29c6def4ed15e50f7,15,client_01,4,88,1242.8852999983064,7.169499998781248,,0.5608000010397518,13.366900000619353,,106758,,,,,,,,,,
2026-10-04T10:06:13.879949+00:00,2d09469a145948f29c6def4ed15e50f7,15,client_03,4,88,1232.6733999998396,8.445200001006015,,0.8578000015404541,29.774999999062857,,106779,,,,,,,,,,
2026-10-04T10:06:13.919937+00:00,2d09469a145948f29c6def4ed15e50f7,15,,4,350,,5.313499999829219,10.310199999366887,0.17139999908977188,0.6362999993143603,0.44499999967229087,,,5876.518700000815,0.8076999984041322,54.32137699999657,estimated,"CodeCarbon software estimate (CPU/GPU/RAM), whole-machine Flower round scope",,,,
2026-10-04T10:06:19.939911+00:00,2d09469a145948f29c6def4ed15e50f7,16,client_04,4,86,825.9461000016017,5.437100000563078,,0.1725999991322169,91.46329999930458,,106839,,,,,,,,,,
2026-10-04T10:06:19.941910+00:00,2d09469a145948f29c6def4ed15e50f7,16,client_01,4,88,856.6943999994692,9.080799998628208,,0.2131000001099892,16.62639999995008,,106854,,,,,,,,,,
2026-10-04T10:06:19.950013+00:00,2d09469a145948f29c6def4ed15e50f7,16,client_03,4,88,869.0158000008523,7.478999999875668,,0.19890000112354755,11.567200001081801,,106843,,,,,,,,,,
2026-10-04T10:06:19.963010+00:00,2d09469a145948f29c6def4ed15e50f7,16,client_02,4,88,848.8311000000976,7.040299999061972,,0.3744999994523823,15.546800001175143,,106834,,,,,,,,,,
2026-10-04T10:06:19.997873+00:00,2d09469a145948f29c6def4ed15e50f7,16,,4,350,,5.263799999738694,10.187800000494462,0.16839999989315402,1.138100000389386,0.28610000117623713,,,5520.261300000129,1.30650000028254,50.74668799999927,estimated,"CodeCarbon software estimate (CPU/GPU/RAM), whole-machine Flower round scope",,,,
2026-10-04T10:06:25.937993+00:00,2d09469a145948f29c6def4ed15e50f7,17,client_03,4,88,831.8373000001884,6.758699999409146,,0.14709999959450215,44.966999999815016,,106790,,,,,,,,,,
2026-10-04T10:06:25.938992+00:00,2d09469a145948f29c6def4ed15e50f7,17,client_04,4,86,880.1397000006546,5.329500001607812,,0.16739999955461826,11.716999999407562,,106818,,,,,,,,,,
2026-10-04T10:06:25.948989+00:00,2d09469a145948f29c6def4ed15e50f7,17,client_01,4,88,828.3152999993035,7.231199999296223,,0.1745000008668285,31.312000000980333,,106819,,,,,,,,,,
2026-10-04T10:06:25.960985+00:00,2d09469a145948f29c6def4ed15e50f7,17,client_02,4,88,819.3932000012865,7.3594000004959526,,0.2065999997284962,11.711600000126055,,106820,,,,,,,,,,
2026-10-04T10:06:25.992975+00:00,2d09469a145948f29c6def4ed15e50f7,17,,4,350,,6.919399998878362,8.162000001902925,0.2021000000240747,0.6057000009604963,0.24479999956383836,,,5475.259799999549,0.8078000009845709,50.313342999997985,estimated,"CodeCarbon software estimate (CPU/GPU/RAM), whole-machine Flower round scope",,,,
2026-10-04T10:06:32.032186+00:00,2d09469a145948f29c6def4ed15e50f7,18,client_01,4,88,841.1212999999407,7.2297999995498685,,0.3194999990228098,7.472699999198085,,106797,,,,,,,,,,
2026-10-04T10:06:32.033186+00:00,2d09469a145948f29c6def4ed15e50f7,18,client_04,4,86,891.8206000016653,5.197700000280747,,0.16119999963848386,13.481800000590738,,106809,,,,,,,,,,
2026-10-04T10:06:32.043182+00:00,2d09469a145948f29c6def4ed15e50f7,18,client_02,4,88,833.087400000295,5.814500000269618,,0.40529999932914507,11.91099999959988,,106811,,,,,,,,,,
2026-10-04T10:06:32.054179+00:00,2d09469a145948f29c6def4ed15e50f7,18,client_03,4,88,859.1031000014482,5.487200000061421,,0.5691000005754177,30.158300000039162,,106815,,,,,,,,,,
2026-10-04T10:06:32.087168+00:00,2d09469a145948f29c6def4ed15e50f7,18,,4,350,,5.3312000000005355,8.923399998820969,0.14860000010230578,0.6565000003320165,0.38379999932658393,,,5547.36899999989,0.8051000004343223,50.616587000004074,estimated,"CodeCarbon software estimate (CPU/GPU/RAM), whole-machine Flower round scope",,,,
2026-10-04T10:06:38.283503+00:00,2d09469a145948f29c6def4ed15e50f7,19,client_03,4,88,1053.6319999991974,6.589699998585274,,0.1695000009931391,36.96239999953832,,106824,,,,,,,,,,
2026-10-04T10:06:38.284504+00:00,2d09469a145948f29c6def4ed15e50f7,19,client_02,4,88,1099.0598999997019,5.609899999399204,,0.16589999904681463,33.88909999921452,,106813,,,,,,,,,,
2026-10-04T10:06:38.301045+00:00,2d09469a145948f29c6def4ed15e50f7,19,client_01,4,88,1121.9052000014926,5.193499999222695,,0.1585000009072246,38.04309999941324,,106823,,,,,,,,,,
2026-10-04T10:06:38.310041+00:00,2d09469a145948f29c6def4ed15e50f7,19,client_04,4,86,1078.5905000011553,7.3708999989321455,,0.18460000137565657,8.375200000955374,,106820,,,,,,,,,,
2026-10-04T10:06:38.343123+00:00,2d09469a145948f29c6def4ed15e50f7,19,,4,350,,5.541800001083175,9.620300001188298,0.28169999859528616,0.5882000004930887,0.4673000003094785,,,5730.853200000638,0.8698999990883749,52.901937000006,estimated,"CodeCarbon software estimate (CPU/GPU/RAM), whole-machine Flower round scope",,,,
2026-10-04T10:06:44.335482+00:00,2d09469a145948f29c6def4ed15e50f7,20,client_01,4,88,801.7717999991874,8.057900000494556,,1.034599999911734,17.8581000000122,,106882,,,,,,,,,,
2026-10-04T10:06:44.336481+00:00,2d09469a145948f29c6def4ed15e50f7,20,client_02,4,88,789.138100000855,9.621600000173203,,0.17470000057073776,32.9197999999451,,106859,,,,,,,,,,
2026-10-04T10:06:44.346478+00:00,2d09469a145948f29c6def4ed15e50f7,20,client_03,4,88,801.1454999996204,9.575800000675372,,0.19109999993816018,50.76019999978598,,106837,,,,,,,,,,
2026-10-04T10:06:44.354475+00:00,2d09469a145948f29c6def4ed15e50f7,20,client_04,4,86,806.8037000011827,7.084799999574898,,0.47730000005685724,31.33189999971364,,106883,,,,,,,,,,
2026-10-04T10:06:44.390463+00:00,2d09469a145948f29c6def4ed15e50f7,20,,4,350,,6.848700000773533,10.381000000052154,0.17110000044340268,0.603999998929794,0.3555999992386205,,,5513.700399998925,0.7750999993731966,50.21244700001262,estimated,"CodeCarbon software estimate (CPU/GPU/RAM), whole-machine Flower round scope",,,,
2026-10-04T10:06:57.913534+00:00,25afde9987ed4f87b292f26904fd9006,1,client_02,4,88,7524.493699998857,8.605299999544513,,0.2522000013414072,11.341700001139543,,106761,,,,,,,,,,
2026-10-04T10:06:57.914533+00:00,25afde9987ed4f87b292f26904fd9006,1,client_03,4,88,6917.415699999765,6.241099999897415,,0.16340000001946464,34.597199999552686,,106796,,,,,,,,,,
2026-10-04T10:06:57.923162+00:00,25afde9987ed4f87b292f26904fd9006,1,client_04,4,86,7646.282199999405,5.647500000122818,,0.17769999976735562,14.567199999873992,,106803,,,,,,,,,,
2026-10-04T10:06:57.935563+00:00,25afde9987ed4f87b292f26904fd9006,1,client_01,4,88,7822.6655999988,7.886700001108693,,0.1585000009072246,40.83559999889985,,106776,,,,,,,,,,
2026-10-04T10:06:57.969084+00:00,25afde9987ed4f87b292f26904fd9006,1,,4,350,,6.733000000167522,9.098300000914605,0.20310000036261044,0.7767999977659201,0.36889999864797574,,,12468.698399999994,0.9798999981285306,120.06771899999877,estimated,"CodeCarbon software estimate (CPU/GPU/RAM), whole-machine Flower round scope",,,,
2026-10-04T10:07:04.319254+00:00,25afde9987ed4f87b292f26904fd9006,2,client_03,4,88,1081.1775000001944,8.408600000620936,,0.8677000005263835,38.577000001168926,,106742,,,,,,,,,,
2026-10-04T10:07:04.321254+00:00,25afde9987ed4f87b292f26904fd9006,2,client_04,4,86,1102.7613999995083,8.208300001570024,,1.0464999995747348,31.150000000707223,,106763,,,,,,,,,,
2026-10-04T10:07:04.331250+00:00,25afde9987ed4f87b292f26904fd9006,2,client_01,4,88,1114.3999000014446,7.431299998643226,,0.9064999994734535,11.409599999751663,,106746,,,,,,,,,,
2026-10-04T10:07:04.342246+00:00,25afde9987ed4f87b292f26904fd9006,2,client_02,4,88,1111.3550999998552,8.296900001369067,,1.4238000003388152,11.44410000051721,,106763,,,,,,,,,,
2026-10-04T10:07:04.376236+00:00,25afde9987ed4f87b292f26904fd9006,2,,4,350,,5.374500000471016,9.166299998469185,0.15859999984968454,0.701700002537109,0.2987000007124152,,,5778.600899999219,0.8603000023867935,52.875450999999885,estimated,"CodeCarbon software estimate (CPU/GPU/RAM), whole-machine Flower round scope",,,,
2026-10-04T10:07:10.775019+00:00,25afde9987ed4f87b292f26904fd9006,3,client_04,4,86,1140.4576000004454,7.216199999675155,,1.6447000016341917,17.446399999244022,,106840,,,,,,,,,,
2026-10-04T10:07:10.783036+00:00,25afde9987ed4f87b292f26904fd9006,3,client_02,4,88,1244.54440000045,5.714300001272932,,0.16929999947024044,13.306600001669722,,106829,,,,,,,,,,
2026-10-04T10:07:10.793060+00:00,25afde9987ed4f87b292f26904fd9006,3,client_01,4,88,1145.1644000007946,7.296699999642442,,0.41539999983797316,9.33690000056231,,106827,,,,,,,,,,
2026-10-04T10:07:10.803260+00:00,25afde9987ed4f87b292f26904fd9006,3,client_03,4,88,1254.950500000632,43.65150000012363,,0.1742999993439298,11.230400001295493,,106853,,,,,,,,,,
2026-10-04T10:07:10.878407+00:00,25afde9987ed4f87b292f26904fd9006,3,,4,350,,5.929599999944912,8.51659999716503,0.1543000016681617,0.6799999955546809,0.2925000007962808,,,5930.608399999983,0.8342999972228426,54.76189900000463,estimated,"CodeCarbon software estimate (CPU/GPU/RAM), whole-machine Flower round scope",,,,
2026-10-04T10:07:17.012922+00:00,25afde9987ed4f87b292f26904fd9006,4,client_01,4,88,965.932299999622,13.63619999938237,,0.523199998497148,10.93140000011772,,106808,,,,,,,,,,
2026-10-04T10:07:17.016920+00:00,25afde9987ed4f87b292f26904fd9006,4,client_02,4,88,960.6514000006428,5.251500000667875,,0.16930000128922984,64.72430000030727,,106829,,,,,,,,,,
2026-10-04T10:07:17.025917+00:00,25afde9987ed4f87b292f26904fd9006,4,client_04,4,86,947.5184000002628,6.865800000014133,,0.1726000009512063,7.373399999778485,,106842,,,,,,,,,,
2026-10-04T10:07:17.034915+00:00,25afde9987ed4f87b292f26904fd9006,4,client_03,4,88,966.5635999990627,10.576799999398645,,0.20539999968605116,13.120400000843802,,106837,,,,,,,,,,
2026-10-04T10:07:17.070953+00:00,25afde9987ed4f87b292f26904fd9006,4,,4,350,,5.15119999909075,9.700900001917034,0.158200000441866,0.6364000000758097,0.6123999992269091,,,5628.46300000092,0.7946000005176757,51.78024499999083,estimated,"CodeCarbon software estimate (CPU/GPU/RAM), whole-machine Flower round scope",,,,
2026-10-04T10:07:23.167939+00:00,25afde9987ed4f87b292f26904fd9006,5,client_03,4,88,994.829999999638,6.577500000275904,,0.16909999976633117,38.49910000099044,,106851,,,,,,,,,,
2026-10-04T10:07:23.168937+00:00,25afde9987ed4f87b292f26904fd9006,5,client_01,4,88,948.5459000006813,7.18109999979788,,0.17640000078245066,41.886599999998,,106852,,,,,,,,,,
2026-10-04T10:07:23.179934+00:00,25afde9987ed4f87b292f26904fd9006,5,client_02,4,88,912.2919000001275,8.856399999785936,,0.18389999968349002,10.831199999302044,,106858,,,,,,,,,,
2026-10-04T10:07:23.190932+00:00,25afde9987ed4f87b292f26904fd9006,5,client_04,4,86,910.3830000003654,6.6740000002027955,,0.7370000002993038,34.26160000162781,,106841,,,,,,,,,,
2026-10-04T10:07:23.223920+00:00,25afde9987ed4f87b292f26904fd9006,5,,4,350,,5.687400000169873,11.035999999876367,0.16069999946921598,0.7108999980118824,0.2839999997377163,,,5620.9060000001045,0.8715999974810984,51.64663000001383,estimated,"CodeCarbon software estimate (CPU/GPU/RAM), whole-machine Flower round scope",,,,
2026-10-04T10:07:29.394830+00:00,25afde9987ed4f87b292f26904fd9006,6,client_02,4,88,1022.4199000003864,10.303700000804383,,1.589100000273902,11.917399999219924,,106918,,,,,,,,,,
2026-10-04T10:07:29.395968+00:00,25afde9987ed4f87b292f26904fd9006,6,client_03,4,88,995.1110999991215,12.915799999973387,,0.6694999992760131,44.3278000002465,,106928,,,,,,,,,,
2026-10-04T10:07:29.406966+00:00,25afde9987ed4f87b292f26904fd9006,6,client_01,4,88,1010.6265999984316,9.509999999863794,,0.373500000932836,33.76420000131475,,106934,,,,,,,,,,
2026-10-04T10:07:29.414963+00:00,25afde9987ed4f87b292f26904fd9006,6,client_04,4,86,1051.15620000106,7.440400000632508,,0.17939999997906853,32.020399999964866,,106929,,,,,,,,,,
2026-10-04T10:07:29.448338+00:00,25afde9987ed4f87b292f26904fd9006,6,,4,350,,5.369800001062686,9.655299998485134,0.17490000027464703,0.8072999989963137,0.269900001512724,,,5680.149700001493,0.9821999992709607,52.33181900001,estimated,"CodeCarbon software estimate (CPU/GPU/RAM), whole-machine Flower round scope",,,,
2026-10-04T10:07:36.302789+00:00,25afde9987ed4f87b292f26904fd9006,7,client_03,4,88,1027.4116000000504,8.029199998418335,,0.2065999997284962,12.894200001028366,,106924,,,,,,,,,,
2026-10-04T10:07:36.303789+00:00,25afde9987ed4f87b292f26904fd9006,7,client_04,4,86,1028.285099999266,8.633800000097835,,0.17320000006293412,13.224100001025363,,106899,,,,,,,,,,
2026-10-04T10:07:36.315786+00:00,25afde9987ed4f87b292f26904fd9006,7,client_02,4,88,1015.7712999989599,8.1514999983483,,0.9126999993895879,14.486100000794977,,106924,,,,,,,,,,
2026-10-04T10:07:36.325782+00:00,25afde9987ed4f87b292f26904fd9006,7,client_01,4,88,1115.2519999996002,5.384899999626214,,0.18319999981031287,11.65450000007695,,106916,,,,,,,,,,
2026-10-04T10:07:36.365771+00:00,25afde9987ed4f87b292f26904fd9006,7,,4,350,,6.539600000905921,9.514100001979386,0.299299999824143,0.8615000006102491,0.2841000004991656,,,5826.477899998281,1.1608000004343921,52.9168319999917,estimated,"CodeCarbon software estimate (CPU/GPU/RAM), whole-machine Flower round scope",,,,
2026-10-04T10:07:42.531093+00:00,25afde9987ed4f87b292f26904fd9006,8,client_02,4,88,954.979899999671,6.853299999420415,,0.8647999984532362,33.29679999842483,,106913,,,,,,,,,,
2026-10-04T10:07:42.532092+00:00,25afde9987ed4f87b292f26904fd9006,8,client_01,4,88,964.0280000003258,14.377599998624646,,0.1754000004439149,37.08600000027218,,106895,,,,,,,,,,
2026-10-04T10:07:42.545254+00:00,25afde9987ed4f87b292f26904fd9006,8,client_04,4,86,1032.8723000002356,8.017500000278233,,0.1725999991322169,5.082800000309362,,106888,,,,,,,,,,
2026-10-04T10:07:42.554244+00:00,25afde9987ed4f87b292f26904fd9006,8,client_03,4,88,983.2352000012179,6.371199999193777,,0.17520000074000563,34.425799998643924,,106894,,,,,,,,,,
2026-10-04T10:07:42.586233+00:00,25afde9987ed4f87b292f26904fd9006,8,,4,350,,6.443899999794667,9.7894999980781,0.2585000002000015,0.6625999994867016,0.26559999969322234,,,5635.227099999611,0.9210999996867031,51.66878900001392,estimated,"CodeCarbon software estimate (CPU/GPU/RAM), whole-machine Flower round scope",,,,
2026-10-04T10:07:48.691335+00:00,25afde9987ed4f87b292f26904fd9006,9,client_01,4,88,960.579399999915,7.532000001447159,,0.3221000006305985,18.71190000019851,,106861,,,,,,,,,,
2026-10-04T10:07:48.692335+00:00,25afde9987ed4f87b292f26904fd9006,9,client_03,4,88,991.2943999988784,6.025099999533268,,0.1685999995970633,14.764500001547276,,106866,,,,,,,,,,
2026-10-04T10:07:48.702462+00:00,25afde9987ed4f87b292f26904fd9006,9,client_02,4,88,953.7490000002435,6.02200000139419,,0.19640000027720816,28.278200001295772,,106890,,,,,,,,,,
2026-10-04T10:07:48.711458+00:00,25afde9987ed4f87b292f26904fd9006,9,client_04,4,86,910.8728999999585,10.771799999929499,,0.1998999996430939,17.361000000164495,,106860,,,,,,,,,,
2026-10-04T10:07:48.748167+00:00,25afde9987ed4f87b292f26904fd9006,9,,4,350,,6.789299999581999,10.650800000803429,0.16320000031555537,1.066700000592391,0.27770000087912194,,,5619.081799999549,1.2299000009079464,51.76750700000411,estimated,"CodeCarbon software estimate (CPU/GPU/RAM), whole-machine Flower round scope",,,,
2026-10-04T10:07:54.851647+00:00,25afde9987ed4f87b292f26904fd9006,10,client_04,4,86,951.6139999996085,8.614699998361175,,0.18350000027567148,13.227899999037618,,106701,,,,,,,,,,
2026-10-04T10:07:54.853646+00:00,25afde9987ed4f87b292f26904fd9006,10,client_03,4,88,958.5575999990397,13.598200001069927,,0.5756999998993706,37.96330000113812,,106747,,,,,,,,,,
2026-10-04T10:07:54.864643+00:00,25afde9987ed4f87b292f26904fd9006,10,client_02,4,88,1048.4224000010727,9.228800001437776,,0.1726000009512063,10.147799999685958,,106710,,,,,,,,,,
2026-10-04T10:07:54.873640+00:00,25afde9987ed4f87b292f26904fd9006,10,client_01,4,88,953.7551000012172,5.867599998964579,,0.18420000014884863,46.44980000011856,,106718,,,,,,,,,,
2026-10-04T10:07:54.905348+00:00,25afde9987ed4f87b292f26904fd9006,10,,4,350,,5.231499999354128,8.781200000157696,0.16400000095018186,1.1713999974745093,0.27099999897473026,,,5632.577599999422,1.3353999984246911,52.04573299999537,estimated,"CodeCarbon software estimate (CPU/GPU/RAM), whole-machine Flower round scope",,,,
2026-10-04T10:08:01.056403+00:00,25afde9987ed4f87b292f26904fd9006,11,client_01,4,88,943.7909000007494,7.036200000584358,,0.6584999991900986,28.105600000344566,,106571,,,,,,,,,,
2026-10-04T10:08:01.057402+00:00,25afde9987ed4f87b292f26904fd9006,11,client_04,4,86,1041.639999999461,7.305900000574184,,0.17810000099416357,4.233199999362114,,106570,,,,,,,,,,
2026-10-04T10:08:01.068399+00:00,25afde9987ed4f87b292f26904fd9006,11,client_02,4,88,1016.3957000004302,5.865000000994769,,0.1889000013761688,49.52000000048429,,106585,,,,,,,,,,
2026-10-04T10:08:01.079396+00:00,25afde9987ed4f87b292f26904fd9006,11,client_03,4,88,933.1931000015175,12.440599999536062,,0.22309999985736795,41.202500000508735,,106581,,,,,,,,,,
2026-10-04T10:08:01.112628+00:00,25afde9987ed4f87b292f26904fd9006,11,,4,350,,5.671400000210269,8.545199998479802,0.16710000090824906,0.7337000006373273,1.585400001204107,,,5643.187699999544,0.9008000015455764,52.01707099999112,estimated,"CodeCarbon software estimate (CPU/GPU/RAM), whole-machine Flower round scope",,,,
2026-10-04T10:08:07.319713+00:00,25afde9987ed4f87b292f26904fd9006,12,client_02,4,88,959.4987000000401,9.710599999380065,,0.37770000017189886,36.82669999943755,,106524,,,,,,,,,,
2026-10-04T10:08:07.321712+00:00,25afde9987ed4f87b292f26904fd9006,12,client_04,4,86,1017.7413999990677,8.28899999942223,,0.27489999956742395,6.366300000081537,,106560,,,,,,,,,,
2026-10-04T10:08:07.331709+00:00,25afde9987ed4f87b292f26904fd9006,12,client_03,4,88,982.6236000008066,5.7703999991645105,,0.17689999913272914,35.95900000073016,,106529,,,,,,,,,,
2026-10-04T10:08:07.339706+00:00,25afde9987ed4f87b292f26904fd9006,12,client_01,4,88,919.2638999993505,20.919700000376906,,1.0671999989426695,37.34249999979511,,106501,,,,,,,,,,
2026-10-04T10:08:07.375695+00:00,25afde9987ed4f87b292f26904fd9006,12,,4,350,,6.679899999653571,9.836899998845183,0.3195999997842591,0.8284000014100457,0.2789999998640269,,,5658.235099999729,1.1480000011943048,51.69120399999884,estimated,"CodeCarbon software estimate (CPU/GPU/RAM), whole-machine Flower round scope",,,,
2026-10-04T10:08:13.818051+00:00,25afde9987ed4f87b292f26904fd9006,13,client_02,4,88,1336.5061000004061,9.169200000542332,,0.28390000079525635,10.02379999954428,,106427,,,,,,,,,,
2026-10-04T10:08:13.819052+00:00,25afde9987ed4f87b292f26904fd9006,13,client_03,4,88,1261.129800001072,5.404499999713153,,0.1681000012467848,14.419499999348773,,106406,,,,,,,,,,
2026-10-04T10:08:13.829408+00:00,25afde9987ed4f87b292f26904fd9006,13,client_04,4,86,1215.4408999995212,7.64780000099563,,0.2065999997284962,9.659600000304636,,106402,,,,,,,,,,
2026-10-04T10:08:13.839405+00:00,25afde9987ed4f87b292f26904fd9006,13,client_01,4,88,1323.2939999998052,9.815299999900162,,0.7018999986030394,11.19710000057239,,106444,,,,,,,,,,
2026-10-04T10:08:13.872394+00:00,25afde9987ed4f87b292f26904fd9006,13,,4,350,,6.371700001182035,9.26409999919997,0.16599999980826396,1.3018000008742092,0.2688000004127389,,,5955.981299999621,1.4678000006824732,55.020416999996094,estimated,"CodeCarbon software estimate (CPU/GPU/RAM), whole-machine Flower round scope",,,,
2026-10-04T10:08:20.172803+00:00,25afde9987ed4f87b292f26904fd9006,14,client_04,4,86,991.2356000004365,7.6873999987583375,,0.27910000062547624,35.634900001241476,,106375,,,,,,,,,,
2026-10-04T10:08:20.172803+00:00,25afde9987ed4f87b292f26904fd9006,14,client_02,4,88,949.8617999997805,6.743899999491987,,0.4816999989998294,10.10150000001886,,106365,,,,,,,,,,
2026-10-04T10:08:20.184179+00:00,25afde9987ed4f87b292f26904fd9006,14,client_01,4,88,1040.3360000000248,5.376399998567649,,0.15469999925699085,12.95639999989362,,106350,,,,,,,,,,
2026-10-04T10:08:20.193262+00:00,25afde9987ed4f87b292f26904fd9006,14,client_03,4,88,968.1808999994246,7.198299999799929,,3.613700000641984,15.69049999852723,,106396,,,,,,,,,,
2026-10-04T10:08:20.227418+00:00,25afde9987ed4f87b292f26904fd9006,14,,4,350,,5.29139999889594,10.385399998995126,0.15419999908772297,0.8080000006884802,0.2756000012595905,,,5736.4278999993985,0.9621999997762032,52.22365700001319,estimated,"CodeCarbon software estimate (CPU/GPU/RAM), whole-machine Flower round scope",,,,
2026-10-04T10:08:26.294520+00:00,25afde9987ed4f87b292f26904fd9006,15,client_04,4,86,960.8465000001161,7.7753999994456535,,0.18149999959859997,13.228899999376154,,106329,,,,,,,,,,
2026-10-04T10:08:26.295520+00:00,25afde9987ed4f87b292f26904fd9006,15,client_01,4,88,962.1282999996765,7.179100000939798,,0.23490000057790894,14.846599999145838,,106337,,,,,,,,,,
2026-10-04T10:08:26.305518+00:00,25afde9987ed4f87b292f26904fd9006,15,client_02,4,88,904.2895999991742,7.235899998704554,,0.18850000014936086,12.078899999323767,,106328,,,,,,,,,,
2026-10-04T10:08:26.314513+00:00,25afde9987ed4f87b292f26904fd9006,15,client_03,4,88,947.0148000000336,5.749199999627308,,0.3407000003790017,15.535900000031688,,106324,,,,,,,,,,
2026-10-04T10:08:26.350502+00:00,25afde9987ed4f87b292f26904fd9006,15,,4,350,,5.305599999701371,10.57570000011765,1.0449000001244713,1.0038000018539606,0.27570000020205043,,,5582.660599999144,2.048700001978432,51.497235000006185,estimated,"CodeCarbon software estimate (CPU/GPU/RAM), whole-machine Flower round scope",,,,
2026-10-04T10:08:32.463842+00:00,25afde9987ed4f87b292f26904fd9006,16,client_04,4,86,964.6286000006512,7.10839999919699,,0.19330000031914096,49.85150000175054,,106279,,,,,,,,,,
2026-10-04T10:08:32.466841+00:00,25afde9987ed4f87b292f26904fd9006,16,client_01,4,88,991.4712000008876,5.609299998468487,,0.16699999832781032,72.97680000010587,,106266,,,,,,,,,,
2026-10-04T10:08:32.478930+00:00,25afde9987ed4f87b292f26904fd9006,16,client_03,4,88,944.4017999994685,5.9252999999444,,0.19659999998111743,18.563600000561564,,106267,,,,,,,,,,
2026-10-04T10:08:32.488926+00:00,25afde9987ed4f87b292f26904fd9006,16,client_02,4,88,1013.8059000000794,8.428399998592795,,0.1993000005313661,12.894200001028366,,106277,,,,,,,,,,
2026-10-04T10:08:32.525146+00:00,25afde9987ed4f87b292f26904fd9006,16,,4,350,,5.115800000567106,11.001900000337628,0.14680000094813295,1.0115000004589092,0.28419999944162555,,,5640.083600001162,1.1583000014070421,52.02268400000321,estimated,"CodeCarbon software estimate (CPU/GPU/RAM), whole-machine Flower round scope",,,,
2026-10-04T10:08:38.734254+00:00,25afde9987ed4f87b292f26904fd9006,17,client_01,4,88,1032.2732999993605,5.237700001089252,,0.18289999934495427,74.70189999912691,,106254,,,,,,,,,,
2026-10-04T10:08:38.736251+00:00,25afde9987ed4f87b292f26904fd9006,17,client_03,4,88,952.7986000011879,8.648700000776444,,0.18249999993713573,21.152300001631374,,106249,,,,,,,,,,
2026-10-04T10:08:38.746248+00:00,25afde9987ed4f87b292f26904fd9006,17,client_04,4,86,935.1661000000604,8.985300000858842,,0.14700000065204222,47.01319999912812,,106255,,,,,,,,,,
2026-10-04T10:08:38.755266+00:00,25afde9987ed4f87b292f26904fd9006,17,client_02,4,88,946.0589999998774,6.930800000191084,,0.17300000035902485,44.88060000039695,,106270,,,,,,,,,,
2026-10-04T10:08:38.789234+00:00,25afde9987ed4f87b292f26904fd9006,17,,4,350,,4.87529999918479,9.737899999890942,0.1449999999749707,0.9640999996918254,0.27550000049814116,,,5707.924500000445,1.109099999666796,52.67460799999754,estimated,"CodeCarbon software estimate (CPU/GPU/RAM), whole-machine Flower round scope",,,,
2026-10-04T10:08:44.955564+00:00,25afde9987ed4f87b292f26904fd9006,18,client_01,4,88,1001.3786999988952,6.620199999815668,,0.161899999511661,43.18369999964489,,106235,,,,,,,,,,
2026-10-04T10:08:44.956564+00:00,25afde9987ed4f87b292f26904fd9006,18,client_04,4,86,948.4601999993174,6.056300000636838,,0.18810000074154232,40.532600000005914,,106221,,,,,,,,,,
2026-10-04T10:08:44.971577+00:00,25afde9987ed4f87b292f26904fd9006,18,client_02,4,88,949.2444999996223,6.673300000329618,,0.21249999917927198,20.448199999009375,,106268,,,,,,,,,,
2026-10-04T10:08:44.982555+00:00,25afde9987ed4f87b292f26904fd9006,18,client_03,4,88,904.7251000010874,8.13170000037644,,0.27240000054007396,10.499300000446965,,106250,,,,,,,,,,
2026-10-04T10:08:45.019602+00:00,25afde9987ed4f87b292f26904fd9006,18,,4,350,,5.128099999637925,10.542300000452087,0.15809999968041666,1.0578999990684679,0.33570000050531235,,,5644.295899999634,1.2159999987488845,51.89652400000341,estimated,"CodeCarbon software estimate (CPU/GPU/RAM), whole-machine Flower round scope",,,,
2026-10-04T10:08:51.220743+00:00,25afde9987ed4f87b292f26904fd9006,19,client_03,4,88,1004.885700000159,16.18409999900905,,0.4943000003549969,37.21869999935734,,106276,,,,,,,,,,
2026-10-04T10:08:51.221850+00:00,25afde9987ed4f87b292f26904fd9006,19,client_01,4,88,1025.3462000000582,16.373700000258395,,3.0083000001468463,17.551500000990927,,106250,,,,,,,,,,
2026-10-04T10:08:51.233738+00:00,25afde9987ed4f87b292f26904fd9006,19,client_02,4,88,1005.7317999999213,8.885499999450985,,0.26670000079320744,36.968200000046636,,106264,,,,,,,,,,
2026-10-04T10:08:51.244735+00:00,25afde9987ed4f87b292f26904fd9006,19,client_04,4,86,1098.6769999999524,8.124999998472049,,0.1754000004439149,16.071699999884004,,106258,,,,,,,,,,
2026-10-04T10:08:51.276835+00:00,25afde9987ed4f87b292f26904fd9006,19,,4,350,,6.171299999550683,8.421899996392312,0.16140000116138253,0.6623000008403324,0.259300000834628,,,5716.948700001012,0.8237000020017149,52.62244700001247,estimated,"CodeCarbon software estimate (CPU/GPU/RAM), whole-machine Flower round scope",,,,
2026-10-04T10:08:57.539068+00:00,25afde9987ed4f87b292f26904fd9006,20,client_03,4,88,1093.772899999749,8.35679999909189,,0.6462000001192791,13.567199999670265,,106353,,,,,,,,,,
2026-10-04T10:08:57.541067+00:00,25afde9987ed4f87b292f26904fd9006,20,client_04,4,86,1116.8854999996256,5.531099999643629,,0.17870000010589138,12.861200000770623,,106340,,,,,,,,,,
2026-10-04T10:08:57.552062+00:00,25afde9987ed4f87b292f26904fd9006,20,client_02,4,88,1042.4074000002292,7.222300000648829,,0.2714000002015382,43.29970000071626,,106349,,,,,,,,,,
2026-10-04T10:08:57.562060+00:00,25afde9987ed4f87b292f26904fd9006,20,client_01,4,88,1058.4734000003664,11.831099998744321,,2.2645000008196803,31.35169999950449,,106333,,,,,,,,,,
2026-10-04T10:08:57.594067+00:00,25afde9987ed4f87b292f26904fd9006,20,,4,350,,5.184499999813852,10.02360000165936,0.13550000039685983,0.7072000007610768,0.27240000054007396,,,5763.21900000039,0.8427000011579366,52.9961159999948,estimated,"CodeCarbon software estimate (CPU/GPU/RAM), whole-machine Flower round scope",,,,
2026-10-04T10:09:11.036877+00:00,2fd1f8b62e3a4fabb0600609236e5f85,1,client_01,4,88,7599.323200000072,8.714199999303673,,0.16540000069653615,19.07730000129959,,106730,,,,,,,,,,
2026-10-04T10:09:11.037877+00:00,2fd1f8b62e3a4fabb0600609236e5f85,1,client_04,4,86,6245.277899999564,65.63500000083877,,2.2773999990022276,18.156300000555348,,106721,,,,,,,,,,
2026-10-04T10:09:11.045510+00:00,2fd1f8b62e3a4fabb0600609236e5f85,1,client_02,4,88,6579.5321999994485,12.433300000338932,,2.22589999975753,59.87739999909536,,106708,,,,,,,,,,
2026-10-04T10:09:11.056795+00:00,2fd1f8b62e3a4fabb0600609236e5f85,1,client_03,4,88,7188.5041000005,6.618400000661495,,0.15050000001792796,73.83490000029269,,106709,,,,,,,,,,
2026-10-04T10:09:11.091494+00:00,2fd1f8b62e3a4fabb0600609236e5f85,1,,4,350,,6.731699999363627,10.987899999236106,0.44019999950251076,0.7626000005984679,0.25180000011459924,,,12285.0985999994,1.2028000001009787,117.80812700000753,estimated,"CodeCarbon software estimate (CPU/GPU/RAM), whole-machine Flower round scope",,,,
2026-10-04T10:09:18.033218+00:00,2fd1f8b62e3a4fabb0600609236e5f85,2,client_02,4,88,1228.149000000485,6.403600000339793,,0.2198999991378514,29.039500001090346,,106773,,,,,,,,,,
2026-10-04T10:09:18.034218+00:00,2fd1f8b62e3a4fabb0600609236e5f85,2,client_04,4,86,1190.554599999814,11.535499999808962,,0.17999999909079634,15.883299998677103,,106792,,,,,,,,,,
2026-10-04T10:09:18.043215+00:00,2fd1f8b62e3a4fabb0600609236e5f85,2,client_01,4,88,1161.5032000008796,7.483699999283999,,2.7852000002894783,28.53999999933876,,106764,,,,,,,,,,
2026-10-04T10:09:18.054212+00:00,2fd1f8b62e3a4fabb0600609236e5f85,2,client_03,4,88,1163.0526000008103,7.073600001604063,,1.624900000024354,40.723100000832346,,106773,,,,,,,,,,
2026-10-04T10:09:18.088539+00:00,2fd1f8b62e3a4fabb0600609236e5f85,2,,4,350,,5.012999999962631,10.148299999855226,0.15970000094966963,0.9507999966444913,0.2887999999074964,,,5901.229199998852,1.110499997594161,54.14449300000342,estimated,"CodeCarbon software estimate (CPU/GPU/RAM), whole-machine Flower round scope",,,,
2026-10-04T10:09:24.251726+00:00,2fd1f8b62e3a4fabb0600609236e5f85,3,client_02,4,88,1029.803000001266,7.249700000102166,,0.49109999963548034,15.120100000785897,,106776,,,,,,,,,,
2026-10-04T10:09:24.252726+00:00,2fd1f8b62e3a4fabb0600609236e5f85,3,client_01,4,88,1053.1458999994356,7.747899999230867,,0.19860000065818895,9.456899999349844,,106769,,,,,,,,,,
2026-10-04T10:09:24.262722+00:00,2fd1f8b62e3a4fabb0600609236e5f85,3,client_04,4,86,1041.696000000229,9.080800000447198,,1.6414999990956858,13.990699999339995,,106783,,,,,,,,,,
2026-10-04T10:09:24.270720+00:00,2fd1f8b62e3a4fabb0600609236e5f85,3,client_03,4,88,1086.299600001439,5.482000000483822,,0.16849999883561395,18.41930000045977,,106805,,,,,,,,,,
2026-10-04T10:09:24.308708+00:00,2fd1f8b62e3a4fabb0600609236e5f85,3,,4,350,,6.533800000397605,12.100599999030237,0.16109999887703452,0.8675999997649342,0.2652000002854038,,,5701.909400000659,1.0286999986419687,52.52308600000106,estimated,"CodeCarbon software estimate (CPU/GPU/RAM), whole-machine Flower round scope",,,,
2026-10-04T10:09:30.575040+00:00,2fd1f8b62e3a4fabb0600609236e5f85,4,client_04,4,86,1146.3137999999162,8.738300000914023,,0.18169999930250924,44.58180000074208,,106804,,,,,,,,,,
2026-10-04T10:09:30.576040+00:00,2fd1f8b62e3a4fabb0600609236e5f85,4,client_02,4,88,1101.241399999708,7.0079999986774055,,0.2043999993475154,42.32640000009269,,106813,,,,,,,,,,
2026-10-04T10:09:30.585038+00:00,2fd1f8b62e3a4fabb0600609236e5f85,4,client_01,4,88,1121.651399998882,7.764300000417279,,0.6773999994038604,11.917799998627743,,106810,,,,,,,,,,
2026-10-04T10:09:30.595133+00:00,2fd1f8b62e3a4fabb0600609236e5f85,4,client_03,4,88,1074.1343999998207,6.620199999815668,,0.18249999993713573,30.774099999689497,,106807,,,,,,,,,,
2026-10-04T10:09:30.629217+00:00,2fd1f8b62e3a4fabb0600609236e5f85,4,,4,350,,6.603100000575068,10.559400001511676,0.20869999934802763,0.720299996828544,0.2736999995249789,,,5780.539999999746,0.9289999961765716,53.271134000005986,estimated,"CodeCarbon software estimate (CPU/GPU/RAM), whole-machine Flower round scope",,,,
2026-10-04T10:09:37.000455+00:00,2fd1f8b62e3a4fabb0600609236e5f85,5,client_01,4,88,1071.7092999984743,9.37049999993178,,0.2372999988438096,11.802600000009988,,106886,,,,,,,,,,
2026-10-04T10:09:37.001455+00:00,2fd1f8b62e3a4fabb0600609236e5f85,5,client_04,4,86,1211.2711999998282,8.090199999060133,,0.20980000044801272,44.18860000077984,,106894,,,,,,,,,,
2026-10-04T10:09:37.014450+00:00,2fd1f8b62e3a4fabb0600609236e5f85,5,client_03,4,88,1093.1349000002228,8.783999999650405,,0.20450000010896474,15.071499999976368,,106906,,,,,,,,,,
2026-10-04T10:09:37.026446+00:00,2fd1f8b62e3a4fabb0600609236e5f85,5,client_02,4,88,1204.24980000098,5.724000000554952,,0.16660000073898118,12.230000000272412,,106913,,,,,,,,,,
2026-10-04T10:09:37.067433+00:00,2fd1f8b62e3a4fabb0600609236e5f85,5,,4,350,,6.359499999234686,10.008499999457854,0.23770000007061753,0.846099999762373,0.4681999998865649,,,5883.683500000188,1.0837999998329906,54.20454699999027,estimated,"CodeCarbon software estimate (CPU/GPU/RAM), whole-machine Flower round scope",,,,
2026-10-04T10:09:43.397208+00:00,2fd1f8b62e3a4fabb0600609236e5f85,6,client_01,4,88,1053.199100000711,8.012899999812362,,0.8834000000206288,30.321999998704996,,106909,,,,,,,,,,
2026-10-04T10:09:43.398208+00:00,2fd1f8b62e3a4fabb0600609236e5f85,6,client_04,4,86,1129.3186000002606,7.006699999692501,,0.2404000006208662,49.72979999911331,,106866,,,,,,,,,,
2026-10-04T10:09:43.407204+00:00,2fd1f8b62e3a4fabb0600609236e5f85,6,client_03,4,88,1063.6267000008957,5.7035000008909265,,0.16940000023168977,54.38660000072559,,106865,,,,,,,,,,
2026-10-04T10:09:43.417368+00:00,2fd1f8b62e3a4fabb0600609236e5f85,6,client_02,4,88,1011.4786000012828,6.173100000523846,,0.8290999994642334,10.472800000570714,,106880,,,,,,,,,,
2026-10-04T10:09:43.453084+00:00,2fd1f8b62e3a4fabb0600609236e5f85,6,,4,350,,5.649299999276991,10.668400002032286,0.1768000001902692,0.6527999994432321,0.48719999904278666,,,5788.931500001127,0.8295999996335013,53.02423200000703,estimated,"CodeCarbon software estimate (CPU/GPU/RAM), whole-machine Flower round scope",,,,
2026-10-04T10:09:49.891787+00:00,2fd1f8b62e3a4fabb0600609236e5f85,7,client_03,4,88,1262.9698000000644,6.656400000792928,,0.61699999969278,12.066500001310487,,106757,,,,,,,,,,
2026-10-04T10:09:49.892787+00:00,2fd1f8b62e3a4fabb0600609236e5f85,7,client_01,4,88,1310.8434000005218,5.278399999951944,,0.16710000090824906,17.244999999093125,,106738,,,,,,,,,,
2026-10-04T10:09:49.904783+00:00,2fd1f8b62e3a4fabb0600609236e5f85,7,client_02,4,88,1330.0182000002678,6.601099999897997,,0.2879999992728699,17.077299999073148,,106725,,,,,,,,,,
2026-10-04T10:09:49.912780+00:00,2fd1f8b62e3a4fabb0600609236e5f85,7,client_04,4,86,1230.9282000005624,7.016300000032061,,0.18650000129127875,37.84759999871312,,106755,,,,,,,,,,
2026-10-04T10:09:49.946692+00:00,2fd1f8b62e3a4fabb0600609236e5f85,7,,4,350,,4.8802000001160195,9.67299999865645,0.11889999950653873,1.0763000009319512,0.2997999999934109,,,5954.883300000802,1.19520000043849,55.2009839999846,estimated,"CodeCarbon software estimate (CPU/GPU/RAM), whole-machine Flower round scope",,,,
2026-10-04T10:09:56.217693+00:00,2fd1f8b62e3a4fabb0600609236e5f85,8,client_04,4,86,1199.1297000004124,7.939600000099745,,0.1742999993439298,9.719800000311807,,106650,,,,,,,,,,
2026-10-04T10:09:56.218693+00:00,2fd1f8b62e3a4fabb0600609236e5f85,8,client_03,4,88,1128.2811000000947,10.290300000633579,,1.8208999990747543,41.848700000628014,,106636,,,,,,,,,,
2026-10-04T10:09:56.228689+00:00,2fd1f8b62e3a4fabb0600609236e5f85,8,client_02,4,88,1134.0211000006093,8.449700000710436,,1.622499999939464,34.57679999883112,,106674,,,,,,,,,,
2026-10-04T10:09:56.239686+00:00,2fd1f8b62e3a4fabb0600609236e5f85,8,client_01,4,88,1146.297199999026,5.420800000138115,,0.1615999990463024,37.4904999989667,,106646,,,,,,,,,,
2026-10-04T10:09:56.271693+00:00,2fd1f8b62e3a4fabb0600609236e5f85,8,,4,350,,6.767500000933069,9.623700001611724,0.35659999957715627,0.7299999997485429,0.25939999977708794,,,5799.972800001342,1.0865999993256992,53.54205600000569,estimated,"CodeCarbon software estimate (CPU/GPU/RAM), whole-machine Flower round scope",,,,
2026-10-04T10:10:02.513266+00:00,2fd1f8b62e3a4fabb0600609236e5f85,9,client_04,4,86,1099.4774999999208,10.480000000825385,,0.9712000010040356,7.552499999292195,,106442,,,,,,,,,,
2026-10-04T10:10:02.514266+00:00,2fd1f8b62e3a4fabb0600609236e5f85,9,client_01,4,88,1079.9190999987331,11.612399999648915,,1.271400000405265,41.39650000070105,,106445,,,,,,,,,,
2026-10-04T10:10:02.523433+00:00,2fd1f8b62e3a4fabb0600609236e5f85,9,client_03,4,88,1087.2349000001122,10.175000001254375,,0.6434999995690305,13.15960000101768,,106396,,,,,,,,,,
2026-10-04T10:10:02.534430+00:00,2fd1f8b62e3a4fabb0600609236e5f85,9,client_02,4,88,1067.8705999998783,7.099899999957415,,0.4859000000578817,35.77620000032766,,106429,,,,,,,,,,
2026-10-04T10:10:02.567114+00:00,2fd1f8b62e3a4fabb0600609236e5f85,9,,4,350,,6.867000000056578,10.411299999759649,0.16619999951217324,1.2433999982022215,0.27890000092156697,,,5760.663299999578,1.4095999977143947,52.69092199998341,estimated,"CodeCarbon software estimate (CPU/GPU/RAM), whole-machine Flower round scope",,,,
2026-10-04T10:10:09.123490+00:00,2fd1f8b62e3a4fabb0600609236e5f85,10,client_02,4,88,1095.6903000005696,5.8845000003202586,,0.1733999997668434,40.31740000027639,,106475,,,,,,,,,,
2026-10-04T10:10:09.124490+00:00,2fd1f8b62e3a4fabb0600609236e5f85,10,client_03,4,88,976.4782999991439,9.171200001219404,,0.3744999994523823,11.418000000048778,,106480,,,,,,,,,,
2026-10-04T10:10:09.134487+00:00,2fd1f8b62e3a4fabb0600609236e5f85,10,client_01,4,88,1002.6569000001473,7.791199999701348,,0.19220000103814527,33.74690000055125,,106447,,,,,,,,,,
2026-10-04T10:10:09.142485+00:00,2fd1f8b62e3a4fabb0600609236e5f85,10,client_04,4,86,1016.3756999991165,8.974899999884656,,0.17639999896346126,41.418099999646074,,106478,,,,,,,,,,
2026-10-04T10:10:09.178473+00:00,2fd1f8b62e3a4fabb0600609236e5f85,10,,4,350,,6.035099999280646,9.830799999690498,0.34140000025217887,0.8662000000185799,0.2519999998185085,,,5767.146299998785,1.2076000002707588,52.76079499999469,estimated,"CodeCarbon software estimate (CPU/GPU/RAM), whole-machine Flower round scope",,,,
2026-10-04T10:10:15.964056+00:00,2fd1f8b62e3a4fabb0600609236e5f85,11,client_03,4,88,1273.570600000312,14.431200001126854,,0.20310000036261044,16.562899998461944,,106343,,,,,,,,,,
2026-10-04T10:10:15.965056+00:00,2fd1f8b62e3a4fabb0600609236e5f85,11,client_04,4,86,1169.211999998879,11.15120000031311,,0.2150999989680713,27.100100000097882,,106356,,,,,,,,,,
2026-10-04T10:10:15.976052+00:00,2fd1f8b62e3a4fabb0600609236e5f85,11,client_01,4,88,1313.3975000000646,7.288000000698958,,0.16870000035851263,2.8382000000419794,,106334,,,,,,,,,,
2026-10-04T10:10:15.987049+00:00,2fd1f8b62e3a4fabb0600609236e5f85,11,client_02,4,88,1295.9736000011617,9.190700000544894,,0.20050000057381112,22.962600000028033,,106345,,,,,,,,,,
2026-10-04T10:10:16.020038+00:00,2fd1f8b62e3a4fabb0600609236e5f85,11,,4,350,,6.744800000888063,9.76510000145936,0.20669999867095612,1.0310000016033882,0.2929999991465593,,,5996.058799999446,1.2377000002743443,55.285818000011204,estimated,"CodeCarbon software estimate (CPU/GPU/RAM), whole-machine Flower round scope",,,,
2026-10-04T10:10:22.297236+00:00,2fd1f8b62e3a4fabb0600609236e5f85,12,client_02,4,88,1046.9182999986515,5.75100000060047,,0.16280000090773683,32.43109999857552,,106285,,,,,,,,,,
2026-10-04T10:10:22.298236+00:00,2fd1f8b62e3a4fabb0600609236e5f85,12,client_03,4,88,1069.0453999995952,5.367100000512437,,0.15179999900283292,13.206499999796506,,106298,,,,,,,,,,
2026-10-04T10:10:22.308234+00:00,2fd1f8b62e3a4fabb0600609236e5f85,12,client_04,4,86,1015.0594000006095,7.750300001134747,,0.30139999944367446,32.20309999960591,,106297,,,,,,,,,,
2026-10-04T10:10:22.317324+00:00,2fd1f8b62e3a4fabb0600609236e5f85,12,client_01,4,88,1026.3202999994974,8.975500000815373,,0.5031000000599306,13.005499999053427,,106291,,,,,,,,,,
2026-10-04T10:10:22.351399+00:00,2fd1f8b62e3a4fabb0600609236e5f85,12,,4,350,,5.126000000018394,9.88340000367316,0.14120000014372636,0.7279000001290115,0.2795000000332948,,,5754.786800000147,0.8691000002727378,52.564137000008486,estimated,"CodeCarbon software estimate (CPU/GPU/RAM), whole-machine Flower round scope",,,,
2026-10-04T10:10:28.620958+00:00,2fd1f8b62e3a4fabb0600609236e5f85,13,client_03,4,88,1003.2601999992039,13.179600000512437,,1.16130000060366,43.04959999899438,,106308,,,,,,,,,,
2026-10-04T10:10:28.621957+00:00,2fd1f8b62e3a4fabb0600609236e5f85,13,client_02,4,88,1022.6712000003317,15.341599999374012,,0.8074999987002229,14.545200001521152,,106309,,,,,,,,,,
2026-10-04T10:10:28.631954+00:00,2fd1f8b62e3a4fabb0600609236e5f85,13,client_01,4,88,1022.6156999997329,12.38030000058643,,1.6007000012905337,32.848200000444194,,106311,,,,,,,,,,
2026-10-04T10:10:28.642951+00:00,2fd1f8b62e3a4fabb0600609236e5f85,13,client_04,4,86,1099.21310000027,7.100800001353491,,0.17329999900539406,10.384999999587308,,106318,,,,,,,,,,
2026-10-04T10:10:28.674940+00:00,2fd1f8b62e3a4fabb0600609236e5f85,13,,4,350,,6.668899999567657,9.674599999925704,0.32889999965846073,0.6971000020712381,0.2624000007926952,,,5703.1530999993265,1.0260000017296989,52.46320000000196,estimated,"CodeCarbon software estimate (CPU/GPU/RAM), whole-machine Flower round scope",,,,
2026-10-04T10:10:34.910065+00:00,2fd1f8b62e3a4fabb0600609236e5f85,14,client_03,4,88,1065.7088000007207,5.270800000289455,,0.15720000010333024,26.276300000972697,,106385,,,,,,,,,,
2026-10-04T10:10:34.912065+00:00,2fd1f8b62e3a4fabb0600609236e5f85,14,client_04,4,86,1086.3450999986526,5.323700001099496,,0.1649999994697282,22.79400000043097,,106402,,,,,,,,,,
2026-10-04T10:10:34.922150+00:00,2fd1f8b62e3a4fabb0600609236e5f85,14,client_01,4,88,992.6776000011159,8.43170000007376,,0.8006000007299008,10.742600001321989,,106392,,,,,,,,,,
2026-10-04T10:10:34.931146+00:00,2fd1f8b62e3a4fabb0600609236e5f85,14,client_02,4,88,1092.0432999992045,5.733899999540881,,0.16200000027311035,21.164599998883205,,106399,,,,,,,,,,
2026-10-04T10:10:34.964136+00:00,2fd1f8b62e3a4fabb0600609236e5f85,14,,4,350,,5.041099999289145,10.066799997730413,0.14870000086375512,0.9066999991773628,0.2741999996942468,,,5752.157099999749,1.055400000041118,52.90788700000121,estimated,"CodeCarbon software estimate (CPU/GPU/RAM), whole-machine Flower round scope",,,,
2026-10-04T10:10:41.316381+00:00,2fd1f8b62e3a4fabb0600609236e5f85,15,client_01,4,88,1084.1168000006292,6.758399998943787,,0.19280000014987309,39.59169999870937,,106368,,,,,,,,,,
2026-10-04T10:10:41.317557+00:00,2fd1f8b62e3a4fabb0600609236e5f85,15,client_02,4,88,1204.9700999996276,9.399000000485103,,0.16209999921557028,11.955299998589908,,106366,,,,,,,,,,
2026-10-04T10:10:41.326491+00:00,2fd1f8b62e3a4fabb0600609236e5f85,15,client_03,4,88,1066.8776000002254,6.394300000465591,,0.22619999981543515,38.356800001565716,,106336,,,,,,,,,,
2026-10-04T10:10:41.335493+00:00,2fd1f8b62e3a4fabb0600609236e5f85,15,client_04,4,86,1181.2938999992184,6.920000001628068,,0.17689999913272914,10.858900001039729,,106378,,,,,,,,,,
2026-10-04T10:10:41.368478+00:00,2fd1f8b62e3a4fabb0600609236e5f85,15,,4,350,,5.081100000097649,9.286499998779618,0.13529999887396116,0.6951000013941666,0.280999998722109,,,5873.846099999355,0.8304000002681278,53.932574999998906,estimated,"CodeCarbon software estimate (CPU/GPU/RAM), whole-machine Flower round scope",,,,
2026-10-04T10:10:47.570771+00:00,2fd1f8b62e3a4fabb0600609236e5f85,16,client_01,4,88,1048.5506000004534,8.421000000453205,,1.5301000003091758,11.003399999026442,,106507,,,,,,,,,,
2026-10-04T10:10:47.571771+00:00,2fd1f8b62e3a4fabb0600609236e5f85,16,client_02,4,88,1088.6534999990545,7.311299999855692,,0.6718999993609032,19.703500000105123,,106462,,,,,,,,,,
2026-10-04T10:10:47.588765+00:00,2fd1f8b62e3a4fabb0600609236e5f85,16,client_03,4,88,1089.5698000003904,7.9740000001038425,,1.0701999999582767,17.662899999777437,,106472,,,,,,,,,,
2026-10-04T10:10:47.598762+00:00,2fd1f8b62e3a4fabb0600609236e5f85,16,client_04,4,86,1076.8463000003976,8.581400001276052,,0.447300000814721,46.35989999951562,,106470,,,,,,,,,,
2026-10-04T10:10:47.636750+00:00,2fd1f8b62e3a4fabb0600609236e5f85,16,,4,350,,6.113200000982033,11.777400000937632,0.221800000872463,0.6768000002921326,0.28190000011818483,,,5737.046800000826,0.8986000011645956,52.844903000004706,estimated,"CodeCarbon software estimate (CPU/GPU/RAM), whole-machine Flower round scope",,,,
2026-10-04T10:10:54.239944+00:00,2fd1f8b62e3a4fabb0600609236e5f85,17,client_02,4,88,1416.2343999996665,7.186499999079388,,0.4208999998809304,23.019399999611778,,106499,,,,,,,,,,
2026-10-04T10:10:54.240944+00:00,2fd1f8b62e3a4fabb0600609236e5f85,17,client_04,4,86,1419.0866999997525,7.657199999812292,,0.8680999999342021,38.60440000062226,,106502,,,,,,,,,,
2026-10-04T10:10:54.251940+00:00,2fd1f8b62e3a4fabb0600609236e5f85,17,client_03,4,88,1478.1227000003128,10.099600000103237,,0.1768000001902692,38.69970000050671,,106517,,,,,,,,,,
2026-10-04T10:10:54.262937+00:00,2fd1f8b62e3a4fabb0600609236e5f85,17,client_01,4,88,1471.936199999618,8.56950000161305,,0.17920000027515925,36.165299999993294,,106497,,,,,,,,,,
2026-10-04T10:10:54.303226+00:00,2fd1f8b62e3a4fabb0600609236e5f85,17,,4,350,,7.269599998835474,8.72220000201196,0.1812999998946907,0.76699999954144,1.7368000007991213,,,6125.86519999968,0.9482999994361307,56.87778400000753,estimated,"CodeCarbon software estimate (CPU/GPU/RAM), whole-machine Flower round scope",,,,
2026-10-04T10:11:00.621938+00:00,2fd1f8b62e3a4fabb0600609236e5f85,18,client_04,4,86,1100.9844000000157,6.2617000003228895,,0.1830000001064036,38.22949999994307,,106675,,,,,,,,,,
2026-10-04T10:11:00.622938+00:00,2fd1f8b62e3a4fabb0600609236e5f85,18,client_01,4,88,1031.5568000005442,12.500400000135414,,0.6417000004148576,33.394800000678515,,106650,,,,,,,,,,
2026-10-04T10:11:00.633935+00:00,2fd1f8b62e3a4fabb0600609236e5f85,18,client_03,4,88,1052.4224000000686,5.924699999013683,,0.8657999987917719,10.557100000369246,,106671,,,,,,,,,,
2026-10-04T10:11:00.642932+00:00,2fd1f8b62e3a4fabb0600609236e5f85,18,client_02,4,88,1038.3524999997462,6.2010000001464505,,0.4800000006071059,37.711499999204534,,106656,,,,,,,,,,
2026-10-04T10:11:00.677920+00:00,2fd1f8b62e3a4fabb0600609236e5f85,18,,4,350,,5.319199999576085,9.350400001494563,0.16839999989315402,0.7614000023750123,0.2791999995679362,,,5754.036399999677,0.9298000022681663,52.74535000000469,estimated,"CodeCarbon software estimate (CPU/GPU/RAM), whole-machine Flower round scope",,,,
2026-10-04T10:11:06.947406+00:00,2fd1f8b62e3a4fabb0600609236e5f85,19,client_04,4,86,1059.7490999989532,6.092499999795109,,0.20330000006651971,36.866999998892425,,106696,,,,,,,,,,
2026-10-04T10:11:06.948405+00:00,2fd1f8b62e3a4fabb0600609236e5f85,19,client_02,4,88,1043.9518000002863,8.029299999179784,,0.179899998329347,11.712900000929949,,106663,,,,,,,,,,
2026-10-04T10:11:06.959402+00:00,2fd1f8b62e3a4fabb0600609236e5f85,19,client_01,4,88,1047.7037000000564,10.189299999183277,,0.18459999955666717,32.603899999230634,,106690,,,,,,,,,,
2026-10-04T10:11:06.970399+00:00,2fd1f8b62e3a4fabb0600609236e5f85,19,client_03,4,88,1076.4104000008956,7.82710000021325,,0.17719999959808774,33.3227999999508,,106672,,,,,,,,,,
2026-10-04T10:11:07.001388+00:00,2fd1f8b62e3a4fabb0600609236e5f85,19,,4,350,,6.127399999968475,8.503700000801473,0.1723000004858477,0.9661000003688969,0.2567999999882886,,,5731.685099999595,1.1384000008547446,52.60746500000096,estimated,"CodeCarbon software estimate (CPU/GPU/RAM), whole-machine Flower round scope",,,,
2026-10-04T10:11:13.212594+00:00,2fd1f8b62e3a4fabb0600609236e5f85,20,client_02,4,88,1080.5213000003278,6.729599999744096,,0.17900000057124998,35.44080000028771,,106680,,,,,,,,,,
2026-10-04T10:11:13.213594+00:00,2fd1f8b62e3a4fabb0600609236e5f85,20,client_01,4,88,1035.7793999992282,7.0470999999088235,,0.23069999951985665,13.288400001329137,,106709,,,,,,,,,,
2026-10-04T10:11:13.223568+00:00,2fd1f8b62e3a4fabb0600609236e5f85,20,client_03,4,88,1064.1986000009638,7.821400000466383,,0.3622999993240228,16.417700000602053,,106707,,,,,,,,,,
2026-10-04T10:11:13.234752+00:00,2fd1f8b62e3a4fabb0600609236e5f85,20,client_04,4,86,1086.314799998945,6.315399999948568,,0.18180000006395858,12.843200000133947,,106712,,,,,,,,,,
2026-10-04T10:11:13.265405+00:00,2fd1f8b62e3a4fabb0600609236e5f85,20,,4,350,,5.367799998566625,9.465899998758687,0.1723000004858477,0.7312999987334479,0.2565000013419194,,,5729.935099998329,0.9035999992192956,52.83167699999467,estimated,"CodeCarbon software estimate (CPU/GPU/RAM), whole-machine Flower round scope",,,,
2026-10-04T10:11:26.513024+00:00,2ee266f09eab4189b6ced784c45d6399,1,client_04,4,86,6606.980599999588,11.176199999681558,,0.16449999930046033,52.936799998860806,,106697,,,,,,,,,,
2026-10-04T10:11:26.516262+00:00,2ee266f09eab4189b6ced784c45d6399,1,client_02,4,88,7519.031899999391,5.358099999284605,,0.15690000145696104,17.199300000356743,,106690,,,,,,,,,,
2026-10-04T10:11:26.524259+00:00,2ee266f09eab4189b6ced784c45d6399,1,client_01,4,88,7381.462400000601,5.194800000026589,,0.1649999994697282,17.307100000834907,,106709,,,,,,,,,,
2026-10-04T10:11:26.535939+00:00,2ee266f09eab4189b6ced784c45d6399,1,client_03,4,88,7290.0609000007535,7.398400000965921,,0.22569999964616727,42.79150000002119,,106712,,,,,,,,,,
2026-10-04T10:11:26.573964+00:00,2ee266f09eab4189b6ced784c45d6399,1,,4,350,,6.230599999980768,8.417800003371667,0.16680000044289045,0.6584000002476387,0.46830000064801425,,,12178.22789999991,0.8252000006905291,117.05077399999938,estimated,"CodeCarbon software estimate (CPU/GPU/RAM), whole-machine Flower round scope",,,,
2026-10-04T10:11:33.088255+00:00,2ee266f09eab4189b6ced784c45d6399,2,client_01,4,88,1135.578199999145,8.433000000877655,,0.19459999930404592,51.56200000055833,,106730,,,,,,,,,,
2026-10-04T10:11:33.089254+00:00,2ee266f09eab4189b6ced784c45d6399,2,client_03,4,88,1233.3499000014854,12.118500000724453,,0.1632999992580153,49.78529999971215,,106691,,,,,,,,,,
2026-10-04T10:11:33.100737+00:00,2ee266f09eab4189b6ced784c45d6399,2,client_04,4,86,1182.5864000002184,5.37600000097882,,0.1785000004019821,10.35289999890665,,106737,,,,,,,,,,
2026-10-04T10:11:33.112732+00:00,2ee266f09eab4189b6ced784c45d6399,2,client_02,4,88,1238.037400000394,7.769499999994878,,1.376100000925362,41.39919999943231,,106733,,,,,,,,,,
2026-10-04T10:11:33.151826+00:00,2ee266f09eab4189b6ced784c45d6399,2,,4,350,,7.177899999078363,10.965399998895009,0.21299999934853986,1.089999999749125,0.32159999864234123,,,5913.664899999276,1.3029999990976648,54.443133999993734,estimated,"CodeCarbon software estimate (CPU/GPU/RAM), whole-machine Flower round scope",,,,
2026-10-04T10:11:39.954383+00:00,2ee266f09eab4189b6ced784c45d6399,3,client_03,4,88,1033.4961999997176,7.064600000376231,,0.8524999993824167,9.132699999099714,,106701,,,,,,,,,,
2026-10-04T10:11:39.956383+00:00,2ee266f09eab4189b6ced784c45d6399,3,client_02,4,88,1633.2177999993291,5.422899999757647,,0.1644000003580004,13.692499998796848,,106697,,,,,,,,,,
2026-10-04T10:11:39.967380+00:00,2ee266f09eab4189b6ced784c45d6399,3,client_04,4,86,1072.9909000001498,6.145299999843701,,0.17039999875123613,39.48589999890828,,106720,,,,,,,,,,
2026-10-04T10:11:39.978376+00:00,2ee266f09eab4189b6ced784c45d6399,3,client_01,4,88,1041.3158999999723,6.716899999446468,,0.2947000011772616,12.469100000089384,,106702,,,,,,,,,,
2026-10-04T10:11:40.010366+00:00,2ee266f09eab4189b6ced784c45d6399,3,,4,350,,5.56239999968966,8.93980000364536,0.18049999926006421,0.5631999993056525,0.27119999867863953,,,6271.415299999717,0.7436999985657167,58.007352000004175,estimated,"CodeCarbon software estimate (CPU/GPU/RAM), whole-machine Flower round scope",,,,
2026-10-04T10:11:46.227293+00:00,2ee266f09eab4189b6ced784c45d6399,4,client_04,4,86,1015.7744999996794,8.055100001001847,,0.6040000007487833,8.064599998760968,,106744,,,,,,,,,,
2026-10-04T10:11:46.228293+00:00,2ee266f09eab4189b6ced784c45d6399,4,client_02,4,88,1002.0970999994461,10.649800000464893,,0.2091999995172955,17.406599999958416,,106707,,,,,,,,,,
2026-10-04T10:11:46.241289+00:00,2ee266f09eab4189b6ced784c45d6399,4,client_03,4,88,992.111899999145,9.783800000150222,,0.5968000004941132,11.398900000131107,,106712,,,,,,,,,,
2026-10-04T10:11:46.252288+00:00,2ee266f09eab4189b6ced784c45d6399,4,client_01,4,88,1083.6318000001484,6.092899999202928,,0.20009999934700318,39.58479999892006,,106711,,,,,,,,,,
2026-10-04T10:11:46.289299+00:00,2ee266f09eab4189b6ced784c45d6399,4,,4,350,,7.223100001283456,9.504300000116928,0.1720000000204891,0.7320000022446038,0.2882999997382285,,,5741.766600000119,0.9040000022650929,52.93997099999615,estimated,"CodeCarbon software estimate (CPU/GPU/RAM), whole-machine Flower round scope",,,,
2026-10-04T10:11:52.460711+00:00,2ee266f09eab4189b6ced784c45d6399,5,client_03,4,88,1002.7006000000256,7.821900000635651,,0.23660000078962184,12.694099999862374,,106748,,,,,,,,,,
2026-10-04T10:11:52.461710+00:00,2ee266f09eab4189b6ced784c45d6399,5,client_01,4,88,1017.7691999997478,6.034300000465009,,0.1849999989644857,40.12750000038068,,106760,,,,,,,,,,
2026-10-04T10:11:52.474707+00:00,2ee266f09eab4189b6ced784c45d6399,5,client_02,4,88,1021.7752000007749,6.922800001120777,,0.38689999928465113,32.83899999951245,,106769,,,,,,,,,,
2026-10-04T10:11:52.485703+00:00,2ee266f09eab4189b6ced784c45d6399,5,client_04,4,86,994.1058999993402,5.782300000646501,,0.19389999943086877,33.472099999926286,,106762,,,,,,,,,,
2026-10-04T10:11:52.516692+00:00,2ee266f09eab4189b6ced784c45d6399,5,,4,350,,5.247500001132721,9.357700000691693,0.15929999972286168,0.5606000013358425,0.33430000075895805,,,5656.860200000665,0.7199000010587042,51.99929200000042,estimated,"CodeCarbon software estimate (CPU/GPU/RAM), whole-machine Flower round scope",,,,
2026-10-04T10:11:58.684679+00:00,2ee266f09eab4189b6ced784c45d6399,6,client_01,4,88,1037.6650000016525,6.619899999350309,,0.3147000006720191,14.954500000385451,,106802,,,,,,,,,,
2026-10-04T10:11:58.685678+00:00,2ee266f09eab4189b6ced784c45d6399,6,client_04,4,86,979.0179999999964,12.902499998745043,,0.1906000015878817,20.693000000392203,,106800,,,,,,,,,,
2026-10-04T10:11:58.695675+00:00,2ee266f09eab4189b6ced784c45d6399,6,client_03,4,88,1019.1419999991922,7.160700000895304,,0.1739999988785712,50.56250000052387,,106821,,,,,,,,,,
2026-10-04T10:11:58.704673+00:00,2ee266f09eab4189b6ced784c45d6399,6,client_02,4,88,1010.3287999991153,6.648900000072899,,0.25970000024244655,22.610500000155298,,106815,,,,,,,,,,
2026-10-04T10:11:58.738332+00:00,2ee266f09eab4189b6ced784c45d6399,6,,4,350,,5.166299999473267,10.133700001460966,0.14400000145542435,0.7158000007621013,0.27459999910206534,,,5681.412799998725,0.8598000022175256,52.377406999985396,estimated,"CodeCarbon software estimate (CPU/GPU/RAM), whole-machine Flower round scope",,,,
2026-10-04T10:12:04.993250+00:00,2ee266f09eab4189b6ced784c45d6399,7,client_04,4,86,1018.4417000000394,7.697200000620796,,0.4439000003912952,38.1625999998505,,106685,,,,,,,,,,
2026-10-04T10:12:04.995250+00:00,2ee266f09eab4189b6ced784c45d6399,7,client_03,4,88,1037.714899999628,5.771800000729854,,0.18430000091029797,8.522199999788427,,106657,,,,,,,,,,
2026-10-04T10:12:05.006373+00:00,2ee266f09eab4189b6ced784c45d6399,7,client_01,4,88,1052.7984000000288,7.47869999941031,,0.17239999942830764,7.1085999989009,,106629,,,,,,,,,,
2026-10-04T10:12:05.016370+00:00,2ee266f09eab4189b6ced784c45d6399,7,client_02,4,88,1049.9146000001929,7.732500000201981,,0.48860000060813036,14.598800000385381,,106666,,,,,,,,,,
2026-10-04T10:12:05.046645+00:00,2ee266f09eab4189b6ced784c45d6399,7,,4,350,,6.292300000495743,9.506300000793999,0.17690000095171854,0.7384000000456581,0.26059999981953297,,,5680.543300000863,0.9153000009973766,52.363105000004,estimated,"CodeCarbon software estimate (CPU/GPU/RAM), whole-machine Flower round scope",,,,
2026-10-04T10:12:11.351201+00:00,2ee266f09eab4189b6ced784c45d6399,8,client_03,4,88,1041.9418000001315,5.746199998611701,,0.1880999989225529,43.78069999984291,,106796,,,,,,,,,,
2026-10-04T10:12:11.352202+00:00,2ee266f09eab4189b6ced784c45d6399,8,client_01,4,88,1142.077699998481,6.0464999987743795,,0.17280000065511558,18.012200000157463,,106778,,,,,,,,,,
2026-10-04T10:12:11.369195+00:00,2ee266f09eab4189b6ced784c45d6399,8,client_04,4,86,1143.7850000002072,8.074599998508347,,0.17530000150145497,22.18649999849731,,106822,,,,,,,,,,
2026-10-04T10:12:11.383191+00:00,2ee266f09eab4189b6ced784c45d6399,8,client_02,4,88,1058.2204000002093,7.977499999469728,,0.28589999965333845,46.266699999250704,,106785,,,,,,,,,,
2026-10-04T10:12:11.457167+00:00,2ee266f09eab4189b6ced784c45d6399,8,,4,350,,9.44089999939024,11.994099999355967,0.22500000159197953,2.458800001477357,0.3347000001667766,,,5826.472500000818,2.6838000030693365,53.55672100000447,estimated,"CodeCarbon software estimate (CPU/GPU/RAM), whole-machine Flower round scope",,,,
2026-10-04T10:12:17.795049+00:00,2ee266f09eab4189b6ced784c45d6399,9,client_04,4,86,995.4975000000559,8.452199999737786,,0.17809999917517416,59.02020000030461,,106753,,,,,,,,,,
2026-10-04T10:12:17.796047+00:00,2ee266f09eab4189b6ced784c45d6399,9,client_03,4,88,982.2684000009758,7.384399999864399,,0.19979999888164457,17.748800000845222,,106757,,,,,,,,,,
2026-10-04T10:12:17.806702+00:00,2ee266f09eab4189b6ced784c45d6399,9,client_02,4,88,1020.1335000001563,8.783200000834768,,0.20179999955871608,15.68300000144518,,106748,,,,,,,,,,
2026-10-04T10:12:17.817699+00:00,2ee266f09eab4189b6ced784c45d6399,9,client_01,4,88,991.880300000048,6.712200000038138,,0.2041000007011462,55.16650000026857,,106752,,,,,,,,,,
2026-10-04T10:12:17.850876+00:00,2ee266f09eab4189b6ced784c45d6399,9,,4,350,,7.022599998890655,9.645199999795295,0.18169999930250924,0.7716000018263003,0.2511000002414221,,,5796.574999998484,0.9533000011288095,52.15642499999376,estimated,"CodeCarbon software estimate (CPU/GPU/RAM), whole-machine Flower round scope",,,,
2026-10-04T10:12:24.023063+00:00,2ee266f09eab4189b6ced784c45d6399,10,client_02,4,88,1061.488699999245,5.450399999972433,,0.16179999875021167,46.10870000033174,,106749,,,,,,,,,,
2026-10-04T10:12:24.030065+00:00,2ee266f09eab4189b6ced784c45d6399,10,client_04,4,86,1054.6126999997796,5.424800001492258,,0.1663999992160825,20.08629999909317,,106780,,,,,,,,,,
2026-10-04T10:12:24.039061+00:00,2ee266f09eab4189b6ced784c45d6399,10,client_01,4,88,1007.549799998742,5.706099998860736,,0.18149999959859997,12.539100000140024,,106808,,,,,,,,,,
2026-10-04T10:12:24.050196+00:00,2ee266f09eab4189b6ced784c45d6399,10,client_03,4,88,979.0668000005098,12.945199998284806,,0.3085999996983446,18.15350000106264,,106762,,,,,,,,,,
2026-10-04T10:12:24.085383+00:00,2ee266f09eab4189b6ced784c45d6399,10,,4,350,,5.204099999900791,9.819799997785594,0.15300000086426735,0.5919999985053437,0.2970000005007023,,,5693.521500001225,0.744999999369611,52.57419699999446,estimated,"CodeCarbon software estimate (CPU/GPU/RAM), whole-machine Flower round scope",,,,
2026-10-04T10:12:30.202632+00:00,2ee266f09eab4189b6ced784c45d6399,11,client_04,4,86,990.7366000006732,7.551900000180467,,0.18260000069858506,49.774899998737965,,106804,,,,,,,,,,
2026-10-04T10:12:30.204635+00:00,2ee266f09eab4189b6ced784c45d6399,11,client_03,4,88,966.8359000006603,6.2944000001152745,,0.47869999980321154,41.884599999320926,,106803,,,,,,,,,,
2026-10-04T10:12:30.213629+00:00,2ee266f09eab4189b6ced784c45d6399,11,client_02,4,88,964.7249000008742,6.2266999993880745,,0.7304000009753508,27.842100000270875,,106805,,,,,,,,,,
2026-10-04T10:12:30.224625+00:00,2ee266f09eab4189b6ced784c45d6399,11,client_01,4,88,1023.0468999998266,5.5697000007057795,,0.15929999972286168,21.111899999596062,,106823,,,,,,,,,,
2026-10-04T10:12:30.257615+00:00,2ee266f09eab4189b6ced784c45d6399,11,,4,350,,5.198799999561743,9.911600001942134,0.1675000003160676,0.6762999983038753,0.30839999999443535,,,5632.467200000974,0.8437999986199429,51.73952700000882,estimated,"CodeCarbon software estimate (CPU/GPU/RAM), whole-machine Flower round scope",,,,
2026-10-04T10:12:36.427419+00:00,2ee266f09eab4189b6ced784c45d6399,12,client_02,4,88,1043.5043000015867,6.5627000003587455,,0.17100000150094274,47.40919999858306,,106832,,,,,,,,,,
2026-10-04T10:12:36.428419+00:00,2ee266f09eab4189b6ced784c45d6399,12,client_01,4,88,1040.4524999994464,7.60930000069493,,0.19729999985429458,14.924200000677956,,106814,,,,,,,,,,
2026-10-04T10:12:36.437416+00:00,2ee266f09eab4189b6ced784c45d6399,12,client_03,4,88,1013.3117000004859,11.234899999180925,,0.18789999921864364,45.62580000128946,,106811,,,,,,,,,,
2026-10-04T10:12:36.448413+00:00,2ee266f09eab4189b6ced784c45d6399,12,client_04,4,86,1063.3744999995542,7.620800000950112,,0.17970000044442713,9.3075000004319,,106792,,,,,,,,,,
2026-10-04T10:12:36.482072+00:00,2ee266f09eab4189b6ced784c45d6399,12,,4,350,,6.395300000804127,8.338899997397675,0.16730000061215833,0.5878000010852702,0.24750000011408702,,,5689.808200000698,0.7551000016974285,52.47522600000593,estimated,"CodeCarbon software estimate (CPU/GPU/RAM), whole-machine Flower round scope",,,,
2026-10-04T10:12:42.692302+00:00,2ee266f09eab4189b6ced784c45d6399,13,client_02,4,88,1102.9202999998233,8.165100000042003,,0.24810000104480423,32.11360000022978,,106920,,,,,,,,,,
2026-10-04T10:12:42.694300+00:00,2ee266f09eab4189b6ced784c45d6399,13,client_03,4,88,1073.1465999997454,5.851800000527874,,0.2120000008289935,12.306599999647005,,106914,,,,,,,,,,
2026-10-04T10:12:42.703298+00:00,2ee266f09eab4189b6ced784c45d6399,13,client_04,4,86,1118.2878999989043,8.192999999664607,,0.17699999989417847,9.729100000186008,,106908,,,,,,,,,,
2026-10-04T10:12:42.713353+00:00,2ee266f09eab4189b6ced784c45d6399,13,client_01,4,88,1028.0829000002996,7.919400000901078,,0.3738999985216651,29.611500000100932,,106874,,,,,,,,,,
2026-10-04T10:12:42.747630+00:00,2ee266f09eab4189b6ced784c45d6399,13,,4,350,,7.372399999439949,11.454200001026038,0.17950000074051786,0.7354000026680296,0.27459999910206534,,,5739.9702000002435,0.9149000034085475,53.041013999991264,estimated,"CodeCarbon software estimate (CPU/GPU/RAM), whole-machine Flower round scope",,,,
2026-10-04T10:12:49.036403+00:00,2ee266f09eab4189b6ced784c45d6399,14,client_02,4,88,1081.5763999999035,10.276700000758865,,0.8551999999326654,21.851699999388075,,106822,,,,,,,,,,
2026-10-04T10:12:49.037404+00:00,2ee266f09eab4189b6ced784c45d6399,14,client_04,4,86,1192.7313000014692,5.895800000871532,,0.16969999887805898,10.24169999982405,,106815,,,,,,,,,,
2026-10-04T10:12:49.046401+00:00,2ee266f09eab4189b6ced784c45d6399,14,client_03,4,88,1110.1118999995379,7.368700000370154,,0.30619999961345457,58.44069999875501,,106815,,,,,,,,,,
2026-10-04T10:12:49.055397+00:00,2ee266f09eab4189b6ced784c45d6399,14,client_01,4,88,1076.9517000007909,6.942700001673074,,0.34420000156387687,17.07689999966533,,106816,,,,,,,,,,
2026-10-04T10:12:49.090385+00:00,2ee266f09eab4189b6ced784c45d6399,14,,4,350,,5.056300000433112,10.224100000414182,0.16340000001946464,0.9362000000692206,0.2846000006684335,,,5802.8963999986445,1.0996000000886852,53.613831999991824,estimated,"CodeCarbon software estimate (CPU/GPU/RAM), whole-machine Flower round scope",,,,
2026-10-04T10:12:55.265002+00:00,2ee266f09eab4189b6ced784c45d6399,15,client_03,4,88,995.6347000006645,10.768099999040714,,0.29539999923144933,53.75110000022687,,106909,,,,,,,,,,
2026-10-04T10:12:55.266000+00:00,2ee266f09eab4189b6ced784c45d6399,15,client_02,4,88,1078.0228000003262,9.098800001083873,,0.2443999983370304,23.44459999949322,,106906,,,,,,,,,,
2026-10-04T10:12:55.278210+00:00,2ee266f09eab4189b6ced784c45d6399,15,client_01,4,88,1064.9279000008391,5.586799999946379,,0.18350000027567148,16.772800001490396,,106893,,,,,,,,,,
2026-10-04T10:12:55.290206+00:00,2ee266f09eab4189b6ced784c45d6399,15,client_04,4,86,1029.8007000001235,8.482200000798912,,0.28500000007625204,19.5449999991979,,106894,,,,,,,,,,
2026-10-04T10:12:55.321567+00:00,2ee266f09eab4189b6ced784c45d6399,15,,4,350,,5.975000000034925,9.449699999095174,0.17250000018975697,0.6681999984721188,0.2550000008341158,,,5686.5687999998045,0.8406999986618757,52.59402699999555,estimated,"CodeCarbon software estimate (CPU/GPU/RAM), whole-machine Flower round scope",,,,
2026-10-04T10:13:01.480230+00:00,2ee266f09eab4189b6ced784c45d6399,16,client_02,4,88,1009.2574000009336,7.97469999997702,,0.19810000048892107,5.815200000142795,,106874,,,,,,,,,,
2026-10-04T10:13:01.482230+00:00,2ee266f09eab4189b6ced784c45d6399,16,client_04,4,86,1039.9562000002334,8.203899998989073,,0.19269999938842375,16.211899999689194,,106853,,,,,,,,,,
2026-10-04T10:13:01.495416+00:00,2ee266f09eab4189b6ced784c45d6399,16,client_03,4,88,1032.9585999988922,7.795299999997951,,0.20700000095530413,14.816699998846161,,106842,,,,,,,,,,
2026-10-04T10:13:01.507410+00:00,2ee266f09eab4189b6ced784c45d6399,16,client_01,4,88,1037.5091999994766,7.497099999454804,,0.17810000099416357,43.61369999969611,,106871,,,,,,,,,,
2026-10-04T10:13:01.546398+00:00,2ee266f09eab4189b6ced784c45d6399,16,,4,350,,5.557700000281329,10.010399997554487,0.2204000011261087,1.4274000004661502,0.3028999999514781,,,5675.083900001482,1.647800001592259,52.28307499999573,estimated,"CodeCarbon software estimate (CPU/GPU/RAM), whole-machine Flower round scope",,,,
2026-10-04T10:13:07.886986+00:00,2ee266f09eab4189b6ced784c45d6399,17,client_04,4,86,1156.5570999991905,7.394800000838586,,0.17470000057073776,41.870699998980854,,106777,,,,,,,,,,
2026-10-04T10:13:07.889985+00:00,2ee266f09eab4189b6ced784c45d6399,17,client_03,4,88,1219.8517999986507,5.227100000411156,,0.16139999934239313,12.135499999203603,,106759,,,,,,,,,,
2026-10-04T10:13:07.899719+00:00,2ee266f09eab4189b6ced784c45d6399,17,client_02,4,88,1163.8304000007338,6.063699998776428,,0.17460000162827782,32.434200000352575,,106739,,,,,,,,,,
2026-10-04T10:13:07.910716+00:00,2ee266f09eab4189b6ced784c45d6399,17,client_01,4,88,1144.4159999991825,6.143200000224169,,0.29719999838562217,13.883800000257907,,106760,,,,,,,,,,
2026-10-04T10:13:07.948820+00:00,2ee266f09eab4189b6ced784c45d6399,17,,4,350,,5.152800000360003,9.172699999908218,0.15100000018719584,0.8006000007299008,0.30359999982465524,,,5822.620900000402,0.9516000009170966,53.65455600000133,estimated,"CodeCarbon software estimate (CPU/GPU/RAM), whole-machine Flower round scope",,,,
2026-10-04T10:13:14.194598+00:00,2ee266f09eab4189b6ced784c45d6399,18,client_03,4,88,1127.0270999993954,5.091700000775745,,0.16150000010384247,13.051400001131697,,106754,,,,,,,,,,
2026-10-04T10:13:14.196608+00:00,2ee266f09eab4189b6ced784c45d6399,18,client_01,4,88,985.284700000193,7.195300000603311,,0.17590000061318278,65.23480000032578,,106749,,,,,,,,,,
2026-10-04T10:13:14.206114+00:00,2ee266f09eab4189b6ced784c45d6399,18,client_02,4,88,1000.4086999997526,7.697799999732524,,0.17630000002100132,8.431500000369851,,106764,,,,,,,,,,
2026-10-04T10:13:14.216260+00:00,2ee266f09eab4189b6ced784c45d6399,18,client_04,4,86,992.3311999991711,6.284800001594704,,0.14790000022912864,42.68609999962791,,106738,,,,,,,,,,
2026-10-04T10:13:14.251188+00:00,2ee266f09eab4189b6ced784c45d6399,18,,4,350,,6.6853999996965285,9.386100002302555,0.21689999994123355,0.6396999997377861,0.505199999679462,,,5747.230700000728,0.8565999996790197,52.83814099999291,estimated,"CodeCarbon software estimate (CPU/GPU/RAM), whole-machine Flower round scope",,,,
2026-10-04T10:13:20.480592+00:00,2ee266f09eab4189b6ced784c45d6399,19,client_03,4,88,1093.4211000003415,6.245799999305746,,0.2314000012120232,46.99689999870316,,106721,,,,,,,,,,
2026-10-04T10:13:20.481592+00:00,2ee266f09eab4189b6ced784c45d6399,19,client_02,4,88,1058.4538000002794,7.916099999420112,,0.18760000057227444,24.747699999352335,,106727,,,,,,,,,,
2026-10-04T10:13:20.494587+00:00,2ee266f09eab4189b6ced784c45d6399,19,client_04,4,86,1022.5402999985818,6.766700000298442,,0.16460000006190967,31.877899999017245,,106720,,,,,,,,,,
2026-10-04T10:13:20.504584+00:00,2ee266f09eab4189b6ced784c45d6399,19,client_01,4,88,1025.6651999989117,6.169099999169703,,0.16529999993508682,42.823800000405754,,106742,,,,,,,,,,
2026-10-04T10:13:20.537878+00:00,2ee266f09eab4189b6ced784c45d6399,19,,4,350,,6.388700001480174,9.417299999768147,0.1627000001462875,0.7266000011441065,0.27180000142834615,,,5745.364300000801,0.889300001290394,53.080996999997296,estimated,"CodeCarbon software estimate (CPU/GPU/RAM), whole-machine Flower round scope",,,,
2026-10-04T10:13:26.800465+00:00,2ee266f09eab4189b6ced784c45d6399,20,client_04,4,86,1065.639700000247,7.695700000112993,,0.15669999993406236,8.791899999778252,,106597,,,,,,,,,,
2026-10-04T10:13:26.801463+00:00,2ee266f09eab4189b6ced784c45d6399,20,client_02,4,88,1065.6934999988152,6.909599998834892,,0.4117999997106381,15.00789999954577,,106600,,,,,,,,,,
2026-10-04T10:13:26.810479+00:00,2ee266f09eab4189b6ced784c45d6399,20,client_01,4,88,1144.6644999996352,5.362699999750475,,0.9944000012183096,39.82910000013362,,106594,,,,,,,,,,
2026-10-04T10:13:26.822630+00:00,2ee266f09eab4189b6ced784c45d6399,20,client_03,4,88,1078.3473999999842,5.620899999485118,,0.28620000011869706,12.193799999295152,,106579,,,,,,,,,,
2026-10-04T10:13:26.856368+00:00,2ee266f09eab4189b6ced784c45d6399,20,,4,350,,5.020800001148018,10.000399999626097,0.12740000056510326,0.8123000006889924,0.26249999973515514,,,5776.571399999739,0.9397000012540957,53.229119000006904,estimated,"CodeCarbon software estimate (CPU/GPU/RAM), whole-machine Flower round scope",,,,
2026-10-04T10:13:40.731880+00:00,86966e8880db4ca3b4b5d8b493327e9e,1,client_04,4,86,8019.993699999759,5.291800000122748,,0.14800000099057797,69.57789999978559,,106647,,,,,,,,,,
2026-10-04T10:13:40.733880+00:00,86966e8880db4ca3b4b5d8b493327e9e,1,client_01,4,88,7639.881200000673,8.27949999984412,,0.2086000004055677,11.60859999981767,,106686,,,,,,,,,,
2026-10-04T10:13:40.743874+00:00,86966e8880db4ca3b4b5d8b493327e9e,1,client_03,4,88,7520.386599999256,5.330599999069818,,0.1666999996814411,37.5501999988046,,106710,,,,,,,,,,
2026-10-04T10:13:40.752871+00:00,86966e8880db4ca3b4b5d8b493327e9e,1,client_02,4,88,7970.882400000846,5.399900001066271,,0.18110000019078143,7.767299999613897,,106684,,,,,,,,,,
2026-10-04T10:13:40.782861+00:00,86966e8880db4ca3b4b5d8b493327e9e,1,,4,350,,5.790199998955359,8.26230000166106,0.14290000035543926,0.5693000002793269,0.23839999994379468,,,12749.371199999587,0.7122000006347662,122.62373399998978,estimated,"CodeCarbon software estimate (CPU/GPU/RAM), whole-machine Flower round scope",,,,
2026-10-04T10:13:47.239192+00:00,86966e8880db4ca3b4b5d8b493327e9e,2,client_01,4,88,1105.0393000004988,5.393999999796506,,0.15720000010333024,57.03660000108357,,106716,,,,,,,,,,
2026-10-04T10:13:47.242193+00:00,86966e8880db4ca3b4b5d8b493327e9e,2,client_04,4,86,1027.677300000505,9.483199999522185,,0.5461999990075128,45.64409999875352,,106713,,,,,,,,,,
2026-10-04T10:13:47.252189+00:00,86966e8880db4ca3b4b5d8b493327e9e,2,client_03,4,88,1054.5540000002802,9.145800000624149,,0.16119999963848386,32.37069999886444,,106723,,,,,,,,,,
2026-10-04T10:13:47.261185+00:00,86966e8880db4ca3b4b5d8b493327e9e,2,client_02,4,88,1040.512800000215,8.943500000896165,,0.19699999938893598,19.634700000096927,,106731,,,,,,,,,,
2026-10-04T10:13:47.297228+00:00,86966e8880db4ca3b4b5d8b493327e9e,2,,4,350,,5.2651999994850485,9.506599999440368,0.14100000043981709,0.6100000009610085,0.5155999988346593,,,5921.251799998572,0.7510000014008256,52.99510299999383,estimated,"CodeCarbon software estimate (CPU/GPU/RAM), whole-machine Flower round scope",,,,
2026-10-04T10:13:53.622308+00:00,86966e8880db4ca3b4b5d8b493327e9e,3,client_01,4,88,1006.9232000005286,6.718200000250363,,0.20220000078552403,48.700499999540625,,106771,,,,,,,,,,
2026-10-04T10:13:53.623320+00:00,86966e8880db4ca3b4b5d8b493327e9e,3,client_02,4,88,1003.7774000011268,7.678699999814853,,0.17520000074000563,7.963599999129656,,106776,,,,,,,,,,
2026-10-04T10:13:53.635303+00:00,86966e8880db4ca3b4b5d8b493327e9e,3,client_03,4,88,1218.9811000007467,6.7025999996985774,,0.3374999996594852,45.57179999937944,,106754,,,,,,,,,,
2026-10-04T10:13:53.645310+00:00,86966e8880db4ca3b4b5d8b493327e9e,3,client_04,4,86,1024.380900000324,8.523300000888412,,0.16540000069653615,53.51930000142602,,106787,,,,,,,,,,
2026-10-04T10:13:53.677503+00:00,86966e8880db4ca3b4b5d8b493327e9e,3,,4,350,,7.0458999998663785,8.902900000975933,0.15280000116035808,0.783799998316681,0.2440999996906612,,,5841.809800000192,0.9365999994770391,54.02003000001059,estimated,"CodeCarbon software estimate (CPU/GPU/RAM), whole-machine Flower round scope",,,,
2026-10-04T10:14:00.013634+00:00,86966e8880db4ca3b4b5d8b493327e9e,4,client_03,4,88,1059.304999998858,6.814899999881163,,0.3431999994063517,13.944800000899704,,106798,,,,,,,,,,
2026-10-04T10:14:00.014634+00:00,86966e8880db4ca3b4b5d8b493327e9e,4,client_02,4,88,1150.2142999997886,10.547199999564327,,0.3663000006781658,13.178400000469992,,106782,,,,,,,,,,
2026-10-04T10:14:00.026636+00:00,86966e8880db4ca3b4b5d8b493327e9e,4,client_04,4,86,1046.0930000008375,11.728200001016376,,0.6627999991906108,10.306300000593183,,106782,,,,,,,,,,
2026-10-04T10:14:00.043630+00:00,86966e8880db4ca3b4b5d8b493327e9e,4,client_01,4,88,1092.687800000931,6.845599998996477,,0.20360000053187832,15.413900000567082,,106768,,,,,,,,,,
2026-10-04T10:14:00.083616+00:00,86966e8880db4ca3b4b5d8b493327e9e,4,,4,350,,5.495000001246808,10.221399998044944,0.18230000023322646,1.0487000035936944,0.379699999029981,,,5812.3302000003605,1.2310000038269209,53.451122999995285,estimated,"CodeCarbon software estimate (CPU/GPU/RAM), whole-machine Flower round scope",,,,
2026-10-04T10:14:06.585399+00:00,86966e8880db4ca3b4b5d8b493327e9e,5,client_04,4,86,1268.1123999991541,8.659400000397,,0.28329999986453913,31.532100001641084,,106710,,,,,,,,,,
2026-10-04T10:14:06.586398+00:00,86966e8880db4ca3b4b5d8b493327e9e,5,client_03,4,88,1145.6882999991649,6.774900000891648,,0.14420000115933362,16.893899999558926,,106699,,,,,,,,,,
2026-10-04T10:14:06.596523+00:00,86966e8880db4ca3b4b5d8b493327e9e,5,client_01,4,88,1133.4408999991865,5.73179999992135,,0.34190000042144675,14.497800000754069,,106690,,,,,,,,,,
2026-10-04T10:14:06.605522+00:00,86966e8880db4ca3b4b5d8b493327e9e,5,client_02,4,88,1238.3405000000494,10.237899999992806,,0.1793000010366086,34.036299999570474,,106677,,,,,,,,,,
2026-10-04T10:14:06.640676+00:00,86966e8880db4ca3b4b5d8b493327e9e,5,,4,350,,8.433500001046923,11.550100000022212,0.15520000124524813,0.593299999309238,0.25719999939610716,,,5922.464299999774,0.7485000005544862,54.46813900000052,estimated,"CodeCarbon software estimate (CPU/GPU/RAM), whole-machine Flower round scope",,,,
2026-10-04T10:14:12.941016+00:00,86966e8880db4ca3b4b5d8b493327e9e,6,client_01,4,88,1160.9200000002602,7.445200000802288,,0.39620000097784214,45.6384999997681,,106832,,,,,,,,,,
2026-10-04T10:14:12.942015+00:00,86966e8880db4ca3b4b5d8b493327e9e,6,client_04,4,86,1121.925100000226,7.675200000448967,,0.2002000001084525,4.396500000439119,,106851,,,,,,,,,,
2026-10-04T10:14:12.952014+00:00,86966e8880db4ca3b4b5d8b493327e9e,6,client_02,4,88,1196.4272000004712,6.663899999693967,,0.23830000100133475,37.79460000077961,,106844,,,,,,,,,,
2026-10-04T10:14:12.961009+00:00,86966e8880db4ca3b4b5d8b493327e9e,6,client_03,4,88,1166.4815000003728,6.215300001713331,,0.3589999996620463,45.525800000177696,,106818,,,,,,,,,,
2026-10-04T10:14:12.995070+00:00,86966e8880db4ca3b4b5d8b493327e9e,6,,4,350,,5.276500000036322,10.773400001198752,0.1267000006919261,0.720199997886084,0.27799999952549115,,,5823.991699999169,0.8468999985780101,53.500189000005776,estimated,"CodeCarbon software estimate (CPU/GPU/RAM), whole-machine Flower round scope",,,,
2026-10-04T10:14:19.863665+00:00,86966e8880db4ca3b4b5d8b493327e9e,7,client_04,4,86,1071.7521000005945,10.027799999079434,,0.17440000010537915,12.044799999785027,,106796,,,,,,,,,,
2026-10-04T10:14:19.864662+00:00,86966e8880db4ca3b4b5d8b493327e9e,7,client_03,4,88,1031.6428999994969,7.411900000079186,,0.1905999997688923,14.223099999071565,,106803,,,,,,,,,,
2026-10-04T10:14:19.874644+00:00,86966e8880db4ca3b4b5d8b493327e9e,7,client_02,4,88,1063.7251000007382,5.4241999987425515,,0.1706000002741348,14.634799999839743,,106795,,,,,,,,,,
2026-10-04T10:14:19.882641+00:00,86966e8880db4ca3b4b5d8b493327e9e,7,client_01,4,88,1162.845800001378,6.17690000035509,,0.17130000014731195,15.527500001553562,,106816,,,,,,,,,,
2026-10-04T10:14:19.918096+00:00,86966e8880db4ca3b4b5d8b493327e9e,7,,4,350,,5.085400000098161,10.177599999224185,0.6419000001187669,0.7110000024113106,0.25180000011459924,,,6401.8985999991855,1.3529000025300775,59.63210500000059,estimated,"CodeCarbon software estimate (CPU/GPU/RAM), whole-machine Flower round scope",,,,
2026-10-04T10:14:26.193854+00:00,86966e8880db4ca3b4b5d8b493327e9e,8,client_01,4,88,1152.7626000006421,13.114400000631576,,0.16979999963950831,45.404800001051626,,106833,,,,,,,,,,
2026-10-04T10:14:26.195853+00:00,86966e8880db4ca3b4b5d8b493327e9e,8,client_03,4,88,1069.093400001293,8.979899999758345,,0.1540000012028031,15.36630000009609,,106819,,,,,,,,,,
2026-10-04T10:14:26.204021+00:00,86966e8880db4ca3b4b5d8b493327e9e,8,client_04,4,86,1078.3668000003672,7.881499999712105,,0.17580000167072285,15.036099999633734,,106851,,,,,,,,,,
2026-10-04T10:14:26.214017+00:00,86966e8880db4ca3b4b5d8b493327e9e,8,client_02,4,88,1054.6990000002552,6.533400000989786,,0.17070000103558414,16.84459999887622,,106823,,,,,,,,,,
2026-10-04T10:14:26.249353+00:00,86966e8880db4ca3b4b5d8b493327e9e,8,,4,350,,5.256599999484024,10.388499998953193,0.15329999951063655,0.7313999994948972,0.40410000110568944,,,5804.690500001016,0.8846999990055338,53.60184699999082,estimated,"CodeCarbon software estimate (CPU/GPU/RAM), whole-machine Flower round scope",,,,
2026-10-04T10:14:32.355846+00:00,86966e8880db4ca3b4b5d8b493327e9e,9,client_01,4,88,945.1398999990488,6.140299999970011,,1.2062999994668644,16.79359999980079,,106786,,,,,,,,,,
2026-10-04T10:14:32.356846+00:00,86966e8880db4ca3b4b5d8b493327e9e,9,client_04,4,86,1015.1777999999467,6.117099999755737,,0.18339999951422215,14.964199999667471,,106824,,,,,,,,,,
2026-10-04T10:14:32.365842+00:00,86966e8880db4ca3b4b5d8b493327e9e,9,client_02,4,88,949.379300000146,6.800500001190812,,0.9616000006644754,21.854500000699772,,106804,,,,,,,,,,
2026-10-04T10:14:32.374543+00:00,86966e8880db4ca3b4b5d8b493327e9e,9,client_03,4,88,948.3056000008219,9.627499999623979,,0.86610000107612,57.47180000071239,,106798,,,,,,,,,,
2026-10-04T10:14:32.405105+00:00,86966e8880db4ca3b4b5d8b493327e9e,9,,4,350,,5.268299999443116,8.873699998730444,0.16000000141502824,0.7182999979704618,0.40069999886327423,,,5623.906299999362,0.8782999993854901,51.864346000002115,estimated,"CodeCarbon software estimate (CPU/GPU/RAM), whole-machine Flower round scope",,,,
2026-10-04T10:14:38.490507+00:00,86966e8880db4ca3b4b5d8b493327e9e,10,client_03,4,88,1055.3734000004624,5.979000001389068,,0.17380000099365134,46.542100000806386,,106689,,,,,,,,,,
2026-10-04T10:14:38.491506+00:00,86966e8880db4ca3b4b5d8b493327e9e,10,client_04,4,86,1002.628200001709,10.688800000934862,,0.19799999972747173,8.854200001223944,,106687,,,,,,,,,,
2026-10-04T10:14:38.499503+00:00,86966e8880db4ca3b4b5d8b493327e9e,10,client_02,4,88,1061.5474000005634,6.808800000726478,,0.417199998992146,16.562299999350216,,106702,,,,,,,,,,
2026-10-04T10:14:38.508924+00:00,86966e8880db4ca3b4b5d8b493327e9e,10,client_01,4,88,1035.6417999992118,5.7125000002997695,,0.2925000007962808,38.29790000054345,,106713,,,,,,,,,,
2026-10-04T10:14:38.539111+00:00,86966e8880db4ca3b4b5d8b493327e9e,10,,4,350,,5.452100000184146,8.492599999954109,0.15890000031504314,0.6446999996114755,0.671600000714534,,,5667.346700000053,0.8035999999265186,52.24910799999634,estimated,"CodeCarbon software estimate (CPU/GPU/RAM), whole-machine Flower round scope",,,,
2026-10-04T10:14:44.682338+00:00,86966e8880db4ca3b4b5d8b493327e9e,11,client_02,4,88,1062.9337999998825,8.598499998697662,,0.44329999946057796,46.84409999936179,,106579,,,,,,,,,,
2026-10-04T10:14:44.683337+00:00,86966e8880db4ca3b4b5d8b493327e9e,11,client_01,4,88,1081.6189999986818,10.139399999388843,,0.4960000005667098,10.882000000492553,,106575,,,,,,,,,,
2026-10-04T10:14:44.694446+00:00,86966e8880db4ca3b4b5d8b493327e9e,11,client_03,4,88,1137.1010999991995,8.801699999821722,,0.1635999997233739,38.71179999987362,,106577,,,,,,,,,,
2026-10-04T10:14:44.703570+00:00,86966e8880db4ca3b4b5d8b493327e9e,11,client_04,4,86,1080.6295999991562,7.877100000769133,,0.1793000010366086,44.74429999936547,,106573,,,,,,,,,,
2026-10-04T10:14:44.736628+00:00,86966e8880db4ca3b4b5d8b493327e9e,11,,4,350,,6.203299999469891,9.447099999306374,0.22159999934956431,0.7012000005488517,0.2537000000302214,,,5730.838400000721,0.922799999898416,53.14298000001144,estimated,"CodeCarbon software estimate (CPU/GPU/RAM), whole-machine Flower round scope",,,,
2026-10-04T10:14:52.052322+00:00,86966e8880db4ca3b4b5d8b493327e9e,12,client_03,4,88,2053.92430000029,6.160700000691577,,0.1968000015040161,9.658200000558281,,106557,,,,,,,,,,
2026-10-04T10:14:52.054320+00:00,86966e8880db4ca3b4b5d8b493327e9e,12,client_04,4,86,1944.4238999985828,6.035600001268904,,0.22290000015345868,9.359899999253685,,106574,,,,,,,,,,
2026-10-04T10:14:52.066318+00:00,86966e8880db4ca3b4b5d8b493327e9e,12,client_01,4,88,1987.4383999995189,8.800000001428998,,0.20199999926262535,45.58820000056585,,106540,,,,,,,,,,
2026-10-04T10:14:52.078475+00:00,86966e8880db4ca3b4b5d8b493327e9e,12,client_02,4,88,1983.3879999987403,6.441100000301958,,0.24750000011408702,30.69379999942612,,106545,,,,,,,,,,
2026-10-04T10:14:52.122767+00:00,86966e8880db4ca3b4b5d8b493327e9e,12,,4,350,,6.112999999459134,12.945200000103796,0.2361999995628139,0.8739999993849779,0.787000000855187,,,6850.7492000007915,1.1101999989477918,62.17968899998595,estimated,"CodeCarbon software estimate (CPU/GPU/RAM), whole-machine Flower round scope",,,,
2026-10-04T10:14:59.026879+00:00,86966e8880db4ca3b4b5d8b493327e9e,13,client_01,4,88,1474.530200001027,5.853200000274228,,0.16969999887805898,46.441099999356084,,106422,,,,,,,,,,
2026-10-04T10:14:59.027879+00:00,86966e8880db4ca3b4b5d8b493327e9e,13,client_02,4,88,1548.7732000001415,9.657099999458296,,0.18479999926057644,9.746100000484148,,106410,,,,,,,,,,
2026-10-04T10:14:59.036875+00:00,86966e8880db4ca3b4b5d8b493327e9e,13,client_03,4,88,1626.7006999987643,6.170100001327228,,0.32359999931941275,48.76460000014049,,106415,,,,,,,,,,
2026-10-04T10:14:59.045873+00:00,86966e8880db4ca3b4b5d8b493327e9e,13,client_04,4,86,1541.2070000002132,6.5641000001051,,0.959099999818136,14.521099999910803,,106384,,,,,,,,,,
2026-10-04T10:14:59.080209+00:00,86966e8880db4ca3b4b5d8b493327e9e,13,,4,350,,5.198900000323192,9.589799999957904,0.16659999891999178,0.7576999996672384,0.3204000004188856,,,6299.649700000373,0.9242999985872302,58.00826299999244,estimated,"CodeCarbon software estimate (CPU/GPU/RAM), whole-machine Flower round scope",,,,
2026-10-04T10:15:05.455491+00:00,86966e8880db4ca3b4b5d8b493327e9e,14,client_04,4,86,1161.9260000006761,8.067099999607308,,0.5300999982864596,15.92029999847,,106378,,,,,,,,,,
2026-10-04T10:15:05.456491+00:00,86966e8880db4ca3b4b5d8b493327e9e,14,client_01,4,88,1152.3981999998796,11.053400001401315,,0.28190000011818483,19.512699998813332,,106360,,,,,,,,,,
2026-10-04T10:15:05.468488+00:00,86966e8880db4ca3b4b5d8b493327e9e,14,client_02,4,88,1262.7247000000352,6.814500000473345,,0.25719999939610716,16.386600000259932,,106380,,,,,,,,,,
2026-10-04T10:15:05.479946+00:00,86966e8880db4ca3b4b5d8b493327e9e,14,client_03,4,88,1206.518099999812,5.4645999989588745,,0.18660000023373868,10.680299999876297,,106430,,,,,,,,,,
2026-10-04T10:15:05.515152+00:00,86966e8880db4ca3b4b5d8b493327e9e,14,,4,350,,6.3408000005438225,10.789300000396906,0.16910000158532057,0.9441000001970679,0.32639999881212134,,,5901.921599999696,1.1132000017823884,54.506024999991496,estimated,"CodeCarbon software estimate (CPU/GPU/RAM), whole-machine Flower round scope",,,,
2026-10-04T10:15:11.842834+00:00,86966e8880db4ca3b4b5d8b493327e9e,15,client_04,4,86,1111.0060999999405,6.648399999903631,,0.16570000116189476,66.08710000000428,,106366,,,,,,,,,,
2026-10-04T10:15:11.843834+00:00,86966e8880db4ca3b4b5d8b493327e9e,15,client_03,4,88,1069.4410000014614,7.402400000501075,,0.28469999961089343,12.96370000090974,,106396,,,,,,,,,,
2026-10-04T10:15:11.853831+00:00,86966e8880db4ca3b4b5d8b493327e9e,15,client_02,4,88,1038.7766999992891,5.47290000031353,,0.16940000023168977,23.316000000704662,,106424,,,,,,,,,,
2026-10-04T10:15:11.861828+00:00,86966e8880db4ca3b4b5d8b493327e9e,15,client_01,4,88,1135.4921999991348,5.813800000396441,,0.16169999980775174,46.92100000102073,,106380,,,,,,,,,,
2026-10-04T10:15:11.896816+00:00,86966e8880db4ca3b4b5d8b493327e9e,15,,4,350,,5.106800001158263,10.620499999276944,0.1357000001007691,0.6524000018544029,0.33059999987017363,,,5793.250999999145,0.788100001955172,53.268138000003084,estimated,"CodeCarbon software estimate (CPU/GPU/RAM), whole-machine Flower round scope",,,,
2026-10-04T10:15:18.105249+00:00,86966e8880db4ca3b4b5d8b493327e9e,16,client_01,4,88,1121.1973999998008,9.103899999900023,,0.29150000045774505,61.889499998869724,,106300,,,,,,,,,,
2026-10-04T10:15:18.107248+00:00,86966e8880db4ca3b4b5d8b493327e9e,16,client_04,4,86,1120.234199999686,5.229600001257495,,0.14740000005986076,39.54450000128418,,106332,,,,,,,,,,
2026-10-04T10:15:18.115245+00:00,86966e8880db4ca3b4b5d8b493327e9e,16,client_02,4,88,1050.8101999985229,7.231200001115212,,0.1720000000204891,34.788200000548386,,106306,,,,,,,,,,
2026-10-04T10:15:18.125242+00:00,86966e8880db4ca3b4b5d8b493327e9e,16,client_03,4,88,1072.0168000007106,8.904599999368656,,0.5000999990443233,8.031899998968584,,106291,,,,,,,,,,
2026-10-04T10:15:18.158231+00:00,86966e8880db4ca3b4b5d8b493327e9e,16,,4,350,,6.638799999564071,8.735900000829133,0.16630000027362257,0.6339999981719302,0.2741999996942468,,,5745.772399999623,0.8002999984455528,53.070487000004505,estimated,"CodeCarbon software estimate (CPU/GPU/RAM), whole-machine Flower round scope",,,,
2026-10-04T10:15:24.496375+00:00,86966e8880db4ca3b4b5d8b493327e9e,17,client_01,4,88,1116.4623000004212,6.473899999036803,,0.22160000116855372,39.92219999963709,,106272,,,,,,,,,,
2026-10-04T10:15:24.496375+00:00,86966e8880db4ca3b4b5d8b493327e9e,17,client_03,4,88,1216.046900000947,6.991000000198255,,0.17499999921710696,39.71869999986666,,106295,,,,,,,,,,
2026-10-04T10:15:24.508823+00:00,86966e8880db4ca3b4b5d8b493327e9e,17,client_02,4,88,1185.4545999995025,6.659499998932006,,0.20249999943189323,34.224999999423744,,106275,,,,,,,,,,
2026-10-04T10:15:24.517904+00:00,86966e8880db4ca3b4b5d8b493327e9e,17,client_04,4,86,1225.4267999996955,5.443099998956313,,0.1650000012887176,12.111699999877601,,106255,,,,,,,,,,
2026-10-04T10:15:24.547997+00:00,86966e8880db4ca3b4b5d8b493327e9e,17,,4,350,,5.312100000082864,11.362200000803568,0.16599999980826396,0.8309999993798556,0.2776000001176726,,,5861.599699999715,0.9969999991881195,54.236682999999175,estimated,"CodeCarbon software estimate (CPU/GPU/RAM), whole-machine Flower round scope",,,,
2026-10-04T10:15:30.843260+00:00,86966e8880db4ca3b4b5d8b493327e9e,18,client_04,4,86,1105.8192000000417,7.570200001282501,,0.19669999892357737,11.924500000532134,,106352,,,,,,,,,,
2026-10-04T10:15:30.845259+00:00,86966e8880db4ca3b4b5d8b493327e9e,18,client_01,4,88,1158.5760000016307,5.38819999928819,,0.1788000008673407,34.20209999967483,,106332,,,,,,,,,,
2026-10-04T10:15:30.854256+00:00,86966e8880db4ca3b4b5d8b493327e9e,18,client_02,4,88,1171.529000001101,7.356299998718896,,0.17800000023271423,36.13769999901706,,106388,,,,,,,,,,
2026-10-04T10:15:30.864253+00:00,86966e8880db4ca3b4b5d8b493327e9e,18,client_03,4,88,1145.0982999995176,7.532399999035988,,0.6292000016401289,34.9380999996356,,106344,,,,,,,,,,
2026-10-04T10:15:30.902241+00:00,86966e8880db4ca3b4b5d8b493327e9e,18,,4,350,,5.224399999860907,10.976700001265272,1.0687000012694625,1.4727999987371732,0.29720000020461157,,,5817.077000001518,2.5415000000066357,53.65238799999133,estimated,"CodeCarbon software estimate (CPU/GPU/RAM), whole-machine Flower round scope",,,,
2026-10-04T10:15:37.457735+00:00,86966e8880db4ca3b4b5d8b493327e9e,19,client_04,4,86,1092.2214000001986,8.607499999925494,,0.39769999966665637,9.948699998858501,,106255,,,,,,,,,,
2026-10-04T10:15:37.458735+00:00,86966e8880db4ca3b4b5d8b493327e9e,19,client_02,4,88,1103.8353000003553,7.800699999279459,,0.8351000014954479,16.110500000650063,,106248,,,,,,,,,,
2026-10-04T10:15:37.467732+00:00,86966e8880db4ca3b4b5d8b493327e9e,19,client_01,4,88,1163.6913000002096,9.00059999912628,,0.1709000007394934,48.415100000056555,,106246,,,,,,,,,,
2026-10-04T10:15:37.476728+00:00,86966e8880db4ca3b4b5d8b493327e9e,19,client_03,4,88,1201.1592999988352,5.269799999950919,,0.16349999896192458,38.89320000052976,,106251,,,,,,,,,,
2026-10-04T10:15:37.510719+00:00,86966e8880db4ca3b4b5d8b493327e9e,19,,4,350,,5.092100000183564,10.438300001624157,0.1560000000608852,0.5742000030295458,0.27399999999033753,,,5912.268199999744,0.730200003090431,53.60359099999187,estimated,"CodeCarbon software estimate (CPU/GPU/RAM), whole-machine Flower round scope",,,,
2026-10-04T10:15:43.921502+00:00,86966e8880db4ca3b4b5d8b493327e9e,20,client_01,4,88,1099.3581999991875,6.449999998949352,,0.16370000048482325,2.9334999999264255,,106363,,,,,,,,,,
2026-10-04T10:15:43.921502+00:00,86966e8880db4ca3b4b5d8b493327e9e,20,client_04,4,86,1058.990999999878,7.824199999959092,,0.14550000014423858,9.009699999296572,,106380,,,,,,,,,,
2026-10-04T10:15:43.932106+00:00,86966e8880db4ca3b4b5d8b493327e9e,20,client_02,4,88,1032.8372000003583,7.066499998472864,,0.19629999951575883,28.45800000068266,,106377,,,,,,,,,,
2026-10-04T10:15:43.943119+00:00,86966e8880db4ca3b4b5d8b493327e9e,20,client_03,4,88,1159.6262000002753,5.023599998821737,,0.15779999921505805,22.71189999919443,,106391,,,,,,,,,,
2026-10-04T10:15:43.975112+00:00,86966e8880db4ca3b4b5d8b493327e9e,20,,4,350,,5.4270000000542495,8.607600000686944,0.15469999925699085,0.6131000009190757,1.3103000001137843,,,5923.452500001076,0.7678000001760665,54.76726200000485,estimated,"CodeCarbon software estimate (CPU/GPU/RAM), whole-machine Flower round scope",,,,
2026-10-04T10:15:57.186850+00:00,77de208de9c04a33adc21ec6f2184654,1,client_01,4,88,7419.469399999798,8.322500001668232,,0.16289999985019676,11.293000001387554,,106677,,,,,,,,,,
2026-10-04T10:15:57.187867+00:00,77de208de9c04a33adc21ec6f2184654,1,client_03,4,88,6133.24509999984,10.873699999137898,,0.20729999960167333,9.324000000560773,,106711,,,,,,,,,,
2026-10-04T10:15:57.196562+00:00,77de208de9c04a33adc21ec6f2184654,1,client_02,4,88,7527.860099999089,5.862699999852339,,0.17769999976735562,44.24810000091384,,106695,,,,,,,,,,
2026-10-04T10:15:57.213622+00:00,77de208de9c04a33adc21ec6f2184654,1,client_04,4,86,5687.208100000134,14.268400000219117,,5.796800000098301,33.26280000146653,,106693,,,,,,,,,,
2026-10-04T10:15:57.246901+00:00,77de208de9c04a33adc21ec6f2184654,1,,4,350,,5.103100000269478,8.575200001359917,0.14180000107444357,0.9250000002793968,0.26559999969322234,,,12166.79110000041,1.0668000013538403,116.99162200000501,estimated,"CodeCarbon software estimate (CPU/GPU/RAM), whole-machine Flower round scope",,,,
2026-10-04T10:16:03.406413+00:00,77de208de9c04a33adc21ec6f2184654,2,client_03,4,88,954.5285999993212,10.063100000479608,,0.16730000061215833,19.119499998851097,,106710,,,,,,,,,,
2026-10-04T10:16:03.408412+00:00,77de208de9c04a33adc21ec6f2184654,2,client_01,4,88,943.154599999616,11.884099998496822,,0.20360000053187832,41.490400000839145,,106686,,,,,,,,,,
2026-10-04T10:16:03.420562+00:00,77de208de9c04a33adc21ec6f2184654,2,client_04,4,86,977.7484000005643,14.104500000030384,,0.23719999990134966,35.17849999843747,,106673,,,,,,,,,,
2026-10-04T10:16:03.426273+00:00,77de208de9c04a33adc21ec6f2184654,2,client_02,4,88,958.2100000006903,9.949199999027769,,0.456300000223564,22.966100001212908,,106696,,,,,,,,,,
2026-10-04T10:16:03.466409+00:00,77de208de9c04a33adc21ec6f2184654,2,,4,350,,5.257099999653292,10.153299997909926,0.6835000003775349,1.0473000020283507,0.3239999987272313,,,5629.571800000122,1.7308000024058856,51.715170000006765,estimated,"CodeCarbon software estimate (CPU/GPU/RAM), whole-machine Flower round scope",,,,
2026-10-04T10:16:09.823532+00:00,77de208de9c04a33adc21ec6f2184654,3,client_02,4,88,1082.947900000363,5.799900000056368,,0.21999999989930075,11.981899999227608,,106671,,,,,,,,,,
2026-10-04T10:16:09.824532+00:00,77de208de9c04a33adc21ec6f2184654,3,client_01,4,88,1081.2660999999935,6.901499999003136,,0.17859999934444204,11.567999999897438,,106651,,,,,,,,,,
2026-10-04T10:16:09.833530+00:00,77de208de9c04a33adc21ec6f2184654,3,client_04,4,86,1089.1078999993624,7.380799999737064,,0.352700000803452,40.10480000033567,,106674,,,,,,,,,,
2026-10-04T10:16:09.843526+00:00,77de208de9c04a33adc21ec6f2184654,3,client_03,4,88,1128.6815000003116,6.278099999690312,,0.5087000008643372,14.320599999336991,,106668,,,,,,,,,,
2026-10-04T10:16:09.876843+00:00,77de208de9c04a33adc21ec6f2184654,3,,4,350,,5.1277000002301065,9.908099998938269,0.15319999874918722,0.8867000015015947,0.27769999906013254,,,5792.6859999988665,1.0399000002507819,53.131589999993594,estimated,"CodeCarbon software estimate (CPU/GPU/RAM), whole-machine Flower round scope",,,,
2026-10-04T10:16:16.112555+00:00,77de208de9c04a33adc21ec6f2184654,4,client_04,4,86,977.7290000001813,5.610099999103113,,0.1750999999785563,45.4210999996576,,106715,,,,,,,,,,
2026-10-04T10:16:16.114558+00:00,77de208de9c04a33adc21ec6f2184654,4,client_01,4,88,974.7671999994054,8.173700000043027,,0.1843999998527579,11.212400000658818,,106698,,,,,,,,,,
2026-10-04T10:16:16.125551+00:00,77de208de9c04a33adc21ec6f2184654,4,client_02,4,88,1006.5474000002723,6.588899999769637,,0.1739999988785712,13.623500000903732,,106710,,,,,,,,,,
2026-10-04T10:16:16.136546+00:00,77de208de9c04a33adc21ec6f2184654,4,client_03,4,88,975.0836000002892,7.82459999936691,,1.1190000004717149,11.34970000020985,,106744,,,,,,,,,,
2026-10-04T10:16:16.170868+00:00,77de208de9c04a33adc21ec6f2184654,4,,4,350,,5.238800000370247,10.097000000314438,0.16150000010384247,0.7080000013957033,0.291599999400205,,,5730.652199999895,0.8695000014995458,51.58060300000216,estimated,"CodeCarbon software estimate (CPU/GPU/RAM), whole-machine Flower round scope",,,,
2026-10-04T10:16:22.254230+00:00,77de208de9c04a33adc21ec6f2184654,5,client_01,4,88,915.98569999951,10.524400000576861,,0.20450000010896474,6.111900000178139,,106698,,,,,,,,,,
2026-10-04T10:16:22.255229+00:00,77de208de9c04a33adc21ec6f2184654,5,client_03,4,88,921.8655000004219,13.051300000370247,,0.2812999991874676,37.708699999711826,,106731,,,,,,,,,,
2026-10-04T10:16:22.266225+00:00,77de208de9c04a33adc21ec6f2184654,5,client_04,4,86,890.455099999599,6.828200001109508,,0.2314000012120232,38.395899999159155,,106712,,,,,,,,,,
2026-10-04T10:16:22.275226+00:00,77de208de9c04a33adc21ec6f2184654,5,client_02,4,88,918.8704999996844,12.943199999426724,,1.0367999984737253,38.27169999931357,,106689,,,,,,,,,,
2026-10-04T10:16:22.309212+00:00,77de208de9c04a33adc21ec6f2184654,5,,4,350,,6.03170000067621,10.519299999941722,0.274800000624964,0.8558999998058425,0.27459999910206534,,,5570.9203999995225,1.1307000004308065,51.18037000000186,estimated,"CodeCarbon software estimate (CPU/GPU/RAM), whole-machine Flower round scope",,,,
2026-10-04T10:16:28.436344+00:00,77de208de9c04a33adc21ec6f2184654,6,client_01,4,88,951.1452000006102,6.9632000013371,,0.5768999999418156,7.224099999803002,,106723,,,,,,,,,,
2026-10-04T10:16:28.437344+00:00,77de208de9c04a33adc21ec6f2184654,6,client_04,4,86,930.070500000511,22.48170000166283,,0.42299999950046185,14.335900001242408,,106748,,,,,,,,,,
2026-10-04T10:16:28.446353+00:00,77de208de9c04a33adc21ec6f2184654,6,client_03,4,88,937.139899999238,21.07340000111435,,0.5382999988796655,37.907200001427555,,106767,,,,,,,,,,
2026-10-04T10:16:28.456354+00:00,77de208de9c04a33adc21ec6f2184654,6,client_02,4,88,1010.8488999994734,5.268900000373833,,0.1537000007374445,53.62950000017008,,106720,,,,,,,,,,
2026-10-04T10:16:28.491344+00:00,77de208de9c04a33adc21ec6f2184654,6,,4,350,,5.27939999847149,9.690500000942848,0.15019999955256935,0.6419000001187669,1.1969999995926628,,,5643.315600000278,0.7920999996713363,51.98444499999824,estimated,"CodeCarbon software estimate (CPU/GPU/RAM), whole-machine Flower round scope",,,,
2026-10-04T10:16:34.671377+00:00,77de208de9c04a33adc21ec6f2184654,7,client_01,4,88,1041.9603999998799,12.13629999983823,,0.7249999998748535,12.539299999843934,,106752,,,,,,,,,,
2026-10-04T10:16:34.671481+00:00,77de208de9c04a33adc21ec6f2184654,7,client_02,4,88,1042.0185000002675,12.340100000074017,,1.4639000000897795,12.698500000624335,,106706,,,,,,,,,,
2026-10-04T10:16:34.682478+00:00,77de208de9c04a33adc21ec6f2184654,7,client_04,4,86,1075.1345999997284,9.963999998944928,,0.15929999972286168,37.11049999947136,,106753,,,,,,,,,,
2026-10-04T10:16:34.691476+00:00,77de208de9c04a33adc21ec6f2184654,7,client_03,4,88,1030.801099999735,7.252900000821683,,0.23949999922479037,37.294800000381656,,106752,,,,,,,,,,
2026-10-04T10:16:34.722643+00:00,77de208de9c04a33adc21ec6f2184654,7,,4,350,,5.999199998768745,9.531100002277526,0.19490000158839393,1.0777000006783055,0.2616000001580687,,,5703.957800000353,1.2726000022666994,52.4584700000014,estimated,"CodeCarbon software estimate (CPU/GPU/RAM), whole-machine Flower round scope",,,,
2026-10-04T10:16:41.140971+00:00,77de208de9c04a33adc21ec6f2184654,8,client_02,4,88,1060.3504999999132,7.35030000032566,,0.19260000044596381,57.46770000041579,,106770,,,,,,,,,,
2026-10-04T10:16:41.142232+00:00,77de208de9c04a33adc21ec6f2184654,8,client_04,4,86,1160.9414000013203,8.057300001382828,,0.18679999993764795,13.893999999709195,,106766,,,,,,,,,,
2026-10-04T10:16:41.153421+00:00,77de208de9c04a33adc21ec6f2184654,8,client_03,4,88,1031.7737999994279,6.347800001094583,,0.20120000044698827,33.94599999955972,,106756,,,,,,,,,,
2026-10-04T10:16:41.165417+00:00,77de208de9c04a33adc21ec6f2184654,8,client_01,4,88,1012.3686000006273,6.809800001065014,,0.20180000137770548,8.867000000464031,,106773,,,,,,,,,,
2026-10-04T10:16:41.209225+00:00,77de208de9c04a33adc21ec6f2184654,8,,4,350,,5.8755999998538755,9.495300002527074,0.16700000014679972,0.7912999990367098,0.7600999997521285,,,5942.73339999927,0.9582999991835095,53.25422199999593,estimated,"CodeCarbon software estimate (CPU/GPU/RAM), whole-machine Flower round scope",,,,
2026-10-04T10:16:47.419076+00:00,77de208de9c04a33adc21ec6f2184654,9,client_04,4,86,1003.758500000913,6.822699999247561,,0.15320000056817662,41.73760000048787,,106772,,,,,,,,,,
2026-10-04T10:16:47.420075+00:00,77de208de9c04a33adc21ec6f2184654,9,client_01,4,88,914.0895000000455,8.3690999999817,,0.3799999994953396,43.39319999962754,,106773,,,,,,,,,,
2026-10-04T10:16:47.430165+00:00,77de208de9c04a33adc21ec6f2184654,9,client_02,4,88,951.293899999655,5.765300000348361,,0.50800000099116,7.746300001599593,,106777,,,,,,,,,,
2026-10-04T10:16:47.440164+00:00,77de208de9c04a33adc21ec6f2184654,9,client_03,4,88,946.0493999995379,9.97809999898891,,0.5089000005682465,42.920600000798004,,106749,,,,,,,,,,
2026-10-04T10:16:47.472351+00:00,77de208de9c04a33adc21ec6f2184654,9,,4,350,,6.060900001102709,9.186800003590179,0.28759999986505136,0.715199999831384,0.25920000007317867,,,5675.140299999839,1.0027999996964354,51.77241200000935,estimated,"CodeCarbon software estimate (CPU/GPU/RAM), whole-machine Flower round scope",,,,
2026-10-04T10:16:53.522509+00:00,77de208de9c04a33adc21ec6f2184654,10,client_04,4,86,864.8462999990443,9.881699999823468,,0.20150000091234688,8.905400000003283,,106783,,,,,,,,,,
2026-10-04T10:16:53.523509+00:00,77de208de9c04a33adc21ec6f2184654,10,client_03,4,88,861.9694999997591,6.803300000683521,,0.5228999998507788,53.40740000065125,,106762,,,,,,,,,,
2026-10-04T10:16:53.535506+00:00,77de208de9c04a33adc21ec6f2184654,10,client_01,4,88,864.1258999996353,11.846199999126839,,0.3897000005963491,12.30779999968945,,106764,,,,,,,,,,
2026-10-04T10:16:53.556499+00:00,77de208de9c04a33adc21ec6f2184654,10,client_02,4,88,869.9832000002061,5.934499999057152,,0.1723000004858477,28.195499999128515,,106750,,,,,,,,,,
2026-10-04T10:16:53.590487+00:00,77de208de9c04a33adc21ec6f2184654,10,,4,350,,5.354999999326537,10.251899997456349,0.15300000086426735,0.7585999992443249,0.281300001006457,,,5578.900900000008,0.9116000001085922,51.071736000012606,estimated,"CodeCarbon software estimate (CPU/GPU/RAM), whole-machine Flower round scope",,,,
2026-10-04T10:16:59.720950+00:00,77de208de9c04a33adc21ec6f2184654,11,client_03,4,88,958.5750000005646,7.277400000020862,,0.17160000061267056,10.705200000302284,,106764,,,,,,,,,,
2026-10-04T10:16:59.721950+00:00,77de208de9c04a33adc21ec6f2184654,11,client_04,4,86,922.3946000001888,10.850999999092892,,0.9551000002829824,38.85769999942568,,106751,,,,,,,,,,
2026-10-04T10:16:59.738944+00:00,77de208de9c04a33adc21ec6f2184654,11,client_01,4,88,995.5314999988332,5.36870000178169,,0.1640999998926418,13.348000000405591,,106762,,,,,,,,,,
2026-10-04T10:16:59.747942+00:00,77de208de9c04a33adc21ec6f2184654,11,client_02,4,88,934.4553999999334,10.79579999895941,,0.1852000004873844,33.312400000795606,,106720,,,,,,,,,,
2026-10-04T10:16:59.781947+00:00,77de208de9c04a33adc21ec6f2184654,11,,4,350,,7.753199999569915,11.096199998064549,0.17660000048635993,0.6774000012228498,0.2725000013015233,,,5637.430099999619,0.8540000017092098,51.53195599999891,estimated,"CodeCarbon software estimate (CPU/GPU/RAM), whole-machine Flower round scope",,,,
2026-10-04T10:17:05.923579+00:00,77de208de9c04a33adc21ec6f2184654,12,client_03,4,88,1023.2994999987568,6.203100001584971,,0.18650000129127875,33.03559999949357,,106767,,,,,,,,,,
2026-10-04T10:17:05.924578+00:00,77de208de9c04a33adc21ec6f2184654,12,client_02,4,88,923.7013000001753,6.579700000656885,,0.16490000052726828,13.565700000981451,,106778,,,,,,,,,,
2026-10-04T10:17:05.933575+00:00,77de208de9c04a33adc21ec6f2184654,12,client_04,4,86,940.1714000014181,6.676299999526236,,0.2855000002455199,10.636900000463356,,106769,,,,,,,,,,
2026-10-04T10:17:05.942651+00:00,77de208de9c04a33adc21ec6f2184654,12,client_01,4,88,958.986300000106,7.528399999500834,,0.23750000036670826,18.41019999847049,,106760,,,,,,,,,,
2026-10-04T10:17:05.976979+00:00,77de208de9c04a33adc21ec6f2184654,12,,4,350,,5.04700000055891,9.510099996987265,0.1506000007793773,0.9948000006261282,0.36669999826699495,,,5633.239900000262,1.1454000014055055,51.98593599998276,estimated,"CodeCarbon software estimate (CPU/GPU/RAM), whole-machine Flower round scope",,,,
2026-10-04T10:17:12.066139+00:00,77de208de9c04a33adc21ec6f2184654,13,client_03,4,88,896.1042000009911,7.980899999893154,,0.2210000002378365,7.127599999876111,,106794,,,,,,,,,,
2026-10-04T10:17:12.067139+00:00,77de208de9c04a33adc21ec6f2184654,13,client_02,4,88,945.848900000783,10.613899999952991,,0.2963999995699851,43.079900000520865,,106763,,,,,,,,,,
2026-10-04T10:17:12.077136+00:00,77de208de9c04a33adc21ec6f2184654,13,client_04,4,86,919.3835000005492,19.301199999972596,,0.19409999913477805,16.766099999586004,,106786,,,,,,,,,,
2026-10-04T10:17:12.087131+00:00,77de208de9c04a33adc21ec6f2184654,13,client_01,4,88,975.7263000010425,6.826299999374896,,0.3659999983938178,15.797500000189757,,106760,,,,,,,,,,
2026-10-04T10:17:12.129119+00:00,77de208de9c04a33adc21ec6f2184654,13,,4,350,,5.304399999658926,13.807699999233591,0.49249999938183464,1.163000000815373,0.28870000096503645,,,5605.477099999916,1.6555000001972076,51.559357000005555,estimated,"CodeCarbon software estimate (CPU/GPU/RAM), whole-machine Flower round scope",,,,
2026-10-04T10:17:18.142012+00:00,77de208de9c04a33adc21ec6f2184654,14,client_03,4,88,901.046299999507,10.599300001558731,,0.7670000013604295,41.98019999967073,,106782,,,,,,,,,,
2026-10-04T10:17:18.143011+00:00,77de208de9c04a33adc21ec6f2184654,14,client_02,4,88,901.4319999987492,10.497500001292792,,0.28930000007676426,34.56410000035248,,106749,,,,,,,,,,
2026-10-04T10:17:18.154007+00:00,77de208de9c04a33adc21ec6f2184654,14,client_01,4,88,899.0718999993987,7.530000000770087,,0.7188999989011791,43.48310000023048,,106787,,,,,,,,,,
2026-10-04T10:17:18.166130+00:00,77de208de9c04a33adc21ec6f2184654,14,client_04,4,86,927.4378999998589,5.630800000290037,,0.5992999995214632,6.483999999545631,,106777,,,,,,,,,,
2026-10-04T10:17:18.197291+00:00,77de208de9c04a33adc21ec6f2184654,14,,4,350,,5.934000000706874,10.925399999905494,0.16630000027362257,0.6957999994483544,0.2690999990591081,,,5542.007300000478,0.8620999997219769,50.98747199999707,estimated,"CodeCarbon software estimate (CPU/GPU/RAM), whole-machine Flower round scope",,,,
2026-10-04T10:17:24.281958+00:00,77de208de9c04a33adc21ec6f2184654,15,client_03,4,88,942.2183000006044,6.483000001026085,,0.16979999963950831,38.81580000052054,,106856,,,,,,,,,,
2026-10-04T10:17:24.283960+00:00,77de208de9c04a33adc21ec6f2184654,15,client_04,4,86,960.2243999997881,5.226600000241888,,0.16520000099262688,35.74600000138162,,106862,,,,,,,,,,
2026-10-04T10:17:24.294953+00:00,77de208de9c04a33adc21ec6f2184654,15,client_01,4,88,943.6201999997138,7.577599999422091,,0.2922999992733821,42.523699999946984,,106833,,,,,,,,,,
2026-10-04T10:17:24.304950+00:00,77de208de9c04a33adc21ec6f2184654,15,client_02,4,88,909.2947999997705,7.838699999410892,,0.5161999997653766,12.391600001137704,,106832,,,,,,,,,,
2026-10-04T10:17:24.335940+00:00,77de208de9c04a33adc21ec6f2184654,15,,4,350,,5.132300000695977,9.356400001706788,0.14320000082079787,0.5957000012131175,0.32920000012381934,,,5591.854399999647,0.7389000020339154,51.370581999999565,estimated,"CodeCarbon software estimate (CPU/GPU/RAM), whole-machine Flower round scope",,,,
2026-10-04T10:17:31.252150+00:00,77de208de9c04a33adc21ec6f2184654,16,client_01,4,88,1624.849699999686,8.038199999646167,,0.15829999938432593,11.195999999472406,,106759,,,,,,,,,,
2026-10-04T10:17:31.253150+00:00,77de208de9c04a33adc21ec6f2184654,16,client_02,4,88,1755.3774000007252,11.252700000113691,,0.19419999989622738,18.048199999611825,,106745,,,,,,,,,,
2026-10-04T10:17:31.263148+00:00,77de208de9c04a33adc21ec6f2184654,16,client_03,4,88,1723.2291999989684,6.094499998653191,,0.1613000003999332,25.24020000055316,,106755,,,,,,,,,,
2026-10-04T10:17:31.275143+00:00,77de208de9c04a33adc21ec6f2184654,16,client_04,4,86,1723.8276000007318,6.682200000796001,,0.26249999973515514,3.4123999994335463,,106754,,,,,,,,,,
2026-10-04T10:17:31.314131+00:00,77de208de9c04a33adc21ec6f2184654,16,,4,350,,6.087800000386778,10.15959999858751,0.17440000010537915,0.7572999984404305,0.9359000014228513,,,6435.485300000437,0.9316999985458096,59.627124999988155,estimated,"CodeCarbon software estimate (CPU/GPU/RAM), whole-machine Flower round scope",,,,
2026-10-04T10:17:38.864352+00:00,77de208de9c04a33adc21ec6f2184654,17,client_01,4,88,1284.6075999987079,6.254100000660401,,0.6524999989778735,15.406100001200684,,106836,,,,,,,,,,
2026-10-04T10:17:38.865352+00:00,77de208de9c04a33adc21ec6f2184654,17,client_04,4,86,1323.8949999995384,6.04139999995823,,0.16739999955461826,17.142599999715458,,106808,,,,,,,,,,
2026-10-04T10:17:38.875742+00:00,77de208de9c04a33adc21ec6f2184654,17,client_03,4,88,1258.3243999997649,9.725899999466492,,0.2745000001596054,46.92660000000615,,106830,,,,,,,,,,
2026-10-04T10:17:38.887520+00:00,77de208de9c04a33adc21ec6f2184654,17,client_02,4,88,1303.294299999834,11.37130000097386,,0.19419999989622738,13.312699999005417,,106810,,,,,,,,,,
2026-10-04T10:17:38.921806+00:00,77de208de9c04a33adc21ec6f2184654,17,,4,350,,6.341299998894101,10.409200001959107,0.16659999891999178,0.6986000007600524,0.3372999999555759,,,5983.265400000164,0.8651999996800441,55.04086200000529,estimated,"CodeCarbon software estimate (CPU/GPU/RAM), whole-machine Flower round scope",,,,
2026-10-04T10:17:46.119951+00:00,77de208de9c04a33adc21ec6f2184654,18,client_03,4,88,1741.8654999983119,11.31580000037502,,0.16970000069704838,38.30820000075619,,106858,,,,,,,,,,
2026-10-04T10:17:46.120951+00:00,77de208de9c04a33adc21ec6f2184654,18,client_04,4,86,1709.2096999986097,11.081599999670289,,0.18030000137514435,58.192399999825284,,106882,,,,,,,,,,
2026-10-04T10:17:46.130947+00:00,77de208de9c04a33adc21ec6f2184654,18,client_01,4,88,1772.5198999996792,6.112600000051316,,0.17069999921659473,5.735400000048685,,106873,,,,,,,,,,
2026-10-04T10:17:46.139950+00:00,77de208de9c04a33adc21ec6f2184654,18,client_02,4,88,1689.6227999986877,7.2767000001476845,,0.3255000010540243,37.297599999874365,,106872,,,,,,,,,,
2026-10-04T10:17:46.175142+00:00,77de208de9c04a33adc21ec6f2184654,18,,4,350,,6.8107000006421,10.001899998314911,0.2406999992672354,1.089999999749125,0.26950000028591603,,,6420.433299999786,1.3306999990163604,59.028331999998045,estimated,"CodeCarbon software estimate (CPU/GPU/RAM), whole-machine Flower round scope",,,,
2026-10-04T10:17:52.236746+00:00,77de208de9c04a33adc21ec6f2184654,19,client_04,4,86,926.3395000016317,5.346399999325513,,0.16529999993508682,51.06280000109109,,106894,,,,,,,,,,
2026-10-04T10:17:52.237745+00:00,77de208de9c04a33adc21ec6f2184654,19,client_03,4,88,880.6786000004649,16.17429999896558,,0.41930000043066684,56.63309999908961,,106893,,,,,,,,,,
2026-10-04T10:17:52.246742+00:00,77de208de9c04a33adc21ec6f2184654,19,client_01,4,88,889.9978000008559,6.1064000001351815,,0.19459999930404592,16.359099998226156,,106865,,,,,,,,,,
2026-10-04T10:17:52.256945+00:00,77de208de9c04a33adc21ec6f2184654,19,client_02,4,88,923.001999999542,7.710100000622333,,0.6309000000328524,16.92220000040834,,106891,,,,,,,,,,
2026-10-04T10:17:52.290935+00:00,77de208de9c04a33adc21ec6f2184654,19,,4,350,,5.1509999993868405,10.24870000037481,0.16200000027311035,1.0149000027013244,0.2744000012171455,,,5577.799500000765,1.1769000029744348,51.104298000009294,estimated,"CodeCarbon software estimate (CPU/GPU/RAM), whole-machine Flower round scope",,,,
2026-10-04T10:17:58.893072+00:00,77de208de9c04a33adc21ec6f2184654,20,client_02,4,88,1493.2087999986834,11.941199998545926,,0.9159999990515644,39.12080000009155,,106875,,,,,,,,,,
2026-10-04T10:17:58.893975+00:00,77de208de9c04a33adc21ec6f2184654,20,client_04,4,86,1506.5668999995978,10.183200000028592,,0.5334999987098854,33.68939999927534,,106885,,,,,,,,,,
2026-10-04T10:17:58.906097+00:00,77de208de9c04a33adc21ec6f2184654,20,client_01,4,88,1494.8530999990908,9.31979999950272,,0.4465000001800945,32.71650000169757,,106854,,,,,,,,,,
2026-10-04T10:17:58.915095+00:00,77de208de9c04a33adc21ec6f2184654,20,client_03,4,88,1526.5021999985038,9.316399999079295,,0.3324999997857958,11.107399999673362,,106866,,,,,,,,,,
2026-10-04T10:17:58.950074+00:00,77de208de9c04a33adc21ec6f2184654,20,,4,350,,6.685700000161887,11.431599998104502,0.18389999968349002,0.7905000038590515,0.267100000201026,,,6130.839999999807,0.9744000035425415,56.909721000010904,estimated,"CodeCarbon software estimate (CPU/GPU/RAM), whole-machine Flower round scope",,,,
2026-10-04T10:18:13.168893+00:00,41b36fbe846e429ab40b2c388d194852,1,client_01,4,88,7870.04540000089,7.48340000063763,,0.26699999943957664,69.40039999972214,,106715,,,,,,,,,,
2026-10-04T10:18:13.171896+00:00,41b36fbe846e429ab40b2c388d194852,1,client_04,4,86,7922.6581000002625,6.773299999622395,,0.28500000007625204,16.953899999862188,,106695,,,,,,,,,,
2026-10-04T10:18:13.182887+00:00,41b36fbe846e429ab40b2c388d194852,1,client_03,4,88,7675.245800000994,5.584599999565398,,2.972500000396394,15.52319999973406,,106718,,,,,,,,,,
2026-10-04T10:18:13.193884+00:00,41b36fbe846e429ab40b2c388d194852,1,client_02,4,88,7669.721199999913,5.409599998529302,,0.246300000071642,44.556299999385374,,106720,,,,,,,,,,
2026-10-04T10:18:13.232099+00:00,41b36fbe846e429ab40b2c388d194852,1,,4,350,,7.524800001192489,11.62789999943925,0.21120000019436702,1.1407000001781853,0.36729999919771217,,,12757.757800000036,1.3519000003725523,120.91887399999905,estimated,"CodeCarbon software estimate (CPU/GPU/RAM), whole-machine Flower round scope",,,,
2026-10-04T10:18:19.787057+00:00,41b36fbe846e429ab40b2c388d194852,2,client_01,4,88,863.7493000005634,5.783900000096764,,0.1706000002741348,13.642800000525312,,106734,,,,,,,,,,
2026-10-04T10:18:19.788055+00:00,41b36fbe846e429ab40b2c388d194852,2,client_02,4,88,850.9172000012768,13.295200000357,,0.8525000012014061,12.623599999642465,,106721,,,,,,,,,,
2026-10-04T10:18:19.799191+00:00,41b36fbe846e429ab40b2c388d194852,2,client_03,4,88,815.8610999998928,13.00450000053388,,0.937000000703847,39.84670000136248,,106725,,,,,,,,,,
2026-10-04T10:18:19.808187+00:00,41b36fbe846e429ab40b2c388d194852,2,client_04,4,86,824.199900000167,7.963899999595014,,1.9652000009955373,12.153499999840278,,106706,,,,,,,,,,
2026-10-04T10:18:19.845375+00:00,41b36fbe846e429ab40b2c388d194852,2,,4,350,,6.580500001291512,11.210299997401307,0.3791999988607131,0.9318999982497189,0.29849999918951653,,,5670.532000000094,1.311099997110432,50.45430899999701,estimated,"CodeCarbon software estimate (CPU/GPU/RAM), whole-machine Flower round scope",,,,
2026-10-04T10:18:25.783745+00:00,41b36fbe846e429ab40b2c388d194852,3,client_03,4,88,785.9404000009818,11.556600000403705,,0.20260000019334257,11.465200001111953,,106734,,,,,,,,,,
2026-10-04T10:18:25.785745+00:00,41b36fbe846e429ab40b2c388d194852,3,client_04,4,86,837.4531999997998,5.443500000183121,,0.16279999908874743,33.87750000001688,,106688,,,,,,,,,,
2026-10-04T10:18:25.795841+00:00,41b36fbe846e429ab40b2c388d194852,3,client_02,4,88,798.3566000002611,6.4081000000442145,,0.17099999968195334,39.28110000015295,,106681,,,,,,,,,,
2026-10-04T10:18:25.806051+00:00,41b36fbe846e429ab40b2c388d194852,3,client_01,4,88,822.8175999993255,5.880699998670025,,0.15320000056817662,36.808500000915956,,106716,,,,,,,,,,
2026-10-04T10:18:25.842413+00:00,41b36fbe846e429ab40b2c388d194852,3,,4,350,,5.311799999617506,9.650900001361151,0.16940000023168977,0.6365999997797189,0.5137000007380266,,,5437.10800000008,0.8060000000114087,50.019428999985394,estimated,"CodeCarbon software estimate (CPU/GPU/RAM), whole-machine Flower round scope",,,,
2026-10-04T10:18:31.780333+00:00,41b36fbe846e429ab40b2c388d194852,4,client_03,4,88,850.6046999991668,8.01829999909387,,0.5455000009533251,11.921999999685795,,106673,,,,,,,,,,
2026-10-04T10:18:31.781334+00:00,41b36fbe846e429ab40b2c388d194852,4,client_01,4,88,839.3904000004113,13.729100001000916,,1.2575999990076525,11.671899999782909,,106646,,,,,,,,,,
2026-10-04T10:18:31.791330+00:00,41b36fbe846e429ab40b2c388d194852,4,client_02,4,88,810.7615000008082,8.638900000732974,,0.8154999995895196,46.02079999858688,,106664,,,,,,,,,,
2026-10-04T10:18:31.801327+00:00,41b36fbe846e429ab40b2c388d194852,4,client_04,4,86,842.7114000005531,8.682300000145915,,0.1522999991721008,48.078499999974156,,106664,,,,,,,,,,
2026-10-04T10:18:31.834316+00:00,41b36fbe846e429ab40b2c388d194852,4,,4,350,,6.191999998918618,10.506000000532367,0.15039999925647862,0.9565999971528072,0.2585000002000015,,,5463.513099999545,1.1069999964092858,50.31087999999726,estimated,"CodeCarbon software estimate (CPU/GPU/RAM), whole-machine Flower round scope",,,,
2026-10-04T10:18:37.787642+00:00,41b36fbe846e429ab40b2c388d194852,5,client_03,4,88,840.8975999991526,6.3444999996136175,,0.4172000008111354,13.129900000421912,,106682,,,,,,,,,,
2026-10-04T10:18:37.788642+00:00,41b36fbe846e429ab40b2c388d194852,5,client_02,4,88,839.0024999989691,6.748300000253948,,0.4850000004807953,35.94829999929061,,106710,,,,,,,,,,
2026-10-04T10:18:37.797919+00:00,41b36fbe846e429ab40b2c388d194852,5,client_04,4,86,858.0855999989581,6.3004000003275,,0.1685999995970633,12.95620000018971,,106697,,,,,,,,,,
2026-10-04T10:18:37.807915+00:00,41b36fbe846e429ab40b2c388d194852,5,client_01,4,88,858.5975000005419,5.390299998907722,,0.16379999942728318,6.797400001232745,,106701,,,,,,,,,,
2026-10-04T10:18:37.843745+00:00,41b36fbe846e429ab40b2c388d194852,5,,4,350,,5.210600000282284,10.97259999914968,0.16479999976581894,0.610400000368827,0.4202999989502132,,,5472.005200001149,0.775200000134646,50.29157099999793,estimated,"CodeCarbon software estimate (CPU/GPU/RAM), whole-machine Flower round scope",,,,
2026-10-04T10:18:43.791721+00:00,41b36fbe846e429ab40b2c388d194852,6,client_01,4,88,796.044400000028,9.987100000216742,,0.20799999947485048,47.8423999993538,,106707,,,,,,,,,,
2026-10-04T10:18:43.792720+00:00,41b36fbe846e429ab40b2c388d194852,6,client_02,4,88,816.7870999986917,7.589300001200172,,0.36050000016984995,46.762199999648146,,106650,,,,,,,,,,
2026-10-04T10:18:43.801717+00:00,41b36fbe846e429ab40b2c388d194852,6,client_03,4,88,839.3267999999807,5.883100000573904,,0.366599999324535,20.31600000009348,,106686,,,,,,,,,,
2026-10-04T10:18:43.810713+00:00,41b36fbe846e429ab40b2c388d194852,6,client_04,4,86,791.9851999995444,7.857799999328563,,0.2961999998660758,40.24120000030962,,106676,,,,,,,,,,
2026-10-04T10:18:43.845703+00:00,41b36fbe846e429ab40b2c388d194852,6,,4,350,,5.163799998626928,9.672700000010082,0.14740000005986076,1.2227000006532762,0.3828999997494975,,,5450.736000000688,1.370100000713137,50.0743280000097,estimated,"CodeCarbon software estimate (CPU/GPU/RAM), whole-machine Flower round scope",,,,
2026-10-04T10:18:49.795277+00:00,41b36fbe846e429ab40b2c388d194852,7,client_02,4,88,830.933900000673,7.118500001524808,,0.2865999995265156,39.92809999908786,,106631,,,,,,,,,,
2026-10-04T10:18:49.796277+00:00,41b36fbe846e429ab40b2c388d194852,7,client_04,4,86,839.3409999989672,10.843300000487943,,0.27550000049814116,17.661500000031083,,106648,,,,,,,,,,
2026-10-04T10:18:49.806416+00:00,41b36fbe846e429ab40b2c388d194852,7,client_03,4,88,830.0261999993381,12.700900000709225,,0.9163000013359124,41.855499999655876,,106628,,,,,,,,,,
2026-10-04T10:18:49.818413+00:00,41b36fbe846e429ab40b2c388d194852,7,client_01,4,88,864.6442000008392,6.547300001329859,,0.1540000012028031,8.65210000119987,,106639,,,,,,,,,,
2026-10-04T10:18:49.852615+00:00,41b36fbe846e429ab40b2c388d194852,7,,4,350,,6.352000000333646,8.423899998888373,0.1537000007374445,0.6423000013455749,0.26419999994686805,,,5478.7928000005195,0.7960000020830194,50.353255000009085,estimated,"CodeCarbon software estimate (CPU/GPU/RAM), whole-machine Flower round scope",,,,
2026-10-04T10:18:55.971910+00:00,41b36fbe846e429ab40b2c388d194852,8,client_03,4,88,892.1854999989591,7.186099999671569,,0.6693000013910932,9.746699999595876,,106720,,,,,,,,,,
2026-10-04T10:18:55.973909+00:00,41b36fbe846e429ab40b2c388d194852,8,client_04,4,86,852.436499999385,6.259899999349727,,0.20480000057432335,41.01660000014817,,106703,,,,,,,,,,
2026-10-04T10:18:55.993903+00:00,41b36fbe846e429ab40b2c388d194852,8,client_02,4,88,915.7635999999911,7.4593999997887295,,0.4715000013675308,2.5533999996696366,,106712,,,,,,,,,,
2026-10-04T10:18:56.004899+00:00,41b36fbe846e429ab40b2c388d194852,8,client_01,4,88,904.714200001763,11.531000000104541,,1.45410000004631,9.027999998579617,,106662,,,,,,,,,,
2026-10-04T10:18:56.040887+00:00,41b36fbe846e429ab40b2c388d194852,8,,4,350,,8.935900001233676,11.053099999116967,0.1956999985850416,0.8749999997235136,0.31320000016421545,,,5543.442899999718,1.0706999983085552,51.03259600000457,estimated,"CodeCarbon software estimate (CPU/GPU/RAM), whole-machine Flower round scope",,,,
2026-10-04T10:19:02.340278+00:00,41b36fbe846e429ab40b2c388d194852,9,client_04,4,86,841.3098999990325,5.591899998762528,,0.18939999972644728,11.450400001194794,,106683,,,,,,,,,,
2026-10-04T10:19:02.342277+00:00,41b36fbe846e429ab40b2c388d194852,9,client_01,4,88,773.6237999997684,7.159900000260677,,0.18670000099518802,33.72670000135258,,106693,,,,,,,,,,
2026-10-04T10:19:02.359270+00:00,41b36fbe846e429ab40b2c388d194852,9,client_03,4,88,815.5203999995138,7.937899999888032,,0.29939999876660295,36.51300000092306,,106662,,,,,,,,,,
2026-10-04T10:19:02.370267+00:00,41b36fbe846e429ab40b2c388d194852,9,client_02,4,88,845.5990000002203,6.688700001177494,,0.2653999999893131,39.08720000072208,,106656,,,,,,,,,,
2026-10-04T10:19:02.401698+00:00,41b36fbe846e429ab40b2c388d194852,9,,4,350,,5.2864999997837,9.184999998979038,0.15559999883407727,0.569200001336867,0.49249999938183464,,,5488.845900001252,0.7248000001709443,50.25426800000787,estimated,"CodeCarbon software estimate (CPU/GPU/RAM), whole-machine Flower round scope",,,,
2026-10-04T10:19:08.491440+00:00,41b36fbe846e429ab40b2c388d194852,10,client_04,4,86,848.3868000002985,7.066800000757212,,0.14170000031299423,46.665899999425164,,106666,,,,,,,,,,
2026-10-04T10:19:08.492439+00:00,41b36fbe846e429ab40b2c388d194852,10,client_03,4,88,845.9168999997928,7.2142999997595325,,0.19839999913529027,8.118600000670995,,106661,,,,,,,,,,
2026-10-04T10:19:08.503436+00:00,41b36fbe846e429ab40b2c388d194852,10,client_01,4,88,885.0656999984494,7.287200000064331,,0.17099999968195334,14.037499999176362,,106681,,,,,,,,,,
2026-10-04T10:19:08.514433+00:00,41b36fbe846e429ab40b2c388d194852,10,client_02,4,88,863.0673999996361,6.0427999997045845,,0.22639999951934442,9.762200001205201,,106675,,,,,,,,,,
2026-10-04T10:19:08.553641+00:00,41b36fbe846e429ab40b2c388d194852,10,,4,350,,12.169200001153513,11.491299999761395,0.16929999947024044,0.8590000015828991,0.27009999939764384,,,5563.911699999153,1.0283000010531396,50.606036000008324,estimated,"CodeCarbon software estimate (CPU/GPU/RAM), whole-machine Flower round scope",,,,
2026-10-04T10:19:14.772141+00:00,41b36fbe846e429ab40b2c388d194852,11,client_01,4,88,981.4693999996962,10.177100000873907,,0.41120000059891026,48.88240000036603,,106677,,,,,,,,,,
2026-10-04T10:19:14.773140+00:00,41b36fbe846e429ab40b2c388d194852,11,client_03,4,88,1041.408400000364,7.288299999345327,,0.16090000099211466,69.59009999991395,,106653,,,,,,,,,,
2026-10-04T10:19:14.784137+00:00,41b36fbe846e429ab40b2c388d194852,11,client_04,4,86,972.6464000013948,8.005499999853782,,0.17289999959757552,11.64969999990717,,106639,,,,,,,,,,
2026-10-04T10:19:14.796200+00:00,41b36fbe846e429ab40b2c388d194852,11,client_02,4,88,997.6122999996733,9.287599999879603,,0.1975999985006638,52.77609999939159,,106678,,,,,,,,,,
2026-10-04T10:19:14.829814+00:00,41b36fbe846e429ab40b2c388d194852,11,,4,350,,6.438500000513159,8.32289999925706,0.15610000082233455,0.7273999999597436,0.27889999910257757,,,5700.147699999434,0.8835000007820781,52.526145000010736,estimated,"CodeCarbon software estimate (CPU/GPU/RAM), whole-machine Flower round scope",,,,
2026-10-04T10:19:20.756340+00:00,41b36fbe846e429ab40b2c388d194852,12,client_04,4,86,836.7945999998483,6.829100000686594,,0.1830000001064036,40.74169999876176,,106660,,,,,,,,,,
2026-10-04T10:19:20.757339+00:00,41b36fbe846e429ab40b2c388d194852,12,client_03,4,88,805.9919999996055,6.736199999068049,,0.18280000040249433,8.221699999921839,,106670,,,,,,,,,,
2026-10-04T10:19:20.769234+00:00,41b36fbe846e429ab40b2c388d194852,12,client_02,4,88,826.3707000005525,5.6822999995347345,,0.23470000087399967,52.7328000007401,,106687,,,,,,,,,,
2026-10-04T10:19:20.778199+00:00,41b36fbe846e429ab40b2c388d194852,12,client_01,4,88,803.2721999989008,7.2362999999313615,,0.562299999728566,25.412699998923927,,106639,,,,,,,,,,
2026-10-04T10:19:20.815045+00:00,41b36fbe846e429ab40b2c388d194852,12,,4,350,,6.309700000201701,11.467900001662201,0.1578999999765074,0.889300001290394,0.27969999973720405,,,5449.1488999992725,1.0472000012669014,50.25809399998253,estimated,"CodeCarbon software estimate (CPU/GPU/RAM), whole-machine Flower round scope",,,,
2026-10-04T10:19:26.874946+00:00,41b36fbe846e429ab40b2c388d194852,13,client_03,4,88,845.1394000003347,8.480000000417931,,0.17859999934444204,49.426399998992565,,106682,,,,,,,,,,
2026-10-04T10:19:26.875944+00:00,41b36fbe846e429ab40b2c388d194852,13,client_01,4,88,861.8213999998261,5.622600001515821,,0.1633000010770047,69.1925999999512,,106671,,,,,,,,,,
2026-10-04T10:19:26.884941+00:00,41b36fbe846e429ab40b2c388d194852,13,client_02,4,88,817.7604000011343,8.165499999449821,,0.21869999909540638,20.706999999674736,,106696,,,,,,,,,,
2026-10-04T10:19:26.898937+00:00,41b36fbe846e429ab40b2c388d194852,13,client_04,4,86,887.8573000001779,5.944200000158162,,0.1781999999366235,13.302600000315579,,106698,,,,,,,,,,
2026-10-04T10:19:26.935099+00:00,41b36fbe846e429ab40b2c388d194852,13,,4,350,,5.28420000046026,9.84249999964959,0.13779999972030055,1.377800001137075,0.274800000624964,,,5528.701499999443,1.5156000008573756,50.82604600000196,estimated,"CodeCarbon software estimate (CPU/GPU/RAM), whole-machine Flower round scope",,,,
2026-10-04T10:19:32.980114+00:00,41b36fbe846e429ab40b2c388d194852,14,client_03,4,88,896.3229000000865,6.069900000511552,,0.17290000141656492,38.70129999995697,,106775,,,,,,,,,,
2026-10-04T10:19:32.982115+00:00,41b36fbe846e429ab40b2c388d194852,14,client_04,4,86,886.6205000012997,10.808499999257037,,0.7766999988234602,8.355899999514804,,106780,,,,,,,,,,
2026-10-04T10:19:32.992111+00:00,41b36fbe846e429ab40b2c388d194852,14,client_01,4,88,880.7462000004307,9.867000000667758,,1.0271999999531545,16.225699999267817,,106766,,,,,,,,,,
2026-10-04T10:19:33.002108+00:00,41b36fbe846e429ab40b2c388d194852,14,client_02,4,88,868.3170000003884,8.639199999379343,,0.3391999998711981,35.081300000456395,,106774,,,,,,,,,,
2026-10-04T10:19:33.036097+00:00,41b36fbe846e429ab40b2c388d194852,14,,4,350,,5.316500000844826,10.11570000082429,0.16070000128820539,0.5636000041704392,0.2865999995265156,,,5508.590200000981,0.7243000054586446,50.737895000002034,estimated,"CodeCarbon software estimate (CPU/GPU/RAM), whole-machine Flower round scope",,,,
2026-10-04T10:19:39.104213+00:00,41b36fbe846e429ab40b2c388d194852,15,client_04,4,86,866.1378999986482,7.104700000127195,,0.21389999892562628,45.35089999990305,,106679,,,,,,,,,,
2026-10-04T10:19:39.105245+00:00,41b36fbe846e429ab40b2c388d194852,15,client_03,4,88,924.133399999846,14.590099999622907,,0.1680999994277954,31.10730000116746,,106669,,,,,,,,,,
2026-10-04T10:19:39.115243+00:00,41b36fbe846e429ab40b2c388d194852,15,client_01,4,88,886.509500000102,9.55219999923429,,0.25439999990339857,10.523299999476876,,106679,,,,,,,,,,
2026-10-04T10:19:39.124239+00:00,41b36fbe846e429ab40b2c388d194852,15,client_02,4,88,870.4153999988193,6.606900000406313,,0.18369999997958075,35.49810000004072,,106674,,,,,,,,,,
2026-10-04T10:19:39.160575+00:00,41b36fbe846e429ab40b2c388d194852,15,,4,350,,5.214800001340336,11.190700000952347,0.13920000128564425,0.7129999994504033,0.2770000010059448,,,5579.0888000010455,0.8522000007360475,51.141523999995115,estimated,"CodeCarbon software estimate (CPU/GPU/RAM), whole-machine Flower round scope",,,,
2026-10-04T10:19:45.452732+00:00,41b36fbe846e429ab40b2c388d194852,16,client_04,4,86,839.1945000003034,7.562400000097114,,0.17579999985173345,57.61319999874104,,106791,,,,,,,,,,
2026-10-04T10:19:45.453732+00:00,41b36fbe846e429ab40b2c388d194852,16,client_02,4,88,843.7710000016523,7.846400001653819,,0.54430000091088,43.104000000312226,,106785,,,,,,,,,,
2026-10-04T10:19:45.466728+00:00,41b36fbe846e429ab40b2c388d194852,16,client_03,4,88,810.4956000006496,6.477299999460229,,0.18420000014884863,15.531799999735085,,106772,,,,,,,,,,
2026-10-04T10:19:45.474725+00:00,41b36fbe846e429ab40b2c388d194852,16,client_01,4,88,844.590300001073,6.937899999684305,,0.4625000001396984,48.4667000000627,,106774,,,,,,,,,,
2026-10-04T10:19:45.508713+00:00,41b36fbe846e429ab40b2c388d194852,16,,4,350,,5.147100000613136,9.782600000107777,0.1218999987031566,1.7291999993176432,0.2663000013853889,,,5515.082399999301,1.8510999980207998,50.43902099998377,estimated,"CodeCarbon software estimate (CPU/GPU/RAM), whole-machine Flower round scope",,,,
2026-10-04T10:19:51.517606+00:00,41b36fbe846e429ab40b2c388d194852,17,client_04,4,86,856.1963000011019,8.869399998729932,,0.3328000002511544,39.95709999981045,,106755,,,,,,,,,,
2026-10-04T10:19:51.518605+00:00,41b36fbe846e429ab40b2c388d194852,17,client_01,4,88,863.0453000005218,7.784600000377395,,0.4887999984930502,9.492299999692477,,106739,,,,,,,,,,
2026-10-04T10:19:51.533618+00:00,41b36fbe846e429ab40b2c388d194852,17,client_02,4,88,916.6516999994201,5.342800001017167,,0.16200000027311035,34.07599999991362,,106712,,,,,,,,,,
2026-10-04T10:19:51.541616+00:00,41b36fbe846e429ab40b2c388d194852,17,client_03,4,88,896.7496999994182,8.830699998725322,,0.16770000001997687,11.375300000509014,,106754,,,,,,,,,,
2026-10-04T10:19:51.576599+00:00,41b36fbe846e429ab40b2c388d194852,17,,4,350,,5.035799998950097,9.381399999256246,0.1247000000148546,1.0595000003377208,0.25459999960730784,,,5527.533300000869,1.1842000003525754,50.69375400000354,estimated,"CodeCarbon software estimate (CPU/GPU/RAM), whole-machine Flower round scope",,,,
2026-10-04T10:19:57.571498+00:00,41b36fbe846e429ab40b2c388d194852,18,client_02,4,88,901.510399999097,5.37609999992128,,0.16869999853952322,9.09019999926386,,106728,,,,,,,,,,
2026-10-04T10:19:57.573497+00:00,41b36fbe846e429ab40b2c388d194852,18,client_01,4,88,882.418899998811,8.24089999878197,,1.5418000002682675,24.137600001267856,,106762,,,,,,,,,,
2026-10-04T10:19:57.581494+00:00,41b36fbe846e429ab40b2c388d194852,18,client_03,4,88,856.6195000003063,6.738899999618297,,0.34729999970295466,50.89200000111305,,106756,,,,,,,,,,
2026-10-04T10:19:57.593579+00:00,41b36fbe846e429ab40b2c388d194852,18,client_04,4,86,848.1861000000208,7.73509999999078,,0.20650000078603625,53.268400000888505,,106742,,,,,,,,,,
2026-10-04T10:19:57.632835+00:00,41b36fbe846e429ab40b2c388d194852,18,,4,350,,5.25509999897622,9.904799999276293,3.0235999984142836,0.6714999999530846,0.2776000001176726,,,5520.832400001382,3.6950999983673682,50.68863799999235,estimated,"CodeCarbon software estimate (CPU/GPU/RAM), whole-machine Flower round scope",,,,
2026-10-04T10:20:03.762019+00:00,41b36fbe846e429ab40b2c388d194852,19,client_04,4,86,1024.861099998816,9.843200001341756,,0.3281999997852836,10.422100000141654,,106788,,,,,,,,,,
2026-10-04T10:20:03.763019+00:00,41b36fbe846e429ab40b2c388d194852,19,client_02,4,88,1033.806800000093,5.509300000994699,,0.16460000006190967,39.230599999427795,,106764,,,,,,,,,,
2026-10-04T10:20:03.780013+00:00,41b36fbe846e429ab40b2c388d194852,19,client_03,4,88,1015.8601000002818,7.6979000004939735,,1.2370000004011672,42.2725000007631,,106784,,,,,,,,,,
2026-10-04T10:20:03.792009+00:00,41b36fbe846e429ab40b2c388d194852,19,client_01,4,88,999.5103000001109,9.248000000297907,,0.17689999913272914,59.15300000015122,,106778,,,,,,,,,,
2026-10-04T10:20:03.827999+00:00,41b36fbe846e429ab40b2c388d194852,19,,4,350,,5.962100000033388,9.038999996846542,0.17829999887908343,0.6044999990990618,0.7581999998365063,,,5655.181899999661,0.7827999979781453,52.10436299999856,estimated,"CodeCarbon software estimate (CPU/GPU/RAM), whole-machine Flower round scope",,,,
2026-10-04T10:20:09.889846+00:00,41b36fbe846e429ab40b2c388d194852,20,client_03,4,88,874.5724000000337,7.083000000420725,,0.26030000117316376,9.03670000116108,,106690,,,,,,,,,,
2026-10-04T10:20:09.890846+00:00,41b36fbe846e429ab40b2c388d194852,20,client_02,4,88,896.1343000009947,5.338499999197666,,0.1654999996389961,39.549799999804236,,106726,,,,,,,,,,
2026-10-04T10:20:09.902611+00:00,41b36fbe846e429ab40b2c388d194852,20,client_01,4,88,872.4357999999484,5.92289999985951,,0.30839999999443535,46.759600001678336,,106735,,,,,,,,,,
2026-10-04T10:20:09.912608+00:00,41b36fbe846e429ab40b2c388d194852,20,client_04,4,86,923.5724999998638,5.519799999092356,,0.17010000010486692,41.41109999909531,,106704,,,,,,,,,,
2026-10-04T10:20:09.948474+00:00,41b36fbe846e429ab40b2c388d194852,20,,4,350,,7.599000000482192,8.172699997885502,0.1669000012043398,0.6563999995705672,0.5079999991721706,,,5535.965500001112,0.823300000774907,50.914080000002286,estimated,"CodeCarbon software estimate (CPU/GPU/RAM), whole-machine Flower round scope",,,,
2026-10-04T10:20:23.791338+00:00,fb59658f9c4e4b39b2bea942d01cb8e6,1,client_03,4,88,6897.301199998765,18.08530000016617,,2.2819999994680984,44.597100000828505,,106686,,,,,,,,,,
2026-10-04T10:20:23.792355+00:00,fb59658f9c4e4b39b2bea942d01cb8e6,1,client_02,4,88,7257.977799999935,14.393199999176431,,8.701400000063586,23.6404000006587,,106682,,,,,,,,,,
2026-10-04T10:20:23.801335+00:00,fb59658f9c4e4b39b2bea942d01cb8e6,1,client_01,4,88,7849.229199999172,5.225299999437993,,0.16489999870827887,49.07149999962712,,106709,,,,,,,,,,
2026-10-04T10:20:23.811348+00:00,fb59658f9c4e4b39b2bea942d01cb8e6,1,client_04,4,86,8014.63380000132,6.520000000818982,,0.1525999996374594,16.238500000326894,,106680,,,,,,,,,,
2026-10-04T10:20:23.846337+00:00,fb59658f9c4e4b39b2bea942d01cb8e6,1,,4,350,,5.080199998701573,10.4111999989982,0.11989999984507449,1.0152999984711641,0.25289999939559493,,,12696.57770000049,1.1351999983162386,122.0619009999973,estimated,"CodeCarbon software estimate (CPU/GPU/RAM), whole-machine Flower round scope",,,,
2026-10-04T10:20:29.910958+00:00,fb59658f9c4e4b39b2bea942d01cb8e6,2,client_01,4,88,860.9945999996853,6.30779999846709,,0.24739999935263768,26.42770000056771,,106654,,,,,,,,,,
2026-10-04T10:20:29.911957+00:00,fb59658f9c4e4b39b2bea942d01cb8e6,2,client_02,4,88,860.7809000004636,9.30510000034701,,0.20000000040454324,7.924900000944035,,106640,,,,,,,,,,
2026-10-04T10:20:29.922053+00:00,fb59658f9c4e4b39b2bea942d01cb8e6,2,client_04,4,86,840.1646000002074,8.864100000209874,,0.25439999990339857,23.00180000020191,,106662,,,,,,,,,,
2026-10-04T10:20:29.932050+00:00,fb59658f9c4e4b39b2bea942d01cb8e6,2,client_03,4,88,851.0910999993939,9.25680000000284,,0.2741999996942468,11.571300001378404,,106659,,,,,,,,,,
2026-10-04T10:20:29.971665+00:00,fb59658f9c4e4b39b2bea942d01cb8e6,2,,4,350,,7.27050000023155,10.850699998627533,0.38189999941096175,0.9956000012607547,0.2657000004546717,,,5564.906300000075,1.3775000006717164,50.885307999997174,estimated,"CodeCarbon software estimate (CPU/GPU/RAM), whole-machine Flower round scope",,,,
2026-10-04T10:20:35.972121+00:00,fb59658f9c4e4b39b2bea942d01cb8e6,3,client_02,4,88,828.7873999997828,8.628999999928055,,1.1199000000488013,14.619499999753316,,106649,,,,,,,,,,
2026-10-04T10:20:35.973120+00:00,fb59658f9c4e4b39b2bea942d01cb8e6,3,client_03,4,88,851.9608999995398,11.167900000145892,,0.15559999883407727,42.81239999909303,,106674,,,,,,,,,,
2026-10-04T10:20:35.982117+00:00,fb59658f9c4e4b39b2bea942d01cb8e6,3,client_04,4,86,859.2766999991,11.099399998784065,,0.19079999947280157,46.52829999940877,,106671,,,,,,,,,,
2026-10-04T10:20:35.992115+00:00,fb59658f9c4e4b39b2bea942d01cb8e6,3,client_01,4,88,837.6837999985582,11.869100000694743,,0.5555999996431638,15.078599999469589,,106646,,,,,,,,,,
2026-10-04T10:20:36.034101+00:00,fb59658f9c4e4b39b2bea942d01cb8e6,3,,4,350,,13.574599999628845,10.32620000114548,0.16869999853952322,0.7423000006383518,0.26170000091951806,,,5502.13149999945,0.910999999177875,50.49887299999682,estimated,"CodeCarbon software estimate (CPU/GPU/RAM), whole-machine Flower round scope",,,,
2026-10-04T10:20:41.986281+00:00,fb59658f9c4e4b39b2bea942d01cb8e6,4,client_02,4,88,865.247100000488,8.521900001142058,,0.4282000008970499,13.339899998754845,,106694,,,,,,,,,,
2026-10-04T10:20:41.987281+00:00,fb59658f9c4e4b39b2bea942d01cb8e6,4,client_04,4,86,843.6435000003257,7.274300000062794,,1.3336000010895077,19.10429999952612,,106705,,,,,,,,,,
2026-10-04T10:20:41.997278+00:00,fb59658f9c4e4b39b2bea942d01cb8e6,4,client_03,4,88,844.5843000008608,9.201299999404,,0.33289999919361435,44.48059999958787,,106691,,,,,,,,,,
2026-10-04T10:20:42.008624+00:00,fb59658f9c4e4b39b2bea942d01cb8e6,4,client_01,4,88,832.7349999999569,8.242300000347313,,0.15559999883407727,43.474500000229455,,106664,,,,,,,,,,
2026-10-04T10:20:42.042051+00:00,fb59658f9c4e4b39b2bea942d01cb8e6,4,,4,350,,5.771699999968405,9.426800001165248,0.16070000128820539,0.8944000019255327,0.8319000007759314,,,5469.976700000188,1.055100003213738,50.34868700000516,estimated,"CodeCarbon software estimate (CPU/GPU/RAM), whole-machine Flower round scope",,,,
2026-10-04T10:20:48.106993+00:00,fb59658f9c4e4b39b2bea942d01cb8e6,5,client_03,4,88,890.6695000005129,11.595400001169764,,1.282100000025821,18.49420000144164,,106690,,,,,,,,,,
2026-10-04T10:20:48.107991+00:00,fb59658f9c4e4b39b2bea942d01cb8e6,5,client_04,4,86,894.6147000006022,5.847500000527361,,0.164700000823359,69.66819999979634,,106689,,,,,,,,,,
2026-10-04T10:20:48.117989+00:00,fb59658f9c4e4b39b2bea942d01cb8e6,5,client_01,4,88,902.0509999991191,9.455999999772757,,0.9167999996861909,15.326199998526135,,106715,,,,,,,,,,
2026-10-04T10:20:48.126986+00:00,fb59658f9c4e4b39b2bea942d01cb8e6,5,client_02,4,88,893.5961999995925,7.413899998937268,,0.18509999972593505,50.4849999997532,,106738,,,,,,,,,,
2026-10-04T10:20:48.159975+00:00,fb59658f9c4e4b39b2bea942d01cb8e6,5,,4,350,,6.853400000181864,10.772800000268035,0.15970000094966963,0.7015000010142103,0.2747000016825041,,,5575.155200000154,0.8612000019638799,51.25353000001269,estimated,"CodeCarbon software estimate (CPU/GPU/RAM), whole-machine Flower round scope",,,,
2026-10-04T10:20:54.174241+00:00,fb59658f9c4e4b39b2bea942d01cb8e6,6,client_01,4,88,832.9603000001953,17.94540000082634,,0.46639999891340267,39.757800001098076,,106761,,,,,,,,,,
2026-10-04T10:20:54.175241+00:00,fb59658f9c4e4b39b2bea942d01cb8e6,6,client_02,4,88,871.6227000004437,7.736199999271776,,0.29089999952702783,29.214199999842094,,106726,,,,,,,,,,
2026-10-04T10:20:54.184238+00:00,fb59658f9c4e4b39b2bea942d01cb8e6,6,client_04,4,86,864.9486000012985,7.3867999999492895,,0.6910000010975637,9.327300000222749,,106736,,,,,,,,,,
2026-10-04T10:20:54.195234+00:00,fb59658f9c4e4b39b2bea942d01cb8e6,6,client_03,4,88,853.1564000004437,7.237699999677716,,0.16660000073898118,11.866499999086955,,106718,,,,,,,,,,
2026-10-04T10:20:54.228224+00:00,fb59658f9c4e4b39b2bea942d01cb8e6,6,,4,350,,7.519099999626633,10.328000000299653,0.16760000107751694,0.6174000027385773,0.2776000001176726,,,5502.1901999989495,0.7850000038160942,50.565315000003466,estimated,"CodeCarbon software estimate (CPU/GPU/RAM), whole-machine Flower round scope",,,,
2026-10-04T10:21:00.224584+00:00,fb59658f9c4e4b39b2bea942d01cb8e6,7,client_04,4,86,892.8338000005169,7.13750000068103,,0.17320000006293412,13.29249999980675,,106745,,,,,,,,,,
2026-10-04T10:21:00.225583+00:00,fb59658f9c4e4b39b2bea942d01cb8e6,7,client_02,4,88,846.9161000011809,7.234500000777189,,1.9685999995999737,12.159300000348594,,106724,,,,,,,,,,
2026-10-04T10:21:00.237580+00:00,fb59658f9c4e4b39b2bea942d01cb8e6,7,client_01,4,88,811.9889999998122,7.794799999828683,,1.1407000001781853,49.15160000018659,,106739,,,,,,,,,,
2026-10-04T10:21:00.246661+00:00,fb59658f9c4e4b39b2bea942d01cb8e6,7,client_03,4,88,867.8586999994877,6.090599999879487,,2.4272000009659678,13.97969999925408,,106748,,,,,,,,,,
2026-10-04T10:21:00.289381+00:00,fb59658f9c4e4b39b2bea942d01cb8e6,7,,4,350,,12.6005999991321,10.10139999925741,0.15530000018770806,0.6667999987257645,0.2583999994385522,,,5502.336999999898,0.8220999989134725,50.508279999994556,estimated,"CodeCarbon software estimate (CPU/GPU/RAM), whole-machine Flower round scope",,,,
2026-10-04T10:21:06.400634+00:00,fb59658f9c4e4b39b2bea942d01cb8e6,8,client_03,4,88,812.9539000001387,7.364699999016011,,1.0087000009662006,33.68419999969774,,106728,,,,,,,,,,
2026-10-04T10:21:06.401633+00:00,fb59658f9c4e4b39b2bea942d01cb8e6,8,client_02,4,88,851.2384999994538,5.938999998761574,,1.2359000011201715,11.690599998473772,,106776,,,,,,,,,,
2026-10-04T10:21:06.422724+00:00,fb59658f9c4e4b39b2bea942d01cb8e6,8,client_04,4,86,852.5122999999439,7.12539999949513,,0.2260999990539858,13.939899999968475,,106758,,,,,,,,,,
2026-10-04T10:21:06.432720+00:00,fb59658f9c4e4b39b2bea942d01cb8e6,8,client_01,4,88,822.3641999993561,5.815500000608154,,0.18210000052931719,31.91260000130569,,106756,,,,,,,,,,
2026-10-04T10:21:06.476063+00:00,fb59658f9c4e4b39b2bea942d01cb8e6,8,,4,350,,14.57750000008673,9.36830000136979,0.1702999998087762,0.6902000004629372,0.2725000013015233,,,5640.759599999001,0.8605000002717134,50.4330630000004,estimated,"CodeCarbon software estimate (CPU/GPU/RAM), whole-machine Flower round scope",,,,
2026-10-04T10:21:13.263121+00:00,fb59658f9c4e4b39b2bea942d01cb8e6,9,client_02,4,88,1571.1650000012014,5.46310000027006,,0.16390000018873252,13.686399999642163,,106753,,,,,,,,,,
2026-10-04T10:21:13.264122+00:00,fb59658f9c4e4b39b2bea942d01cb8e6,9,client_01,4,88,1277.7562999999645,14.973699999245582,,0.19740000061574392,6.214799999725074,,106750,,,,,,,,,,
2026-10-04T10:21:13.271236+00:00,fb59658f9c4e4b39b2bea942d01cb8e6,9,client_03,4,88,1626.0485000002518,5.423000000519096,,0.17250000018975697,18.728499999269843,,106752,,,,,,,,,,
2026-10-04T10:21:13.285940+00:00,fb59658f9c4e4b39b2bea942d01cb8e6,9,client_04,4,86,1215.042400001039,8.824900000035996,,0.18769999951473437,24.84560000084457,,106767,,,,,,,,,,
2026-10-04T10:21:13.325889+00:00,fb59658f9c4e4b39b2bea942d01cb8e6,9,,4,350,,8.66669999959413,10.9455000001617,0.18060000002151355,1.090099998691585,0.33379999877070077,,,6280.2407999988645,1.2706999987130985,58.04961100000583,estimated,"CodeCarbon software estimate (CPU/GPU/RAM), whole-machine Flower round scope",,,,
2026-10-04T10:21:19.608444+00:00,fb59658f9c4e4b39b2bea942d01cb8e6,10,client_04,4,86,862.3834999998508,8.829999998852145,,0.42969999958586413,37.682199999835575,,106814,,,,,,,,,,
2026-10-04T10:21:19.610442+00:00,fb59658f9c4e4b39b2bea942d01cb8e6,10,client_02,4,88,848.2837999999902,8.847200000673183,,1.2997999983781483,72.2976999986713,,106791,,,,,,,,,,
2026-10-04T10:21:19.619439+00:00,fb59658f9c4e4b39b2bea942d01cb8e6,10,client_03,4,88,862.2893000010663,7.054900001094211,,0.13959999887447339,53.02490000030957,,106795,,,,,,,,,,
2026-10-04T10:21:19.629436+00:00,fb59658f9c4e4b39b2bea942d01cb8e6,10,client_01,4,88,880.5885999991006,6.402099999831989,,0.47279999853344634,14.518899999529822,,106788,,,,,,,,,,
2026-10-04T10:21:19.664425+00:00,fb59658f9c4e4b39b2bea942d01cb8e6,10,,4,350,,5.224200000156998,10.232900000119116,0.14519999967887998,0.6555999989359407,0.3174999983457383,,,5746.262899998328,0.8007999986148207,50.56527599999754,estimated,"CodeCarbon software estimate (CPU/GPU/RAM), whole-machine Flower round scope",,,,
2026-10-04T10:21:25.678860+00:00,fb59658f9c4e4b39b2bea942d01cb8e6,11,client_04,4,86,903.8284999987809,5.856199999470846,,0.6669000013062032,37.449600000400096,,106700,,,,,,,,,,
2026-10-04T10:21:25.679860+00:00,fb59658f9c4e4b39b2bea942d01cb8e6,11,client_02,4,88,906.5606000003754,6.043199999112403,,0.2824000002874527,40.854099999705795,,106696,,,,,,,,,,
2026-10-04T10:21:25.687857+00:00,fb59658f9c4e4b39b2bea942d01cb8e6,11,client_03,4,88,905.1534000009269,7.031299999653129,,0.9616000006644754,11.352700001225458,,106706,,,,,,,,,,
2026-10-04T10:21:25.701853+00:00,fb59658f9c4e4b39b2bea942d01cb8e6,11,client_01,4,88,884.4559999997728,7.215300000098068,,0.18769999951473437,44.93379999985336,,106722,,,,,,,,,,
2026-10-04T10:21:25.736933+00:00,fb59658f9c4e4b39b2bea942d01cb8e6,11,,4,350,,6.327500001134467,10.867400000279304,0.28309999834164046,0.7324000016524224,0.27859999863721896,,,5549.827099999675,1.0154999999940628,50.98315700000967,estimated,"CodeCarbon software estimate (CPU/GPU/RAM), whole-machine Flower round scope",,,,
2026-10-04T10:21:32.411872+00:00,fb59658f9c4e4b39b2bea942d01cb8e6,12,client_01,4,88,1163.74580000047,6.323400000837864,,0.2715999999054475,34.23000000111642,,106788,,,,,,,,,,
2026-10-04T10:21:32.412871+00:00,fb59658f9c4e4b39b2bea942d01cb8e6,12,client_04,4,86,1246.3277999995626,5.84789999993518,,0.19520000023476314,8.451600000626058,,106835,,,,,,,,,,
2026-10-04T10:21:32.422868+00:00,fb59658f9c4e4b39b2bea942d01cb8e6,12,client_03,4,88,1175.7026000013866,9.862400000201887,,0.5865000002813758,10.107799998877454,,106827,,,,,,,,,,
2026-10-04T10:21:32.436863+00:00,fb59658f9c4e4b39b2bea942d01cb8e6,12,client_02,4,88,1174.9988999999914,10.474299999259529,,0.7611999990331242,12.061600000379258,,106825,,,,,,,,,,
2026-10-04T10:21:32.473851+00:00,fb59658f9c4e4b39b2bea942d01cb8e6,12,,4,350,,6.578299999091541,11.601700000028359,0.1661000005697133,0.7606000017403858,0.28960000054212287,,,5894.686900001034,0.9267000023100991,54.07830199999808,estimated,"CodeCarbon software estimate (CPU/GPU/RAM), whole-machine Flower round scope",,,,
2026-10-04T10:21:38.631286+00:00,fb59658f9c4e4b39b2bea942d01cb8e6,13,client_03,4,88,891.088000000309,5.976599999485188,,0.15720000010333024,23.73540000007779,,106750,,,,,,,,,,
2026-10-04T10:21:38.632286+00:00,fb59658f9c4e4b39b2bea942d01cb8e6,13,client_01,4,88,897.057499998482,11.709299998983624,,0.7031999994069338,18.849100000807084,,106805,,,,,,,,,,
2026-10-04T10:21:38.643469+00:00,fb59658f9c4e4b39b2bea942d01cb8e6,13,client_02,4,88,925.4277999989426,6.275199999436154,,0.1604999997653067,38.95439999905648,,106756,,,,,,,,,,
2026-10-04T10:21:38.652634+00:00,fb59658f9c4e4b39b2bea942d01cb8e6,13,client_04,4,86,955.4228999986663,9.798499999305932,,0.17830000069807284,66.77789999957895,,106781,,,,,,,,,,
2026-10-04T10:21:38.685604+00:00,fb59658f9c4e4b39b2bea942d01cb8e6,13,,4,350,,5.860899998879177,10.848400001123082,0.16139999934239313,0.8862000013323268,0.2597999991849065,,,5607.16180000054,1.04760000067472,51.39902599999914,estimated,"CodeCarbon software estimate (CPU/GPU/RAM), whole-machine Flower round scope",,,,
2026-10-04T10:21:44.660437+00:00,fb59658f9c4e4b39b2bea942d01cb8e6,14,client_02,4,88,833.1225000001723,5.353099999410915,,0.18420000014884863,45.98669999904814,,106836,,,,,,,,,,
2026-10-04T10:21:44.661437+00:00,fb59658f9c4e4b39b2bea942d01cb8e6,14,client_01,4,88,833.706200000961,7.46410000101605,,0.29039999935775995,39.0547000006336,,106860,,,,,,,,,,
2026-10-04T10:21:44.671458+00:00,fb59658f9c4e4b39b2bea942d01cb8e6,14,client_03,4,88,855.6246999996802,6.053099999917322,,0.16979999963950831,47.75750000044354,,106837,,,,,,,,,,
2026-10-04T10:21:44.681743+00:00,fb59658f9c4e4b39b2bea942d01cb8e6,14,client_04,4,86,837.7830999997968,8.48279999991064,,0.18699999964155722,10.421799999676296,,106839,,,,,,,,,,
2026-10-04T10:21:44.712734+00:00,fb59658f9c4e4b39b2bea942d01cb8e6,14,,4,350,,6.1439000000973465,10.039199998573167,0.17419999858248048,0.6436999992729397,0.2595999994809972,,,5490.400300001056,0.8178999978554202,50.44138299999759,estimated,"CodeCarbon software estimate (CPU/GPU/RAM), whole-machine Flower round scope",,,,
2026-10-04T10:21:50.677880+00:00,fb59658f9c4e4b39b2bea942d01cb8e6,15,client_04,4,86,818.5914999994566,6.428799999412149,,0.1609999999345746,53.30429999958142,,106839,,,,,,,,,,
2026-10-04T10:21:50.679880+00:00,fb59658f9c4e4b39b2bea942d01cb8e6,15,client_01,4,88,839.9483999983204,6.84230000115349,,1.7702999994071433,14.118400000370457,,106811,,,,,,,,,,
2026-10-04T10:21:50.688877+00:00,fb59658f9c4e4b39b2bea942d01cb8e6,15,client_03,4,88,875.5204999997659,5.251500000667875,,0.16010000035748817,13.383299999986775,,106826,,,,,,,,,,
2026-10-04T10:21:50.697874+00:00,fb59658f9c4e4b39b2bea942d01cb8e6,15,client_02,4,88,853.0369999989489,10.95050000003539,,0.17759999900590628,18.746699999610428,,106829,,,,,,,,,,
2026-10-04T10:21:50.734863+00:00,fb59658f9c4e4b39b2bea942d01cb8e6,15,,4,350,,6.594700000277953,9.139599998889025,0.2122999994753627,0.7039999982225709,0.5180000007385388,,,5496.037500000966,0.9162999976979336,50.559945000004525,estimated,"CodeCarbon software estimate (CPU/GPU/RAM), whole-machine Flower round scope",,,,
2026-10-04T10:21:56.791299+00:00,fb59658f9c4e4b39b2bea942d01cb8e6,16,client_04,4,86,934.52889999935,5.960700000287034,,0.164700000823359,40.44659999999567,,106825,,,,,,,,,,
2026-10-04T10:21:56.792299+00:00,fb59658f9c4e4b39b2bea942d01cb8e6,16,client_01,4,88,919.1283000000112,6.821200000558747,,0.4902000000583939,10.224400000879541,,106829,,,,,,,,,,
2026-10-04T10:21:56.804299+00:00,fb59658f9c4e4b39b2bea942d01cb8e6,16,client_02,4,88,936.0074999985954,6.548199999087956,,0.16060000052675605,45.87329999958456,,106829,,,,,,,,,,
2026-10-04T10:21:56.813294+00:00,fb59658f9c4e4b39b2bea942d01cb8e6,16,client_03,4,88,913.9527999996062,7.50759999937145,,0.2756000012595905,36.13440000117407,,106843,,,,,,,,,,
2026-10-04T10:21:56.846311+00:00,fb59658f9c4e4b39b2bea942d01cb8e6,16,,4,350,,5.115500000101747,10.167900001761154,0.13250000120024197,0.6451000008382834,0.2690999990591081,,,5567.992800000866,0.7776000020385254,51.31108499999755,estimated,"CodeCarbon software estimate (CPU/GPU/RAM), whole-machine Flower round scope",,,,
2026-10-04T10:22:02.860872+00:00,fb59658f9c4e4b39b2bea942d01cb8e6,17,client_03,4,88,830.6814999996277,11.130500000945176,,0.23710000095888972,51.245900000139954,,106874,,,,,,,,,,
2026-10-04T10:22:02.861872+00:00,fb59658f9c4e4b39b2bea942d01cb8e6,17,client_04,4,86,884.5557999993616,7.804700000633602,,0.32389999978477135,15.996899999663583,,106863,,,,,,,,,,
2026-10-04T10:22:02.873869+00:00,fb59658f9c4e4b39b2bea942d01cb8e6,17,client_02,4,88,862.217399999281,5.924700000832672,,0.16219999997701962,57.80919999961043,,106896,,,,,,,,,,
2026-10-04T10:22:02.882866+00:00,fb59658f9c4e4b39b2bea942d01cb8e6,17,client_01,4,88,846.2977999988652,9.083700000701356,,0.2361999995628139,14.667699999336037,,106870,,,,,,,,,,
2026-10-04T10:22:02.923853+00:00,fb59658f9c4e4b39b2bea942d01cb8e6,17,,4,350,,5.124199999045231,17.34510000278533,0.15589999929943588,0.9239999981218716,0.28670000028796494,,,5530.390300000363,1.0798999974213075,50.52637300001152,estimated,"CodeCarbon software estimate (CPU/GPU/RAM), whole-machine Flower round scope",,,,
2026-10-04T10:22:09.066609+00:00,fb59658f9c4e4b39b2bea942d01cb8e6,18,client_01,4,88,1040.2862000009918,5.384300000514486,,0.14490000103251077,48.30519999995886,,106810,,,,,,,,,,
2026-10-04T10:22:09.067530+00:00,fb59658f9c4e4b39b2bea942d01cb8e6,18,client_03,4,88,1041.7949999991833,7.7289000000746455,,0.265499998931773,7.804400000168243,,106776,,,,,,,,,,
2026-10-04T10:22:09.077699+00:00,fb59658f9c4e4b39b2bea942d01cb8e6,18,client_04,4,86,1031.793199999811,8.503300001393654,,0.1778999994712649,33.55039999951259,,106819,,,,,,,,,,
2026-10-04T10:22:09.087696+00:00,fb59658f9c4e4b39b2bea942d01cb8e6,18,client_02,4,88,1015.6826000002184,10.3240000007645,,0.16840000171214342,40.80470000008063,,106776,,,,,,,,,,
2026-10-04T10:22:09.120491+00:00,fb59658f9c4e4b39b2bea942d01cb8e6,18,,4,350,,6.697300001178519,8.337700000993209,0.16970000069704838,0.6191999982547713,0.2485999993950827,,,5661.814700000832,0.7888999989518197,52.131344999997964,estimated,"CodeCarbon software estimate (CPU/GPU/RAM), whole-machine Flower round scope",,,,
2026-10-04T10:22:15.169210+00:00,fb59658f9c4e4b39b2bea942d01cb8e6,19,client_03,4,88,888.3355999987543,8.684500000526896,,4.520700000284705,13.458199999149656,,106813,,,,,,,,,,
2026-10-04T10:22:15.170209+00:00,fb59658f9c4e4b39b2bea942d01cb8e6,19,client_02,4,88,892.7850000000035,7.365400000708178,,1.7327000005025184,10.397899999588844,,106811,,,,,,,,,,
2026-10-04T10:22:15.183205+00:00,fb59658f9c4e4b39b2bea942d01cb8e6,19,client_04,4,86,880.1892999999836,7.484100000510807,,0.7361999996646773,35.92730000127631,,106804,,,,,,,,,,
2026-10-04T10:22:15.200311+00:00,fb59658f9c4e4b39b2bea942d01cb8e6,19,client_01,4,88,857.4102000002313,7.528399999500834,,1.891300000352203,38.780599999881815,,106796,,,,,,,,,,
2026-10-04T10:22:15.240286+00:00,fb59658f9c4e4b39b2bea942d01cb8e6,19,,4,350,,7.867199999964214,10.103200000230572,0.2213000007031951,0.7949000028020237,0.2941999991890043,,,5582.726499998898,1.0162000035052188,50.819663000002045,estimated,"CodeCarbon software estimate (CPU/GPU/RAM), whole-machine Flower round scope",,,,
2026-10-04T10:22:21.326792+00:00,fb59658f9c4e4b39b2bea942d01cb8e6,20,client_04,4,86,853.1586999997671,6.691799999316572,,0.43310000000928994,44.03920000004291,,106765,,,,,,,,,,
2026-10-04T10:22:21.328790+00:00,fb59658f9c4e4b39b2bea942d01cb8e6,20,client_02,4,88,823.0340000009164,7.168300000557792,,0.25129999994533136,48.96340000050259,,106767,,,,,,,,,,
2026-10-04T10:22:21.339787+00:00,fb59658f9c4e4b39b2bea942d01cb8e6,20,client_01,4,88,865.4882999999245,5.268499999147025,,0.15639999946870375,43.67830000046524,,106766,,,,,,,,,,
2026-10-04T10:22:21.348784+00:00,fb59658f9c4e4b39b2bea942d01cb8e6,20,client_03,4,88,849.9116999992111,9.137900000496302,,0.42159999975410756,10.339899999962654,,106774,,,,,,,,,,
2026-10-04T10:22:21.387771+00:00,fb59658f9c4e4b39b2bea942d01cb8e6,20,,4,350,,6.753899999239366,8.928500001275097,0.15390000044135377,0.7397999997920124,0.26030000117316376,,,5555.548499998622,0.8937000002333662,50.697094999995905,estimated,"CodeCarbon software estimate (CPU/GPU/RAM), whole-machine Flower round scope",,,,
2026-10-04T10:22:34.902385+00:00,a39374304224429ba570d796462081f3,1,client_04,4,86,7661.554599999363,5.1533999994717306,,0.20179999955871608,63.31320000026608,,106708,,,,,,,,,,
2026-10-04T10:22:34.903388+00:00,a39374304224429ba570d796462081f3,1,client_01,4,88,7522.129699998914,7.368599999608705,,0.16200000027311035,20.617999998648884,,106743,,,,,,,,,,
2026-10-04T10:22:34.914386+00:00,a39374304224429ba570d796462081f3,1,client_03,4,88,5761.226600001464,22.897000000739354,,3.8705999995727325,19.805399999313522,,106740,,,,,,,,,,
2026-10-04T10:22:34.922381+00:00,a39374304224429ba570d796462081f3,1,client_02,4,88,7097.843800000192,8.385399998587673,,0.15249999887601007,19.28599999882863,,106705,,,,,,,,,,
2026-10-04T10:22:34.956371+00:00,a39374304224429ba570d796462081f3,1,,4,350,,5.1223999998910585,10.70120000076713,0.13050000052317046,0.7630999989487464,0.29999999969732016,,,12348.287800001344,0.8935999994719168,118.82543600000645,estimated,"CodeCarbon software estimate (CPU/GPU/RAM), whole-machine Flower round scope",,,,
2026-10-04T10:22:41.229231+00:00,a39374304224429ba570d796462081f3,2,client_02,4,88,1102.4684000003617,8.210199999666656,,0.2314000012120232,14.288200000009965,,106723,,,,,,,,,,
2026-10-04T10:22:41.230230+00:00,a39374304224429ba570d796462081f3,2,client_03,4,88,1130.924999999479,12.26439999845752,,0.4150000004301546,16.95079999990412,,106744,,,,,,,,,,
2026-10-04T10:22:41.240227+00:00,a39374304224429ba570d796462081f3,2,client_01,4,88,1108.2064000001992,5.822099999932107,,0.16529999993508682,83.87949999996636,,106739,,,,,,,,,,
2026-10-04T10:22:41.250224+00:00,a39374304224429ba570d796462081f3,2,client_04,4,86,1134.3467999995482,9.803499999179621,,0.9979999995266553,48.978500000885106,,106767,,,,,,,,,,
2026-10-04T10:22:41.282214+00:00,a39374304224429ba570d796462081f3,2,,4,350,,6.526799999846844,9.527200001684832,0.15929999972286168,1.2575000037031714,0.270799999270821,,,5772.100000000137,1.416800003426033,53.32603700000619,estimated,"CodeCarbon software estimate (CPU/GPU/RAM), whole-machine Flower round scope",,,,
2026-10-04T10:22:47.765258+00:00,a39374304224429ba570d796462081f3,3,client_04,4,86,1221.3074999999662,5.94940000155475,,0.18699999964155722,2.5402999999641906,,106761,,,,,,,,,,
2026-10-04T10:22:47.766347+00:00,a39374304224429ba570d796462081f3,3,client_03,4,88,1104.3401999995694,5.532999999559252,,0.17379999917466193,14.345899999170797,,106758,,,,,,,,,,
2026-10-04T10:22:47.775344+00:00,a39374304224429ba570d796462081f3,3,client_01,4,88,1139.8805000007997,8.404899999732152,,0.2305999987584073,3.2816999992064666,,106761,,,,,,,,,,
2026-10-04T10:22:47.786341+00:00,a39374304224429ba570d796462081f3,3,client_02,4,88,1169.7291000000405,5.56969999888679,,0.16169999980775174,10.993400001098053,,106755,,,,,,,,,,
2026-10-04T10:22:47.822523+00:00,a39374304224429ba570d796462081f3,3,,4,350,,5.324499999915133,11.281500001132372,0.17719999959808774,0.7946999994601356,0.3981000008934643,,,6016.843400000653,0.9718999990582233,55.789746000009465,estimated,"CodeCarbon software estimate (CPU/GPU/RAM), whole-machine Flower round scope",,,,
2026-10-04T10:22:54.150750+00:00,a39374304224429ba570d796462081f3,4,client_03,4,88,1129.951599999913,5.8470000003580935,,0.2973000009660609,13.028099998336984,,106689,,,,,,,,,,
2026-10-04T10:22:54.151750+00:00,a39374304224429ba570d796462081f3,4,client_02,4,88,1162.9759000006743,6.292000000030384,,0.22929999977350235,13.471000000208733,,106699,,,,,,,,,,
2026-10-04T10:22:54.163746+00:00,a39374304224429ba570d796462081f3,4,client_04,4,86,1221.99720000026,8.394599999519414,,0.2523000002838671,10.558999998465879,,106691,,,,,,,,,,
2026-10-04T10:22:54.174743+00:00,a39374304224429ba570d796462081f3,4,client_01,4,88,1133.5407999995368,8.7972000001173,,0.2120000008289935,37.9371999988507,,106704,,,,,,,,,,
2026-10-04T10:22:54.210732+00:00,a39374304224429ba570d796462081f3,4,,4,350,,5.498999998962972,10.528499999054475,0.2452000007906463,0.6315000009635696,0.40269999954034574,,,5858.314099999916,0.8767000017542159,53.88407099999313,estimated,"CodeCarbon software estimate (CPU/GPU/RAM), whole-machine Flower round scope",,,,
2026-10-04T10:23:00.511581+00:00,a39374304224429ba570d796462081f3,5,client_02,4,88,1143.0232000002434,7.909500000096159,,0.9353000004921341,38.29469999982393,,106751,,,,,,,,,,
2026-10-04T10:23:00.512581+00:00,a39374304224429ba570d796462081f3,5,client_04,4,86,1104.6332999994775,7.355600000664708,,0.25400000049558,30.624299999544746,,106767,,,,,,,,,,
2026-10-04T10:23:00.523667+00:00,a39374304224429ba570d796462081f3,5,client_01,4,88,1134.8089999992226,5.643799999234034,,0.34720000076049473,41.03499999837368,,106734,,,,,,,,,,
2026-10-04T10:23:00.533665+00:00,a39374304224429ba570d796462081f3,5,client_03,4,88,1192.7209999994375,5.398899998908746,,0.17100000150094274,8.7271000011242,,106725,,,,,,,,,,
2026-10-04T10:23:00.564654+00:00,a39374304224429ba570d796462081f3,5,,4,350,,6.29309999931138,9.408600000824663,0.16390000018873252,0.7224000000860542,0.26280000020051375,,,5798.0300999988685,0.8863000002747867,53.31286599999658,estimated,"CodeCarbon software estimate (CPU/GPU/RAM), whole-machine Flower round scope",,,,
2026-10-04T10:23:06.921057+00:00,a39374304224429ba570d796462081f3,6,client_03,4,88,1182.9534999997122,10.518999999476364,,0.1695000009931391,38.01089999979013,,106767,,,,,,,,,,
2026-10-04T10:23:06.922058+00:00,a39374304224429ba570d796462081f3,6,client_02,4,88,1119.6670999997878,11.285299999144627,,0.6273999988479773,39.85840000132157,,106737,,,,,,,,,,
2026-10-04T10:23:06.933055+00:00,a39374304224429ba570d796462081f3,6,client_04,4,86,1281.2675000004674,6.282799999098643,,0.17099999968195334,9.819800001423573,,106752,,,,,,,,,,
2026-10-04T10:23:06.941148+00:00,a39374304224429ba570d796462081f3,6,client_01,4,88,1139.9173000008886,5.508300000656163,,0.16929999947024044,6.0183000005054055,,106754,,,,,,,,,,
2026-10-04T10:23:06.976989+00:00,a39374304224429ba570d796462081f3,6,,4,350,,5.9834999992745,9.671800000432995,0.21319999905244913,1.0647999988577794,0.28310000016062986,,,5878.208000000086,1.2779999979102286,54.357899999995425,estimated,"CodeCarbon software estimate (CPU/GPU/RAM), whole-machine Flower round scope",,,,
2026-10-04T10:23:13.333920+00:00,a39374304224429ba570d796462081f3,7,client_04,4,86,1110.2967999995599,6.94149999981164,,0.18819999968400225,15.795600000274135,,106813,,,,,,,,,,
2026-10-04T10:23:13.334918+00:00,a39374304224429ba570d796462081f3,7,client_03,4,88,1104.645100000198,8.229899998696055,,0.3968999990320299,35.366699999940465,,106812,,,,,,,,,,
2026-10-04T10:23:13.350913+00:00,a39374304224429ba570d796462081f3,7,client_01,4,88,1115.8500999990792,5.418699998699594,,0.16320000031555537,49.28010000003269,,106827,,,,,,,,,,
2026-10-04T10:23:13.359911+00:00,a39374304224429ba570d796462081f3,7,client_02,4,88,1263.1107999986853,5.898399998841342,,0.16940000023168977,14.188799999828916,,106821,,,,,,,,,,
2026-10-04T10:23:13.392917+00:00,a39374304224429ba570d796462081f3,7,,4,350,,6.130499999926542,9.74829999904614,0.4341000003478257,0.6769999981770525,0.2480000002833549,,,5890.6891000006,1.1110999985248782,54.45800699999382,estimated,"CodeCarbon software estimate (CPU/GPU/RAM), whole-machine Flower round scope",,,,
2026-10-04T10:23:19.710800+00:00,a39374304224429ba570d796462081f3,8,client_03,4,88,1151.9029999999475,6.328100000246195,,0.16969999887805898,13.896899999963352,,106815,,,,,,,,,,
2026-10-04T10:23:19.710800+00:00,a39374304224429ba570d796462081f3,8,client_02,4,88,1110.0033999991865,14.98629999878176,,0.5036999991716584,14.896300001055351,,106825,,,,,,,,,,
2026-10-04T10:23:19.721799+00:00,a39374304224429ba570d796462081f3,8,client_04,4,86,1104.1872999994666,10.75219999984256,,0.2296999991813209,37.22560000096564,,106843,,,,,,,,,,
2026-10-04T10:23:19.729794+00:00,a39374304224429ba570d796462081f3,8,client_01,4,88,1228.8622999985819,7.947800000692951,,0.16289999985019676,31.038399998578825,,106825,,,,,,,,,,
2026-10-04T10:23:19.763061+00:00,a39374304224429ba570d796462081f3,8,,4,350,,5.243800000243937,9.806400001252769,0.14719999853696208,0.772299999880488,0.25689999893074855,,,5850.225300000602,0.9194999984174501,53.999920000005666,estimated,"CodeCarbon software estimate (CPU/GPU/RAM), whole-machine Flower round scope",,,,
2026-10-04T10:23:26.926096+00:00,a39374304224429ba570d796462081f3,9,client_04,4,86,1172.374599998875,9.146700000201236,,0.17550000120536424,13.399400000707828,,106838,,,,,,,,,,
2026-10-04T10:23:26.927096+00:00,a39374304224429ba570d796462081f3,9,client_03,4,88,1146.720099999584,7.013800001004711,,0.2906000008806586,15.450299999429262,,106872,,,,,,,,,,
2026-10-04T10:23:26.940093+00:00,a39374304224429ba570d796462081f3,9,client_01,4,88,1122.156299999915,5.819199999677949,,0.18190000082540791,13.54179999907501,,106844,,,,,,,,,,
2026-10-04T10:23:26.950219+00:00,a39374304224429ba570d796462081f3,9,client_02,4,88,1165.174499999921,7.832100000086939,,0.5908000002818881,7.267099999808124,,106797,,,,,,,,,,
2026-10-04T10:23:26.981208+00:00,a39374304224429ba570d796462081f3,9,,4,350,,6.3652999997430015,8.784799998466042,0.18190000082540791,2.0766999969055178,0.2607000005809823,,,5848.627500001385,2.2585999977309257,53.47413800000141,estimated,"CodeCarbon software estimate (CPU/GPU/RAM), whole-machine Flower round scope",,,,
2026-10-04T10:23:33.639509+00:00,a39374304224429ba570d796462081f3,10,client_01,4,88,1491.0827999992762,7.146199999624514,,0.18760000057227444,39.450600001146086,,106802,,,,,,,,,,
2026-10-04T10:23:33.641515+00:00,a39374304224429ba570d796462081f3,10,client_03,4,88,1576.584599999478,5.5007999999361346,,0.30300000071292743,11.95709999956307,,106783,,,,,,,,,,
2026-10-04T10:23:33.652504+00:00,a39374304224429ba570d796462081f3,10,client_02,4,88,1510.1962000007916,6.435699999201461,,0.37490000067919027,11.885099998835358,,106828,,,,,,,,,,
2026-10-04T10:23:33.664501+00:00,a39374304224429ba570d796462081f3,10,client_04,4,86,1520.3531999995903,7.90210000013758,,0.20640000002458692,14.370099999723607,,106837,,,,,,,,,,
2026-10-04T10:23:33.704489+00:00,a39374304224429ba570d796462081f3,10,,4,350,,6.973999999900116,11.382099999536877,0.22010000066075008,0.8813000004010973,0.31909999961499125,,,6196.521399999256,1.1014000010618474,57.402591000009124,estimated,"CodeCarbon software estimate (CPU/GPU/RAM), whole-machine Flower round scope",,,,
2026-10-04T10:23:40.340557+00:00,a39374304224429ba570d796462081f3,11,client_03,4,88,1148.0286000005435,7.975099999384838,,0.2643999996507773,41.11639999973704,,106799,,,,,,,,,,
2026-10-04T10:23:40.341652+00:00,a39374304224429ba570d796462081f3,11,client_02,4,88,1238.9096000006248,6.843999999546213,,0.1754000004439149,67.81559999944875,,106800,,,,,,,,,,
2026-10-04T10:23:40.352470+00:00,a39374304224429ba570d796462081f3,11,client_04,4,86,1138.8865999997506,7.325199998376775,,0.5086999990453478,18.263599999045255,,106784,,,,,,,,,,
2026-10-04T10:23:40.361468+00:00,a39374304224429ba570d796462081f3,11,client_01,4,88,1223.1487999997626,5.567899999732617,,0.22220000028028153,11.265999999523046,,106777,,,,,,,,,,
2026-10-04T10:23:40.394636+00:00,a39374304224429ba570d796462081f3,11,,4,350,,6.246799999644281,10.460399998919456,0.27180000142834615,0.8956000019679777,0.2844000009645242,,,5914.293399999224,1.1674000033963239,54.393132000004705,estimated,"CodeCarbon software estimate (CPU/GPU/RAM), whole-machine Flower round scope",,,,
2026-10-04T10:23:46.685369+00:00,a39374304224429ba570d796462081f3,12,client_03,4,88,1153.9763000000676,6.308899999567075,,0.1677999989624368,11.466600000858307,,106567,,,,,,,,,,
2026-10-04T10:23:46.685369+00:00,a39374304224429ba570d796462081f3,12,client_04,4,86,1130.870799999684,5.394899999373592,,0.17329999900539406,14.107299999523093,,106576,,,,,,,,,,
2026-10-04T10:23:46.695367+00:00,a39374304224429ba570d796462081f3,12,client_02,4,88,1196.9267000004038,6.566899999597808,,0.1776000008248957,13.203800001065247,,106592,,,,,,,,,,
2026-10-04T10:23:46.705363+00:00,a39374304224429ba570d796462081f3,12,client_01,4,88,1102.9792000008456,8.265200000096229,,0.2051999999821419,12.62230000065756,,106604,,,,,,,,,,
2026-10-04T10:23:46.741266+00:00,a39374304224429ba570d796462081f3,12,,4,350,,5.931700001383433,11.731200000212993,0.26450000041222665,0.8883999998943182,0.26950000028591603,,,5825.036000000182,1.1529000003065448,53.72237400000814,estimated,"CodeCarbon software estimate (CPU/GPU/RAM), whole-machine Flower round scope",,,,
2026-10-04T10:23:52.968437+00:00,a39374304224429ba570d796462081f3,13,client_04,4,86,1129.9900999983947,7.1736999998393,,0.18880000061471947,5.284800001390977,,106585,,,,,,,,,,
2026-10-04T10:23:52.969437+00:00,a39374304224429ba570d796462081f3,13,client_01,4,88,1121.4375999988988,5.946600000243052,,0.15519999942625873,44.67280000062601,,106579,,,,,,,,,,
2026-10-04T10:23:52.979433+00:00,a39374304224429ba570d796462081f3,13,client_02,4,88,1144.2729000009422,9.874499999568798,,0.29320000066945795,43.09780000039609,,106605,,,,,,,,,,
2026-10-04T10:23:52.987431+00:00,a39374304224429ba570d796462081f3,13,client_03,4,88,1135.1883000006637,6.1076000001776265,,0.24620000112918206,47.06869999972696,,106581,,,,,,,,,,
2026-10-04T10:23:53.021420+00:00,a39374304224429ba570d796462081f3,13,,4,350,,5.219399999987218,9.218400000463589,0.13420000141195487,1.5570000014122343,0.2882000007957686,,,5734.534699999131,1.6912000028241891,53.07048800001211,estimated,"CodeCarbon software estimate (CPU/GPU/RAM), whole-machine Flower round scope",,,,
2026-10-04T10:23:59.519771+00:00,a39374304224429ba570d796462081f3,14,client_01,4,88,1233.2961000010982,13.17870000093535,,0.42240000038873404,45.88299999886658,,106511,,,,,,,,,,
2026-10-04T10:23:59.521772+00:00,a39374304224429ba570d796462081f3,14,client_03,4,88,1192.6394000001892,7.803799999237526,,0.2765000008366769,13.401999998677638,,106509,,,,,,,,,,
2026-10-04T10:23:59.536814+00:00,a39374304224429ba570d796462081f3,14,client_02,4,88,1245.9552000000258,7.796699999744305,,0.4735000002256129,43.24789999918721,,106493,,,,,,,,,,
2026-10-04T10:23:59.547832+00:00,a39374304224429ba570d796462081f3,14,client_04,4,86,1311.1152999990736,9.137400000327034,,0.5193999986659037,48.30260000017006,,106488,,,,,,,,,,
2026-10-04T10:23:59.589852+00:00,a39374304224429ba570d796462081f3,14,,4,350,,7.188000001406181,12.127400001190836,0.19659999998111743,1.7957000000023982,0.3206999990652548,,,6037.057700001242,1.9922999999835156,55.04580800001349,estimated,"CodeCarbon software estimate (CPU/GPU/RAM), whole-machine Flower round scope",,,,
2026-10-04T10:24:05.963523+00:00,a39374304224429ba570d796462081f3,15,client_02,4,88,1139.9387000001298,13.697399999728077,,0.3262999998696614,13.315599999259575,,106490,,,,,,,,,,
2026-10-04T10:24:05.966522+00:00,a39374304224429ba570d796462081f3,15,client_03,4,88,1195.2523999989353,5.255999998553307,,0.16540000069653615,15.109299998584902,,106509,,,,,,,,,,
2026-10-04T10:24:05.976518+00:00,a39374304224429ba570d796462081f3,15,client_01,4,88,1185.9972999991442,6.478000001152395,,0.1830000001064036,16.214600000239443,,106517,,,,,,,,,,
2026-10-04T10:24:05.987515+00:00,a39374304224429ba570d796462081f3,15,client_04,4,86,1110.5894000011176,11.721200000465615,,0.4720999986602692,37.03910000149335,,106492,,,,,,,,,,
2026-10-04T10:24:06.020511+00:00,a39374304224429ba570d796462081f3,15,,4,350,,5.182199998671422,9.916800001519732,0.16180000056920107,0.8398000009037787,0.2891999993153149,,,5848.372099999324,1.0016000014729798,53.663730999996915,estimated,"CodeCarbon software estimate (CPU/GPU/RAM), whole-machine Flower round scope",,,,
2026-10-04T10:24:12.407404+00:00,a39374304224429ba570d796462081f3,16,client_04,4,86,1320.30610000038,5.3091999998287065,,0.1695000009931391,12.844400000176392,,106450,,,,,,,,,,
2026-10-04T10:24:12.408403+00:00,a39374304224429ba570d796462081f3,16,client_02,4,88,1153.9459000014176,5.527100000108476,,0.16759999925852753,40.048599999863654,,106413,,,,,,,,,,
2026-10-04T10:24:12.416401+00:00,a39374304224429ba570d796462081f3,16,client_01,4,88,1211.6905999992014,5.998399999953108,,0.17900000057124998,29.53939999861177,,106416,,,,,,,,,,
2026-10-04T10:24:12.427397+00:00,a39374304224429ba570d796462081f3,16,client_03,4,88,1195.1105999996798,5.892200000744197,,0.20840000070165843,34.56530000039493,,106421,,,,,,,,,,
2026-10-04T10:24:12.462386+00:00,a39374304224429ba570d796462081f3,16,,4,350,,5.352399999537738,10.41599999916798,0.15770000027259812,0.7919000017864164,0.36499999987427145,,,5910.226800000601,0.9496000020590145,54.6352560000014,estimated,"CodeCarbon software estimate (CPU/GPU/RAM), whole-machine Flower round scope",,,,
2026-10-04T10:24:18.862673+00:00,a39374304224429ba570d796462081f3,17,client_02,4,88,1225.1904999993712,8.380499999475433,,0.18619999900693074,22.636100000454462,,106384,,,,,,,,,,
2026-10-04T10:24:18.863676+00:00,a39374304224429ba570d796462081f3,17,client_01,4,88,1210.3888000001461,5.6537999989814125,,0.16510000023117755,20.000999998956104,,106371,,,,,,,,,,
2026-10-04T10:24:18.874179+00:00,a39374304224429ba570d796462081f3,17,client_03,4,88,1281.2137000000803,6.175200000143377,,0.18010000167123508,19.641900000351598,,106357,,,,,,,,,,
2026-10-04T10:24:18.883703+00:00,a39374304224429ba570d796462081f3,17,client_04,4,86,1147.759400000723,8.063400000537513,,0.32300000020768493,17.98609999968903,,106366,,,,,,,,,,
2026-10-04T10:24:18.919910+00:00,a39374304224429ba570d796462081f3,17,,4,350,,5.027399998652982,10.492999999769381,0.1298000006499933,0.9342000012111384,0.26900000011664815,,,5933.71450000086,1.0640000018611318,54.73449300001448,estimated,"CodeCarbon software estimate (CPU/GPU/RAM), whole-machine Flower round scope",,,,
2026-10-04T10:24:25.202979+00:00,a39374304224429ba570d796462081f3,18,client_02,4,88,1155.9257999997499,9.485900000072434,,1.0526000005484093,12.060200000632904,,106317,,,,,,,,,,
2026-10-04T10:24:25.203978+00:00,a39374304224429ba570d796462081f3,18,client_01,4,88,1116.3539999997738,9.362200000396115,,0.21019999985583127,45.61529999955383,,106316,,,,,,,,,,
2026-10-04T10:24:25.213993+00:00,a39374304224429ba570d796462081f3,18,client_04,4,86,1152.5861000009172,5.307100000209175,,0.300599998809048,64.12699999964389,,106303,,,,,,,,,,
2026-10-04T10:24:25.225988+00:00,a39374304224429ba570d796462081f3,18,client_03,4,88,1091.5906999998697,6.5757000011217315,,0.19470000006549526,15.05159999942407,,106288,,,,,,,,,,
2026-10-04T10:24:25.261968+00:00,a39374304224429ba570d796462081f3,18,,4,350,,7.768399998894893,8.537199999409495,0.22320000061881728,0.5858000004081987,1.217999999425956,,,5806.947299999592,0.809000001027016,53.53593699999692,estimated,"CodeCarbon software estimate (CPU/GPU/RAM), whole-machine Flower round scope",,,,
2026-10-04T10:24:31.560405+00:00,a39374304224429ba570d796462081f3,19,client_02,4,88,1148.2262999998056,9.176400000797003,,0.36360000012791716,11.859099999128375,,106384,,,,,,,,,,
2026-10-04T10:24:31.561405+00:00,a39374304224429ba570d796462081f3,19,client_03,4,88,1150.3606000005675,7.201500000519445,,0.31910000143398065,11.629700000412413,,106362,,,,,,,,,,
2026-10-04T10:24:31.571592+00:00,a39374304224429ba570d796462081f3,19,client_04,4,86,1191.5322999993805,6.613800000195624,,0.1678000007814262,14.033699999345117,,106341,,,,,,,,,,
2026-10-04T10:24:31.579590+00:00,a39374304224429ba570d796462081f3,19,client_01,4,88,1164.3760000006296,7.3761999992711935,,0.20899999981338624,16.63639999969746,,106351,,,,,,,,,,
2026-10-04T10:24:31.612853+00:00,a39374304224429ba570d796462081f3,19,,4,350,,5.224700000326266,9.216899999955785,0.13810000018565916,0.5975999993097503,0.38950000089243986,,,5824.107700000241,0.7356999994954094,53.76046400000632,estimated,"CodeCarbon software estimate (CPU/GPU/RAM), whole-machine Flower round scope",,,,
2026-10-04T10:24:37.933501+00:00,a39374304224429ba570d796462081f3,20,client_01,4,88,1144.648800000141,9.133999999903608,,0.22499999977299012,36.451099998885184,,106297,,,,,,,,,,
2026-10-04T10:24:37.934501+00:00,a39374304224429ba570d796462081f3,20,client_03,4,88,1232.1377999996912,5.925800000113668,,0.16700000014679972,36.828299998887815,,106278,,,,,,,,,,
2026-10-04T10:24:37.943595+00:00,a39374304224429ba570d796462081f3,20,client_04,4,86,1131.9586999998137,9.435100000700913,,0.18869999985327013,14.532600000165985,,106308,,,,,,,,,,
2026-10-04T10:24:37.952591+00:00,a39374304224429ba570d796462081f3,20,client_02,4,88,1217.3000999991928,7.551400000011199,,0.24809999922581483,14.190599998983089,,106291,,,,,,,,,,
2026-10-04T10:24:37.987924+00:00,a39374304224429ba570d796462081f3,20,,4,350,,5.14879999900586,11.137800000142306,0.13440000111586414,0.724299998182687,0.27719999889086466,,,5847.014599999966,0.8586999992985511,54.1615450000063,estimated,"CodeCarbon software estimate (CPU/GPU/RAM), whole-machine Flower round scope",,,,
2026-10-04T10:24:51.667112+00:00,3001041c70f24d738fb7942f4377a5db,1,client_02,4,88,7135.942099999738,5.844999999681022,,0.1823999991756864,8.971799999926588,,106656,,,,,,,,,,
2026-10-04T10:24:51.668112+00:00,3001041c70f24d738fb7942f4377a5db,1,client_03,4,88,6609.443600000304,17.83660000000964,,1.5235999999276828,14.64250000026368,,106679,,,,,,,,,,
2026-10-04T10:24:51.674655+00:00,3001041c70f24d738fb7942f4377a5db,1,client_04,4,86,7665.261800000735,5.730099999709637,,0.21189999824855477,13.85140000093088,,106681,,,,,,,,,,
2026-10-04T10:24:51.687159+00:00,3001041c70f24d738fb7942f4377a5db,1,client_01,4,88,7347.357399999964,5.532900000616792,,0.17579999985173345,20.81929999985732,,106677,,,,,,,,,,
2026-10-04T10:24:51.726402+00:00,3001041c70f24d738fb7942f4377a5db,1,,4,350,,5.464300000312505,11.604800001805415,0.14149999879009556,0.7624999998370185,0.27829999999084976,,,12278.647799999817,0.9039999986271141,118.31822899999679,estimated,"CodeCarbon software estimate (CPU/GPU/RAM), whole-machine Flower round scope",,,,
2026-10-04T10:24:59.194237+00:00,3001041c70f24d738fb7942f4377a5db,2,client_03,4,88,1935.7297000005929,8.31109999853652,,0.6871999994473299,24.207399999795598,,106634,,,,,,,,,,
2026-10-04T10:24:59.195236+00:00,3001041c70f24d738fb7942f4377a5db,2,client_04,4,86,1899.5761000005587,11.556299999938346,,0.9413999996468192,10.95040000109293,,106638,,,,,,,,,,
2026-10-04T10:24:59.206417+00:00,3001041c70f24d738fb7942f4377a5db,2,client_02,4,88,1867.2896999996738,8.189799998945091,,0.18699999964155722,21.484499999132822,,106661,,,,,,,,,,
2026-10-04T10:24:59.217504+00:00,3001041c70f24d738fb7942f4377a5db,2,client_01,4,88,2033.9956000007078,11.134200000014971,,0.8594999999331776,3.4648000000743195,,106668,,,,,,,,,,
2026-10-04T10:24:59.257781+00:00,3001041c70f24d738fb7942f4377a5db,2,,4,350,,5.486399999426794,12.549500001114211,0.16710000090824906,0.7027000010566553,0.2929999991465593,,,6951.523900001121,0.8698000019649044,64.70448300000498,estimated,"CodeCarbon software estimate (CPU/GPU/RAM), whole-machine Flower round scope",,,,
2026-10-04T10:25:05.268019+00:00,3001041c70f24d738fb7942f4377a5db,3,client_04,4,86,888.8693999997486,10.228999999526422,,0.330299999404815,33.22130000015022,,106715,,,,,,,,,,
2026-10-04T10:25:05.269018+00:00,3001041c70f24d738fb7942f4377a5db,3,client_01,4,88,882.6760000010836,6.300600000031409,,0.16379999942728318,10.36240000030375,,106720,,,,,,,,,,
2026-10-04T10:25:05.277015+00:00,3001041c70f24d738fb7942f4377a5db,3,client_03,4,88,890.0773000004847,10.035100000095554,,0.35340000067662913,41.00509999989299,,106694,,,,,,,,,,
2026-10-04T10:25:05.287011+00:00,3001041c70f24d738fb7942f4377a5db,3,client_02,4,88,899.116700000377,5.4168000006029615,,0.1446999995096121,40.15630000139936,,106715,,,,,,,,,,
2026-10-04T10:25:05.322001+00:00,3001041c70f24d738fb7942f4377a5db,3,,4,350,,5.786900001112372,9.860800002570613,0.16970000069704838,0.6205000008776551,0.8316000003105728,,,5498.7270000001445,0.7902000015747035,50.395422000001425,estimated,"CodeCarbon software estimate (CPU/GPU/RAM), whole-machine Flower round scope",,,,
2026-10-04T10:25:11.313053+00:00,3001041c70f24d738fb7942f4377a5db,4,client_04,4,86,868.6446000010619,5.675200000041514,,0.5048999992141034,46.94280000148865,,106731,,,,,,,,,,
2026-10-04T10:25:11.314052+00:00,3001041c70f24d738fb7942f4377a5db,4,client_03,4,88,900.7667999994737,10.46400000086578,,0.1655000014579855,17.604999999093707,,106688,,,,,,,,,,
2026-10-04T10:25:11.324130+00:00,3001041c70f24d738fb7942f4377a5db,4,client_02,4,88,869.0483999998833,11.259099999733735,,0.15840000014577527,42.436199999428936,,106724,,,,,,,,,,
2026-10-04T10:25:11.332127+00:00,3001041c70f24d738fb7942f4377a5db,4,client_01,4,88,918.918899998971,6.654700000581215,,0.1627000001462875,12.749699999403674,,106699,,,,,,,,,,
2026-10-04T10:25:11.368343+00:00,3001041c70f24d738fb7942f4377a5db,4,,4,350,,5.974499999865657,9.108399997785455,0.18459999955666717,0.6169000025693094,0.2648999998200452,,,5535.813600001347,0.8015000021259766,50.871487999993406,estimated,"CodeCarbon software estimate (CPU/GPU/RAM), whole-machine Flower round scope",,,,
2026-10-04T10:25:17.382049+00:00,3001041c70f24d738fb7942f4377a5db,5,client_01,4,88,882.972499999596,8.41500000024098,,0.831899998956942,42.05780000120285,,106728,,,,,,,,,,
2026-10-04T10:25:17.383048+00:00,3001041c70f24d738fb7942f4377a5db,5,client_02,4,88,899.6817999995983,7.449400000041351,,0.39540000034321565,12.827000000470434,,106723,,,,,,,,,,
2026-10-04T10:25:17.404042+00:00,3001041c70f24d738fb7942f4377a5db,5,client_04,4,86,868.1368999987171,9.476299999732873,,1.1880999991262797,33.552400000189664,,106750,,,,,,,,,,
2026-10-04T10:25:17.413039+00:00,3001041c70f24d738fb7942f4377a5db,5,client_03,4,88,907.162999999855,8.343699999386445,,0.1720000000204891,18.906299999798648,,106751,,,,,,,,,,
2026-10-04T10:25:17.447027+00:00,3001041c70f24d738fb7942f4377a5db,5,,4,350,,5.245700000159559,9.557200000926969,0.13829999988956843,0.7660999999643536,0.2795000000332948,,,5550.783100001354,0.904399999853922,50.94664599999305,estimated,"CodeCarbon software estimate (CPU/GPU/RAM), whole-machine Flower round scope",,,,
2026-10-04T10:25:23.457793+00:00,3001041c70f24d738fb7942f4377a5db,6,client_04,4,86,884.9504000008892,8.074399998804438,,0.35199999911128543,10.786699998789118,,106778,,,,,,,,,,
2026-10-04T10:25:23.464790+00:00,3001041c70f24d738fb7942f4377a5db,6,client_02,4,88,897.2807999998622,9.422600000107195,,0.17939999997906853,11.515000000144937,,106738,,,,,,,,,,
2026-10-04T10:25:23.476786+00:00,3001041c70f24d738fb7942f4377a5db,6,client_03,4,88,900.9736999996676,6.267400000069756,,0.23380000129691325,13.94830000026559,,106756,,,,,,,,,,
2026-10-04T10:25:23.485784+00:00,3001041c70f24d738fb7942f4377a5db,6,client_01,4,88,861.1774000000878,10.37969999924826,,0.6706999993184581,37.42259999853559,,106758,,,,,,,,,,
2026-10-04T10:25:23.516773+00:00,3001041c70f24d738fb7942f4377a5db,6,,4,350,,6.195999998453772,9.168199996565818,0.15720000010333024,1.227499999004067,0.27999999838357326,,,5542.679100000896,1.3846999991073972,50.88650099998631,estimated,"CodeCarbon software estimate (CPU/GPU/RAM), whole-machine Flower round scope",,,,
2026-10-04T10:25:29.526542+00:00,3001041c70f24d738fb7942f4377a5db,7,client_04,4,86,869.9710000000778,6.936800000403309,,0.17139999908977188,44.006699999954435,,106756,,,,,,,,,,
2026-10-04T10:25:29.527541+00:00,3001041c70f24d738fb7942f4377a5db,7,client_03,4,88,881.7600999991555,7.720399999016081,,0.19429999883868732,14.159599999402417,,106775,,,,,,,,,,
2026-10-04T10:25:29.541538+00:00,3001041c70f24d738fb7942f4377a5db,7,client_02,4,88,860.687999998845,10.142900000573718,,0.5858000004081987,47.73179999938293,,106791,,,,,,,,,,
2026-10-04T10:25:29.552659+00:00,3001041c70f24d738fb7942f4377a5db,7,client_01,4,88,922.9560000003403,13.738499999817577,,0.17900000057124998,13.816300001053605,,106802,,,,,,,,,,
2026-10-04T10:25:29.583779+00:00,3001041c70f24d738fb7942f4377a5db,7,,4,350,,6.630199999563047,10.03610000043409,0.15979999989212956,0.6514999986393377,0.289100000372855,,,5540.867100000469,0.8112999985314673,50.949605000005256,estimated,"CodeCarbon software estimate (CPU/GPU/RAM), whole-machine Flower round scope",,,,
2026-10-04T10:25:35.592186+00:00,3001041c70f24d738fb7942f4377a5db,8,client_04,4,86,878.7393999991764,9.058999999979278,,0.1560000000608852,42.397500001243316,,106777,,,,,,,,,,
2026-10-04T10:25:35.593186+00:00,3001041c70f24d738fb7942f4377a5db,8,client_02,4,88,872.882199999367,6.758499999705236,,0.2106000010826392,38.64099999918835,,106760,,,,,,,,,,
2026-10-04T10:25:35.603184+00:00,3001041c70f24d738fb7942f4377a5db,8,client_01,4,88,921.3870000003226,5.3340000013122335,,0.16630000027362257,13.01690000036615,,106766,,,,,,,,,,
2026-10-04T10:25:35.614180+00:00,3001041c70f24d738fb7942f4377a5db,8,client_03,4,88,842.4614999985351,8.283299999675364,,0.2758999999059597,13.970699999845237,,106792,,,,,,,,,,
2026-10-04T10:25:35.649168+00:00,3001041c70f24d738fb7942f4377a5db,8,,4,350,,5.145700000866782,9.72159999764699,0.12679999963438604,0.741300000299816,0.27349999982106965,,,5527.042400000937,0.8680999999342021,50.75274900000295,estimated,"CodeCarbon software estimate (CPU/GPU/RAM), whole-machine Flower round scope",,,,
2026-10-04T10:25:41.745211+00:00,3001041c70f24d738fb7942f4377a5db,9,client_03,4,88,977.0219000001816,8.623499999885098,,0.18029999955615494,8.847200000673183,,106789,,,,,,,,,,
2026-10-04T10:25:41.747457+00:00,3001041c70f24d738fb7942f4377a5db,9,client_02,4,88,996.7564999988099,7.592899999508518,,0.23440000040864106,21.396799998910865,,106793,,,,,,,,,,
2026-10-04T10:25:41.759456+00:00,3001041c70f24d738fb7942f4377a5db,9,client_01,4,88,997.6330000008602,7.186699998783297,,0.9213000012096018,13.243899998997222,,106797,,,,,,,,,,
2026-10-04T10:25:41.770673+00:00,3001041c70f24d738fb7942f4377a5db,9,client_04,4,86,953.824700000041,8.827099998597987,,0.7983999985299306,65.29140000020561,,106792,,,,,,,,,,
2026-10-04T10:25:41.808621+00:00,3001041c70f24d738fb7942f4377a5db,9,,4,350,,5.3834000009373995,11.393700000553508,0.16460000006190967,0.8865999989211559,0.3477000009297626,,,5628.619999999501,1.0511999989830656,51.74623099999735,estimated,"CodeCarbon software estimate (CPU/GPU/RAM), whole-machine Flower round scope",,,,
2026-10-04T10:25:47.859835+00:00,3001041c70f24d738fb7942f4377a5db,10,client_02,4,88,891.056699998444,12.27169999947364,,0.6832999988546362,29.901100000643055,,106815,,,,,,,,,,
2026-10-04T10:25:47.860832+00:00,3001041c70f24d738fb7942f4377a5db,10,client_03,4,88,927.1583999998256,5.35660000059579,,0.16619999951217324,12.132899999414803,,106825,,,,,,,,,,
2026-10-04T10:25:47.870828+00:00,3001041c70f24d738fb7942f4377a5db,10,client_04,4,86,872.5153000013961,10.288999999829684,,0.711599999704049,45.67920000044978,,106829,,,,,,,,,,
2026-10-04T10:25:47.880825+00:00,3001041c70f24d738fb7942f4377a5db,10,client_01,4,88,906.8580999992264,12.689899998804322,,0.9573999996064231,10.037999998530722,,106838,,,,,,,,,,
2026-10-04T10:25:47.914815+00:00,3001041c70f24d738fb7942f4377a5db,10,,4,350,,5.193699998926604,10.961800000586663,0.14700000065204222,0.691299996105954,0.2812000002450077,,,5551.83070000021,0.8382999967579963,50.97681299999749,estimated,"CodeCarbon software estimate (CPU/GPU/RAM), whole-machine Flower round scope",,,,
2026-10-04T10:25:53.898670+00:00,3001041c70f24d738fb7942f4377a5db,11,client_01,4,88,911.3225999990391,13.335600000573322,,0.1731000011204742,16.465400000015507,,106744,,,,,,,,,,
2026-10-04T10:25:53.900671+00:00,3001041c70f24d738fb7942f4377a5db,11,client_03,4,88,891.9716000000335,7.5938999998470536,,0.19260000044596381,41.95120000076713,,106746,,,,,,,,,,
2026-10-04T10:25:53.910667+00:00,3001041c70f24d738fb7942f4377a5db,11,client_02,4,88,886.5425999993022,7.100599999830592,,0.17719999959808774,10.376600001109182,,106745,,,,,,,,,,
2026-10-04T10:25:53.921664+00:00,3001041c70f24d738fb7942f4377a5db,11,client_04,4,86,871.724799999356,11.799500000051921,,0.1525999996374594,31.501199999183882,,106732,,,,,,,,,,
2026-10-04T10:25:53.953654+00:00,3001041c70f24d738fb7942f4377a5db,11,,4,350,,5.435799999759183,9.763199999724748,0.16239999968092889,0.7794000011926983,0.3190000006725313,,,5521.434799999042,0.9418000008736271,50.852400999992824,estimated,"CodeCarbon software estimate (CPU/GPU/RAM), whole-machine Flower round scope",,,,
2026-10-04T10:26:00.080334+00:00,3001041c70f24d738fb7942f4377a5db,12,client_04,4,86,895.4481000000669,15.313800000512856,,0.1785000004019821,52.11720000079367,,106821,,,,,,,,,,
2026-10-04T10:26:00.081332+00:00,3001041c70f24d738fb7942f4377a5db,12,client_02,4,88,928.3412999993743,13.182500000766595,,0.22530000023834873,10.118500000316999,,106804,,,,,,,,,,
2026-10-04T10:26:00.092417+00:00,3001041c70f24d738fb7942f4377a5db,12,client_01,4,88,995.0685999992857,8.94250000055763,,0.18490000002202578,49.544899999091285,,106796,,,,,,,,,,
2026-10-04T10:26:00.104930+00:00,3001041c70f24d738fb7942f4377a5db,12,client_03,4,88,878.779200000281,5.827000000863336,,0.19130000146105886,39.95100000065577,,106826,,,,,,,,,,
2026-10-04T10:26:00.147959+00:00,3001041c70f24d738fb7942f4377a5db,12,,4,350,,6.357100000968785,13.692400001673377,0.2085999985865783,0.8598000003985362,0.4067999998369487,,,5656.380099999296,1.0683999989851145,52.08155199999965,estimated,"CodeCarbon software estimate (CPU/GPU/RAM), whole-machine Flower round scope",,,,
2026-10-04T10:26:06.223365+00:00,3001041c70f24d738fb7942f4377a5db,13,client_01,4,88,876.2077999999747,8.603000000221073,,0.18910000108007807,13.970599999083788,,106835,,,,,,,,,,
2026-10-04T10:26:06.224366+00:00,3001041c70f24d738fb7942f4377a5db,13,client_03,4,88,893.099800001437,6.036300001142081,,0.24529999973310623,37.10010000031616,,106848,,,,,,,,,,
2026-10-04T10:26:06.244359+00:00,3001041c70f24d738fb7942f4377a5db,13,client_02,4,88,866.2260999990394,7.782600001519313,,0.8958999987953575,11.621400000876747,,106846,,,,,,,,,,
2026-10-04T10:26:06.255354+00:00,3001041c70f24d738fb7942f4377a5db,13,client_04,4,86,886.1139999989973,6.20840000010503,,0.19740000061574392,41.03669999858539,,106834,,,,,,,,,,
2026-10-04T10:26:06.289344+00:00,3001041c70f24d738fb7942f4377a5db,13,,4,350,,5.296699999234988,10.100199999214965,0.14929999997548293,1.152800001364085,0.28480000037234277,,,5549.120200001198,1.3021000013395678,50.861753999997745,estimated,"CodeCarbon software estimate (CPU/GPU/RAM), whole-machine Flower round scope",,,,
2026-10-04T10:26:12.347138+00:00,3001041c70f24d738fb7942f4377a5db,14,client_02,4,88,861.9323000002623,6.045100000847015,,0.16849999883561395,10.300199999619508,,106773,,,,,,,,,,
2026-10-04T10:26:12.348138+00:00,3001041c70f24d738fb7942f4377a5db,14,client_04,4,86,957.648400000835,6.358100001307321,,0.20369999947433826,9.12360000074841,,106773,,,,,,,,,,
2026-10-04T10:26:12.357136+00:00,3001041c70f24d738fb7942f4377a5db,14,client_01,4,88,907.9288000011729,6.85189999967406,,0.26640000032784883,38.1230000002688,,106761,,,,,,,,,,
2026-10-04T10:26:12.365152+00:00,3001041c70f24d738fb7942f4377a5db,14,client_03,4,88,905.8755000005476,5.489200000738492,,0.17560000014782418,45.680900000661495,,106782,,,,,,,,,,
2026-10-04T10:26:12.403655+00:00,3001041c70f24d738fb7942f4377a5db,14,,4,350,,7.898899999418063,8.762100002059015,0.16659999891999178,4.627999998774612,0.3065000000788132,,,5581.705800001146,4.794599997694604,51.327044000008755,estimated,"CodeCarbon software estimate (CPU/GPU/RAM), whole-machine Flower round scope",,,,
2026-10-04T10:26:18.738565+00:00,3001041c70f24d738fb7942f4377a5db,15,client_03,4,88,902.8938999999809,7.059399998979643,,0.23020000116957817,43.13770000044315,,106828,,,,,,,,,,
2026-10-04T10:26:18.739565+00:00,3001041c70f24d738fb7942f4377a5db,15,client_01,4,88,912.077799999679,5.533800000193878,,0.16909999976633117,50.96430000048713,,106836,,,,,,,,,,
2026-10-04T10:26:18.757560+00:00,3001041c70f24d738fb7942f4377a5db,15,client_04,4,86,896.0399999996298,5.378900001232978,,0.2007000002777204,4.235000000335276,,106841,,,,,,,,,,
2026-10-04T10:26:18.766557+00:00,3001041c70f24d738fb7942f4377a5db,15,client_02,4,88,902.8564999989612,8.33520000014687,,0.16080000023066532,20.384600000397768,,106845,,,,,,,,,,
2026-10-04T10:26:18.801545+00:00,3001041c70f24d738fb7942f4377a5db,15,,4,350,,5.4204999996727565,10.560400000031223,0.1720000000204891,0.6289999982982408,0.2855000002455199,,,5574.122099998931,0.8009999983187299,51.090542999991165,estimated,"CodeCarbon software estimate (CPU/GPU/RAM), whole-machine Flower round scope",,,,
2026-10-04T10:26:24.922283+00:00,3001041c70f24d738fb7942f4377a5db,16,client_04,4,86,879.334999999628,6.665099999736412,,0.17160000061267056,47.19889999978477,,106805,,,,,,,,,,
2026-10-04T10:26:24.923283+00:00,3001041c70f24d738fb7942f4377a5db,16,client_01,4,88,866.0619999991468,10.017499998866697,,0.42240000038873404,11.160100000779494,,106778,,,,,,,,,,
2026-10-04T10:26:24.935280+00:00,3001041c70f24d738fb7942f4377a5db,16,client_03,4,88,899.560300000303,6.910399999469519,,0.16900000082387123,31.108600000152364,,106819,,,,,,,,,,
2026-10-04T10:26:24.949274+00:00,3001041c70f24d738fb7942f4377a5db,16,client_02,4,88,863.7699999999313,7.161999999880209,,0.16539999887754675,50.63819999850239,,106782,,,,,,,,,,
2026-10-04T10:26:24.980267+00:00,3001041c70f24d738fb7942f4377a5db,16,,4,350,,6.2011000009079,8.300600000438862,0.1581999986228766,0.5845999967277749,0.26050000087707303,,,5545.187399999122,0.7427999953506514,50.82150700000057,estimated,"CodeCarbon software estimate (CPU/GPU/RAM), whole-machine Flower round scope",,,,
2026-10-04T10:26:31.053103+00:00,3001041c70f24d738fb7942f4377a5db,17,client_02,4,88,982.5670999998692,5.432800000562565,,0.16429999959655106,37.771699999211705,,106786,,,,,,,,,,
2026-10-04T10:26:31.054099+00:00,3001041c70f24d738fb7942f4377a5db,17,client_01,4,88,918.5444000013376,20.203599999149446,,0.5210999988776166,49.17659999955504,,106821,,,,,,,,,,
2026-10-04T10:26:31.063097+00:00,3001041c70f24d738fb7942f4377a5db,17,client_04,4,86,917.1568000001571,7.756699998935801,,0.18989999989571515,50.774299999829964,,106802,,,,,,,,,,
2026-10-04T10:26:31.073203+00:00,3001041c70f24d738fb7942f4377a5db,17,client_03,4,88,887.2921000001952,7.115099999282393,,0.2179000002797693,14.761899999939487,,106817,,,,,,,,,,
2026-10-04T10:26:31.107164+00:00,3001041c70f24d738fb7942f4377a5db,17,,4,350,,5.629999999655411,9.414399997695,0.16739999955461826,0.7455000031768577,0.32909999936237,,,5610.924200000227,0.912900002731476,51.64778900001692,estimated,"CodeCarbon software estimate (CPU/GPU/RAM), whole-machine Flower round scope",,,,
2026-10-04T10:26:37.176413+00:00,3001041c70f24d738fb7942f4377a5db,18,client_01,4,88,890.8002999996825,8.220000001529115,,0.4242000013618963,15.065399999002693,,106784,,,,,,,,,,
2026-10-04T10:26:37.177434+00:00,3001041c70f24d738fb7942f4377a5db,18,client_02,4,88,977.7783999998064,6.405100000847597,,0.16850000065460335,14.818699999523233,,106786,,,,,,,,,,
2026-10-04T10:26:37.188417+00:00,3001041c70f24d738fb7942f4377a5db,18,client_03,4,88,870.2717999985907,6.77940000059607,,0.28949999978067353,35.82590000041819,,106769,,,,,,,,,,
2026-10-04T10:26:37.196427+00:00,3001041c70f24d738fb7942f4377a5db,18,client_04,4,86,920.9407999987889,6.376799999998184,,0.14560000090568792,10.707100000217906,,106801,,,,,,,,,,
2026-10-04T10:26:37.231397+00:00,3001041c70f24d738fb7942f4377a5db,18,,4,350,,5.346600000848412,10.64570000198728,0.20179999955871608,0.7060999996610917,0.2855000002455199,,,5595.504999999321,0.9078999992198078,51.47127000000183,estimated,"CodeCarbon software estimate (CPU/GPU/RAM), whole-machine Flower round scope",,,,
2026-10-04T10:26:43.231284+00:00,3001041c70f24d738fb7942f4377a5db,19,client_02,4,88,883.8773999996192,9.360500000184402,,0.4759999992529629,14.94009999987611,,106793,,,,,,,,,,
2026-10-04T10:26:43.232284+00:00,3001041c70f24d738fb7942f4377a5db,19,client_01,4,88,904.4594999995752,8.134900001095957,,0.17610000031709205,39.722000001347624,,106810,,,,,,,,,,
2026-10-04T10:26:43.246387+00:00,3001041c70f24d738fb7942f4377a5db,19,client_03,4,88,919.5658000007825,6.37529999949038,,2.2196999998413958,13.830100000632228,,106841,,,,,,,,,,
2026-10-04T10:26:43.258182+00:00,3001041c70f24d738fb7942f4377a5db,19,client_04,4,86,874.3073999994522,6.732900001225062,,0.2134000005753478,11.294900001303176,,106830,,,,,,,,,,
2026-10-04T10:26:43.294173+00:00,3001041c70f24d738fb7942f4377a5db,19,,4,350,,7.578799999464536,8.469199998216936,0.1560000000608852,0.7404999996651895,0.2647000001161359,,,5541.477499999019,0.8964999997260747,50.85594600001059,estimated,"CodeCarbon software estimate (CPU/GPU/RAM), whole-machine Flower round scope",,,,
2026-10-04T10:26:49.519867+00:00,3001041c70f24d738fb7942f4377a5db,20,client_04,4,86,981.32699999951,5.451500001072418,,0.1664000010350719,34.43570000126783,,106729,,,,,,,,,,
2026-10-04T10:26:49.521866+00:00,3001041c70f24d738fb7942f4377a5db,20,client_03,4,88,871.4314999997441,8.49210000160383,,0.22460000036517158,11.222999999517924,,106713,,,,,,,,,,
2026-10-04T10:26:49.530862+00:00,3001041c70f24d738fb7942f4377a5db,20,client_01,4,88,855.1346999993257,6.316299999525654,,0.22300000091490801,39.0306999997847,,106681,,,,,,,,,,
2026-10-04T10:26:49.539873+00:00,3001041c70f24d738fb7942f4377a5db,20,client_02,4,88,888.6996000001091,5.379899999752524,,0.15920000078040175,34.66669999943406,,106716,,,,,,,,,,
2026-10-04T10:26:49.574850+00:00,3001041c70f24d738fb7942f4377a5db,20,,4,350,,5.96880000011879,9.52299999880779,0.16589999904681463,0.6750000011379598,1.0310000016033882,,,5640.650000001187,0.8409000001847744,51.432887999999366,estimated,"CodeCarbon software estimate (CPU/GPU/RAM), whole-machine Flower round scope",,,,
2026-10-04T10:27:03.992067+00:00,a922225df3e745deb3259a9293adb2eb,1,client_01,4,88,8501.533699998618,7.757600000331877,,0.17630000002100132,33.32399999999325,,106692,,,,,,,,,,
2026-10-04T10:27:03.993086+00:00,a922225df3e745deb3259a9293adb2eb,1,client_04,4,86,7972.854199999347,8.1609999997454,,0.36130000080447644,43.3128000004217,,106680,,,,,,,,,,
2026-10-04T10:27:04.002248+00:00,a922225df3e745deb3259a9293adb2eb,1,client_02,4,88,8606.189600001017,6.2486999995599035,,0.20499999845924322,34.331099999690196,,106679,,,,,,,,,,
2026-10-04T10:27:04.015768+00:00,a922225df3e745deb3259a9293adb2eb,1,client_03,4,88,8096.694399999251,14.168199999403441,,0.19129999964206945,10.776699999041739,,106700,,,,,,,,,,
2026-10-04T10:27:04.048969+00:00,a922225df3e745deb3259a9293adb2eb,1,,4,350,,5.235200000242912,9.73609999891778,0.4238999990775483,0.6630000007135095,0.270799999270821,,,13296.932600000218,1.0868999997910578,127.79098500001055,estimated,"CodeCarbon software estimate (CPU/GPU/RAM), whole-machine Flower round scope",,,,
2026-10-04T10:27:10.542744+00:00,a922225df3e745deb3259a9293adb2eb,2,client_04,4,86,1302.009299999554,8.528300000762101,,1.0156000007555122,34.59059999840974,,106758,,,,,,,,,,
2026-10-04T10:27:10.543744+00:00,a922225df3e745deb3259a9293adb2eb,2,client_01,4,88,1281.1923999997816,11.532799999258714,,1.8835999999282649,45.28619999837247,,106751,,,,,,,,,,
2026-10-04T10:27:10.555742+00:00,a922225df3e745deb3259a9293adb2eb,2,client_02,4,88,1296.7585999995208,8.143099999870174,,3.3780999983719084,39.433899999494315,,106770,,,,,,,,,,
2026-10-04T10:27:10.566914+00:00,a922225df3e745deb3259a9293adb2eb,2,client_03,4,88,1374.8417000006157,9.422299999641837,,0.2158999996026978,9.87850000092294,,106765,,,,,,,,,,
2026-10-04T10:27:10.601167+00:00,a922225df3e745deb3259a9293adb2eb,2,,4,350,,6.129199999122648,8.98810000217054,0.167199999850709,0.8250000009866199,0.28960000054212287,,,5986.540299998524,0.9922000008373288,55.35697100000106,estimated,"CodeCarbon software estimate (CPU/GPU/RAM), whole-machine Flower round scope",,,,
2026-10-04T10:27:16.929819+00:00,a922225df3e745deb3259a9293adb2eb,3,client_01,4,88,1083.774099999573,8.091499999864027,,0.33059999987017363,68.44079999973474,,106815,,,,,,,,,,
2026-10-04T10:27:16.930819+00:00,a922225df3e745deb3259a9293adb2eb,3,client_04,4,86,1156.5114000004542,7.1041999999579275,,0.1967999996850267,11.1999000000651,,106781,,,,,,,,,,
2026-10-04T10:27:16.940816+00:00,a922225df3e745deb3259a9293adb2eb,3,client_03,4,88,1147.1480000000156,7.767500001136796,,0.17520000074000563,40.986800000609946,,106787,,,,,,,,,,
2026-10-04T10:27:16.949813+00:00,a922225df3e745deb3259a9293adb2eb,3,client_02,4,88,1108.267399999022,14.188099999955739,,0.19690000044647604,10.509499999898253,,106804,,,,,,,,,,
2026-10-04T10:27:16.983801+00:00,a922225df3e745deb3259a9293adb2eb,3,,4,350,,6.1635000001842855,11.109099999885075,0.29999999969732016,0.7972999992489349,0.2851999997801613,,,5808.847500000411,1.097299998946255,53.4510070000033,estimated,"CodeCarbon software estimate (CPU/GPU/RAM), whole-machine Flower round scope",,,,
2026-10-04T10:27:23.252616+00:00,a922225df3e745deb3259a9293adb2eb,4,client_03,4,88,1194.619400001102,6.1100000002625166,,0.8427999982814072,11.05959999949846,,106839,,,,,,,,,,
2026-10-04T10:27:23.253615+00:00,a922225df3e745deb3259a9293adb2eb,4,client_01,4,88,1082.7336000002106,6.103700001403922,,2.7445999985502567,38.079100000686594,,106848,,,,,,,,,,
2026-10-04T10:27:23.268695+00:00,a922225df3e745deb3259a9293adb2eb,4,client_04,4,86,1112.6254999999219,6.567000000359258,,0.2275000006193295,8.674999999129795,,106892,,,,,,,,,,
2026-10-04T10:27:23.278691+00:00,a922225df3e745deb3259a9293adb2eb,4,client_02,4,88,1185.682999999699,6.84960000035062,,0.1644000003580004,14.498599999569706,,106872,,,,,,,,,,
2026-10-04T10:27:23.312903+00:00,a922225df3e745deb3259a9293adb2eb,4,,4,350,,5.251000000498607,10.635299999194103,0.17459999980928842,0.6127000015112571,0.2994999995280523,,,5802.716300000611,0.7873000013205456,53.722147999997105,estimated,"CodeCarbon software estimate (CPU/GPU/RAM), whole-machine Flower round scope",,,,
2026-10-04T10:27:29.560317+00:00,a922225df3e745deb3259a9293adb2eb,5,client_02,4,88,1147.445799999332,9.429600000657956,,2.0815000007132767,16.419800000221585,,106823,,,,,,,,,,
2026-10-04T10:27:29.561317+00:00,a922225df3e745deb3259a9293adb2eb,5,client_04,4,86,1146.24189999995,6.789600000047358,,0.7750000004307367,17.820999999457854,,106828,,,,,,,,,,
2026-10-04T10:27:29.571312+00:00,a922225df3e745deb3259a9293adb2eb,5,client_03,4,88,1111.1397000004217,10.624599999573547,,0.6352000000333646,38.376700000299024,,106809,,,,,,,,,,
2026-10-04T10:27:29.580311+00:00,a922225df3e745deb3259a9293adb2eb,5,client_01,4,88,1122.6310000001831,12.502800000220304,,0.7120999998733168,44.77769999903103,,106816,,,,,,,,,,
2026-10-04T10:27:29.614299+00:00,a922225df3e745deb3259a9293adb2eb,5,,4,350,,6.560799998624134,9.023900000102003,0.2623000000312459,1.486499997554347,0.2715999999054475,,,5768.050599999697,1.7487999975855928,53.27274600000237,estimated,"CodeCarbon software estimate (CPU/GPU/RAM), whole-machine Flower round scope",,,,
2026-10-04T10:27:35.911722+00:00,a922225df3e745deb3259a9293adb2eb,6,client_03,4,88,1196.996600001512,11.202799998500268,,1.5612000006512972,13.606399999844143,,106637,,,,,,,,,,
2026-10-04T10:27:35.913724+00:00,a922225df3e745deb3259a9293adb2eb,6,client_02,4,88,1190.1662000000215,11.242900000070222,,0.18009999985224567,16.909199999645352,,106606,,,,,,,,,,
2026-10-04T10:27:35.922719+00:00,a922225df3e745deb3259a9293adb2eb,6,client_01,4,88,1205.6872000011936,11.8942999997671,,0.942399999985355,13.647599998876103,,106633,,,,,,,,,,
2026-10-04T10:27:35.932716+00:00,a922225df3e745deb3259a9293adb2eb,6,client_04,4,86,1158.5329999998066,8.37630000023637,,0.18000000090978574,40.54870000072697,,106622,,,,,,,,,,
2026-10-04T10:27:35.968705+00:00,a922225df3e745deb3259a9293adb2eb,6,,4,350,,5.9958999991067685,9.479800000917749,0.1560000000608852,0.624700000116718,0.37510000038309954,,,5829.094799999439,0.7807000001776032,53.897435999988375,estimated,"CodeCarbon software estimate (CPU/GPU/RAM), whole-machine Flower round scope",,,,
2026-10-04T10:27:42.292606+00:00,a922225df3e745deb3259a9293adb2eb,7,client_01,4,88,1151.5380000000732,5.695900001228438,,0.18180000006395858,12.307200000577723,,106507,,,,,,,,,,
2026-10-04T10:27:42.293605+00:00,a922225df3e745deb3259a9293adb2eb,7,client_04,4,86,1240.2118999998493,6.993400000283145,,0.3163999990647426,34.42110000105458,,106520,,,,,,,,,,
2026-10-04T10:27:42.304729+00:00,a922225df3e745deb3259a9293adb2eb,7,client_03,4,88,1228.9815000003728,9.778800000276533,,0.17999999909079634,11.610800000198651,,106520,,,,,,,,,,
2026-10-04T10:27:42.312726+00:00,a922225df3e745deb3259a9293adb2eb,7,client_02,4,88,1221.900900000037,9.921299999405164,,0.1658000001043547,41.66829999849142,,106489,,,,,,,,,,
2026-10-04T10:27:42.347719+00:00,a922225df3e745deb3259a9293adb2eb,7,,4,350,,6.224900000233902,11.377300003005075,0.23160000091593247,0.971200002823025,0.2944999996543629,,,5848.514699999214,1.2028000037389575,54.262734000003555,estimated,"CodeCarbon software estimate (CPU/GPU/RAM), whole-machine Flower round scope",,,,
2026-10-04T10:27:48.891215+00:00,a922225df3e745deb3259a9293adb2eb,8,client_02,4,88,1334.3435000006139,7.498799999666517,,0.22020000142219942,60.630600000877166,,106271,,,,,,,,,,
2026-10-04T10:27:48.892216+00:00,a922225df3e745deb3259a9293adb2eb,8,client_03,4,88,1408.522300000186,5.839999999807333,,0.18839999938791152,16.77449999988312,,106298,,,,,,,,,,
2026-10-04T10:27:48.902211+00:00,a922225df3e745deb3259a9293adb2eb,8,client_04,4,86,1469.7501000009652,5.322099999830243,,0.15689999963797163,16.103400001156842,,106260,,,,,,,,,,
2026-10-04T10:27:48.911209+00:00,a922225df3e745deb3259a9293adb2eb,8,client_01,4,88,1265.856399999393,12.197300000480027,,0.3816999997070525,6.746699998984695,,106293,,,,,,,,,,
2026-10-04T10:27:48.944167+00:00,a922225df3e745deb3259a9293adb2eb,8,,4,350,,4.974700001184829,9.655000001657754,0.1508999994257465,0.5858000004081987,0.2734000008786097,,,6071.57339999867,0.7366999998339452,56.208632999987465,estimated,"CodeCarbon software estimate (CPU/GPU/RAM), whole-machine Flower round scope",,,,
2026-10-04T10:27:55.295471+00:00,a922225df3e745deb3259a9293adb2eb,9,client_03,4,88,1149.778900000456,7.134200001019053,,1.1877000015374506,19.45739999973739,,106328,,,,,,,,,,
2026-10-04T10:27:55.296645+00:00,a922225df3e745deb3259a9293adb2eb,9,client_04,4,86,1275.4533999996056,9.482800000114366,,0.194500000361586,23.82930000021588,,106323,,,,,,,,,,
2026-10-04T10:27:55.307642+00:00,a922225df3e745deb3259a9293adb2eb,9,client_01,4,88,1119.8875999998563,7.210499999928288,,1.7690000004222384,61.50280000110797,,106310,,,,,,,,,,
2026-10-04T10:27:55.317386+00:00,a922225df3e745deb3259a9293adb2eb,9,client_02,4,88,1112.6846999995905,5.9816999983013375,,1.8393999998806976,58.02919999950973,,106321,,,,,,,,,,
2026-10-04T10:27:55.350258+00:00,a922225df3e745deb3259a9293adb2eb,9,,4,350,,6.360999999742489,9.701899998617591,0.23990000045159832,1.447500000722357,0.2699999986361945,,,5886.464299999716,1.6874000011739554,54.56849199999852,estimated,"CodeCarbon software estimate (CPU/GPU/RAM), whole-machine Flower round scope",,,,
2026-10-04T10:28:01.534563+00:00,a922225df3e745deb3259a9293adb2eb,10,client_01,4,88,1060.7470000013564,5.481899999722373,,0.1689000000624219,11.86510000115959,,106282,,,,,,,,,,
2026-10-04T10:28:01.536562+00:00,a922225df3e745deb3259a9293adb2eb,10,client_02,4,88,1107.2352000010142,5.655900000419933,,0.16989999858196825,40.04220000024361,,106269,,,,,,,,,,
2026-10-04T10:28:01.546376+00:00,a922225df3e745deb3259a9293adb2eb,10,client_04,4,86,1013.1550999994943,5.647899999530637,,0.1823999991756864,17.43739999983518,,106290,,,,,,,,,,
2026-10-04T10:28:01.554373+00:00,a922225df3e745deb3259a9293adb2eb,10,client_03,4,88,1049.9134000001504,5.995999999868218,,0.18819999968400225,38.59980000015639,,106292,,,,,,,,,,
2026-10-04T10:28:01.585774+00:00,a922225df3e745deb3259a9293adb2eb,10,,4,350,,5.384300000514486,8.854899999278132,0.14120000014372636,0.8446000010735588,0.26529999922786374,,,5709.118599999783,0.9858000012172852,52.66768800000136,estimated,"CodeCarbon software estimate (CPU/GPU/RAM), whole-machine Flower round scope",,,,
2026-10-04T10:28:07.616289+00:00,a922225df3e745deb3259a9293adb2eb,11,client_02,4,88,987.8974000002927,5.559499999435502,,0.16370000048482325,20.826099998885184,,106335,,,,,,,,,,
2026-10-04T10:28:07.617292+00:00,a922225df3e745deb3259a9293adb2eb,11,client_03,4,88,938.5130999999092,6.734500000675325,,0.1793000010366086,22.860400000354275,,106335,,,,,,,,,,
2026-10-04T10:28:07.626016+00:00,a922225df3e745deb3259a9293adb2eb,11,client_04,4,86,922.8628000000754,6.076699999539414,,0.32219999957305845,21.144700000149896,,106355,,,,,,,,,,
2026-10-04T10:28:07.635013+00:00,a922225df3e745deb3259a9293adb2eb,11,client_01,4,88,909.5414000003075,5.7226999997510575,,0.17069999921659473,54.88420000074257,,106348,,,,,,,,,,
2026-10-04T10:28:07.664635+00:00,a922225df3e745deb3259a9293adb2eb,11,,4,350,,5.02039999992121,8.718200000657816,0.15899999925750308,0.609200000326382,0.2595999994809972,,,5559.9301000002015,0.7681999995838851,51.75641699999687,estimated,"CodeCarbon software estimate (CPU/GPU/RAM), whole-machine Flower round scope",,,,
2026-10-04T10:28:13.600497+00:00,a922225df3e745deb3259a9293adb2eb,12,client_01,4,88,966.4869999996881,5.495399998835637,,0.15779999921505805,38.100500001746695,,106451,,,,,,,,,,
2026-10-04T10:28:13.601496+00:00,a922225df3e745deb3259a9293adb2eb,12,client_04,4,86,935.2803000001586,6.426599999031168,,0.34950000008393545,16.45269999971788,,106466,,,,,,,,,,
2026-10-04T10:28:13.610493+00:00,a922225df3e745deb3259a9293adb2eb,12,client_03,4,88,955.9463999994477,6.872100000691717,,0.22170000011101365,26.11330000036105,,106440,,,,,,,,,,
2026-10-04T10:28:13.619241+00:00,a922225df3e745deb3259a9293adb2eb,12,client_02,4,88,971.1865000008402,5.535599999348051,,0.2148000003217021,44.61710000032326,,106437,,,,,,,,,,
2026-10-04T10:28:13.648858+00:00,a922225df3e745deb3259a9293adb2eb,12,,4,350,,5.191299998841714,8.559899999454501,0.14960000044084154,0.566400000025169,0.31549999948765617,,,5526.897700001427,0.7160000004660105,51.43608500000482,estimated,"CodeCarbon software estimate (CPU/GPU/RAM), whole-machine Flower round scope",,,,
2026-10-04T10:28:20.750450+00:00,a922225df3e745deb3259a9293adb2eb,13,client_01,4,88,2026.248600001054,12.302099999942584,,0.5952999999863096,35.80889999830106,,106550,,,,,,,,,,
2026-10-04T10:28:20.752450+00:00,a922225df3e745deb3259a9293adb2eb,13,client_02,4,88,1889.6445000009408,20.49309999893012,,0.19860000065818895,11.742400000002817,,106555,,,,,,,,,,
2026-10-04T10:28:20.764445+00:00,a922225df3e745deb3259a9293adb2eb,13,client_03,4,88,2041.7943000011292,23.550500000055763,,0.7303000002139015,13.035399999353103,,106563,,,,,,,,,,
2026-10-04T10:28:20.774442+00:00,a922225df3e745deb3259a9293adb2eb,13,client_04,4,86,2123.3134000012797,7.153700000344543,,0.19189999875379726,13.992100000905339,,106541,,,,,,,,,,
2026-10-04T10:28:20.810431+00:00,a922225df3e745deb3259a9293adb2eb,13,,4,350,,6.681200000457466,9.949499999493128,0.17779999870981555,1.124599999457132,0.3913000000466127,,,6692.082499999742,1.3023999981669476,62.84977100000105,estimated,"CodeCarbon software estimate (CPU/GPU/RAM), whole-machine Flower round scope",,,,
2026-10-04T10:28:28.400979+00:00,a922225df3e745deb3259a9293adb2eb,14,client_04,4,86,1736.6038000000117,7.243699999889941,,0.16789999972388614,35.92039999966801,,106680,,,,,,,,,,
2026-10-04T10:28:28.400979+00:00,a922225df3e745deb3259a9293adb2eb,14,client_03,4,88,1710.918099999617,7.101300001522759,,0.23949999922479037,48.31860000012966,,106703,,,,,,,,,,
2026-10-04T10:28:28.414577+00:00,a922225df3e745deb3259a9293adb2eb,14,client_02,4,88,1672.1169000011287,5.973999999696389,,0.6563999995705672,38.101000000096974,,106659,,,,,,,,,,
2026-10-04T10:28:28.427260+00:00,a922225df3e745deb3259a9293adb2eb,14,client_01,4,88,1719.4380999990244,7.039599999188795,,0.22030000036465935,8.754399999816087,,106644,,,,,,,,,,
2026-10-04T10:28:28.463449+00:00,a922225df3e745deb3259a9293adb2eb,14,,4,350,,8.034300000872463,10.433799998281756,0.23230000078910962,1.0098999991896562,0.29069999982311856,,,6617.9479000002175,1.2421999999787658,59.120045999989095,estimated,"CodeCarbon software estimate (CPU/GPU/RAM), whole-machine Flower round scope",,,,
2026-10-04T10:28:35.646090+00:00,a922225df3e745deb3259a9293adb2eb,15,client_03,4,88,1768.5925000005227,8.892199999536388,,0.20930000027874485,17.571299998962786,,106676,,,,,,,,,,
2026-10-04T10:28:35.647185+00:00,a922225df3e745deb3259a9293adb2eb,15,client_01,4,88,1661.2715999999637,20.13939999960712,,0.7683999992877943,10.119100001247716,,106673,,,,,,,,,,
2026-10-04T10:28:35.659642+00:00,a922225df3e745deb3259a9293adb2eb,15,client_04,4,86,1815.374800000427,5.230299999311683,,0.15860000166867394,13.061199999356177,,106643,,,,,,,,,,
2026-10-04T10:28:35.670143+00:00,a922225df3e745deb3259a9293adb2eb,15,client_02,4,88,1567.801999999574,9.06560000112222,,0.20880000010947697,40.69390000040585,,106634,,,,,,,,,,
2026-10-04T10:28:35.699339+00:00,a922225df3e745deb3259a9293adb2eb,15,,4,350,,5.533199999263161,11.805500002083136,0.16010000035748817,0.7848999975976767,0.5821999984618742,,,6641.1078000001,0.9449999979551649,59.835748999994394,estimated,"CodeCarbon software estimate (CPU/GPU/RAM), whole-machine Flower round scope",,,,
2026-10-04T10:28:42.238479+00:00,a922225df3e745deb3259a9293adb2eb,16,client_04,4,86,1398.344499999439,6.1429000015778,,0.15320000056817662,14.034900001206552,,106770,,,,,,,,,,
2026-10-04T10:28:42.239480+00:00,a922225df3e745deb3259a9293adb2eb,16,client_02,4,88,1374.129299998458,8.887600000889506,,0.16490000052726828,15.198699999018572,,106764,,,,,,,,,,
2026-10-04T10:28:42.249477+00:00,a922225df3e745deb3259a9293adb2eb,16,client_01,4,88,1263.2771999997203,8.764700000028824,,0.20059999951627105,43.333999999958905,,106770,,,,,,,,,,
2026-10-04T10:28:42.258474+00:00,a922225df3e745deb3259a9293adb2eb,16,client_03,4,88,1275.9956999998394,7.456100000126753,,0.5154999998921994,39.97969999909401,,106754,,,,,,,,,,
2026-10-04T10:28:42.290464+00:00,a922225df3e745deb3259a9293adb2eb,16,,4,350,,7.150200000978657,10.138900001038564,0.16450000111944973,0.6215000012161909,0.2616000001580687,,,6034.475100001146,0.7860000023356406,55.482052000006654,estimated,"CodeCarbon software estimate (CPU/GPU/RAM), whole-machine Flower round scope",,,,
2026-10-04T10:28:48.739216+00:00,a922225df3e745deb3259a9293adb2eb,17,client_02,4,88,1220.7078999999794,11.658299999908195,,0.21180000112508424,45.55079999954614,,106706,,,,,,,,,,
2026-10-04T10:28:48.740215+00:00,a922225df3e745deb3259a9293adb2eb,17,client_01,4,88,1310.7617999994545,6.499399998574518,,0.16320000031555537,16.313300000547315,,106719,,,,,,,,,,
2026-10-04T10:28:48.750213+00:00,a922225df3e745deb3259a9293adb2eb,17,client_03,4,88,1242.4683999997796,9.507200000371085,,0.21999999989930075,12.386099999275757,,106729,,,,,,,,,,
2026-10-04T10:28:48.760209+00:00,a922225df3e745deb3259a9293adb2eb,17,client_04,4,86,1347.1208000009938,7.669299999179202,,0.17730000035953708,13.097900000502705,,106732,,,,,,,,,,
2026-10-04T10:28:48.797179+00:00,a922225df3e745deb3259a9293adb2eb,17,,4,350,,6.116700000347919,11.627299998508533,0.16320000031555537,0.7508999988203868,0.3769999984797323,,,5976.565599999958,0.9140999991359422,55.256558999990375,estimated,"CodeCarbon software estimate (CPU/GPU/RAM), whole-machine Flower round scope",,,,
2026-10-04T10:28:55.464748+00:00,a922225df3e745deb3259a9293adb2eb,18,client_03,4,88,1255.9259999998176,9.690900000350666,,0.4503999989537988,46.86009999932139,,106779,,,,,,,,,,
2026-10-04T10:28:55.465763+00:00,a922225df3e745deb3259a9293adb2eb,18,client_02,4,88,1184.1664999992645,5.8584999987942865,,0.18480000107956585,6.46720000077039,,106768,,,,,,,,,,
2026-10-04T10:28:55.476745+00:00,a922225df3e745deb3259a9293adb2eb,18,client_01,4,88,1229.6827000009216,8.516300000337651,,0.30300000071292743,59.75190000026487,,106804,,,,,,,,,,
2026-10-04T10:28:55.485743+00:00,a922225df3e745deb3259a9293adb2eb,18,client_04,4,86,1176.5902000006463,5.348000000594766,,0.17210000078193843,4.8696999983803835,,106804,,,,,,,,,,
2026-10-04T10:28:55.517731+00:00,a922225df3e745deb3259a9293adb2eb,18,,4,350,,6.544800000483519,9.749400000146125,0.26789999901666306,0.7408000001305481,0.27580000096349977,,,6127.072600000247,1.0086999991472112,54.46251699999266,estimated,"CodeCarbon software estimate (CPU/GPU/RAM), whole-machine Flower round scope",,,,
2026-10-04T10:29:02.275309+00:00,a922225df3e745deb3259a9293adb2eb,19,client_02,4,88,1450.525000000198,11.100100000476232,,0.17720000141707715,38.035400000808295,,106711,,,,,,,,,,
2026-10-04T10:29:02.276308+00:00,a922225df3e745deb3259a9293adb2eb,19,client_03,4,88,1601.9435999987763,6.338299999697483,,0.16569999934290536,8.87479999983043,,106701,,,,,,,,,,
2026-10-04T10:29:02.286305+00:00,a922225df3e745deb3259a9293adb2eb,19,client_01,4,88,1557.9846999989968,6.4925999995466555,,0.2196000004914822,64.6298999999999,,106713,,,,,,,,,,
2026-10-04T10:29:02.295303+00:00,a922225df3e745deb3259a9293adb2eb,19,client_04,4,86,1585.5314999989787,6.1981999988347525,,3.6861000007775147,40.779400000246824,,106719,,,,,,,,,,
2026-10-04T10:29:02.329291+00:00,a922225df3e745deb3259a9293adb2eb,19,,4,350,,5.178699999305536,9.947400001692586,0.1320000010309741,0.637799999822164,0.28050000037183054,,,6236.375500000577,0.769800000853138,57.8974609999932,estimated,"CodeCarbon software estimate (CPU/GPU/RAM), whole-machine Flower round scope",,,,
2026-10-04T10:29:08.752774+00:00,a922225df3e745deb3259a9293adb2eb,20,client_04,4,86,1199.5908999997482,6.345300000248244,,0.21840000044903718,35.028300000703894,,106687,,,,,,,,,,
2026-10-04T10:29:08.752774+00:00,a922225df3e745deb3259a9293adb2eb,20,client_02,4,88,1101.7942000016774,9.096099998714635,,0.7489999989047647,59.561300000495976,,106632,,,,,,,,,,
2026-10-04T10:29:08.766343+00:00,a922225df3e745deb3259a9293adb2eb,20,client_01,4,88,1132.7188000013848,12.581900000441237,,0.20179999955871608,38.65790000054403,,106659,,,,,,,,,,
2026-10-04T10:29:08.782334+00:00,a922225df3e745deb3259a9293adb2eb,20,client_03,4,88,1164.6083000014187,6.270800000493182,,0.47110000014072284,64.09220000023197,,106632,,,,,,,,,,
2026-10-04T10:29:08.819722+00:00,a922225df3e745deb3259a9293adb2eb,20,,4,350,,6.512199999633594,9.55950000025041,0.1922999999806052,0.7077000009303447,0.46070000098552555,,,5946.9652000007045,0.9000000009109499,54.01781099999426,estimated,"CodeCarbon software estimate (CPU/GPU/RAM), whole-machine Flower round scope",,,,
2026-10-04T10:29:21.287781+00:00,c6201425117045d48f98b3ecdcbf2e0e,1,client_02,4,88,5701.126300000396,73.30519999959506,,3.399100000024191,46.07489999943937,,106719,,,,,,,,,,
2026-10-04T10:29:21.287781+00:00,c6201425117045d48f98b3ecdcbf2e0e,1,client_03,4,88,6821.791000000303,5.943699999988894,,0.15580000035697594,16.004200000679702,,106742,,,,,,,,,,
2026-10-04T10:29:21.302259+00:00,c6201425117045d48f98b3ecdcbf2e0e,1,client_01,4,88,6695.592000000033,5.696199999874807,,0.17449999904783908,21.457900000314112,,106731,,,,,,,,,,
2026-10-04T10:29:21.310250+00:00,c6201425117045d48f98b3ecdcbf2e0e,1,client_04,4,86,6533.799900000304,5.319899999449262,,0.16420000065409113,58.279400000174064,,106707,,,,,,,,,,
2026-10-04T10:29:21.341283+00:00,c6201425117045d48f98b3ecdcbf2e0e,1,,4,350,,4.896799999187351,9.896699999444536,0.14240000018617138,0.6542999999510357,0.44209999941813294,,,11420.87410000022,0.7967000001372071,109.79355000001306,estimated,"CodeCarbon software estimate (CPU/GPU/RAM), whole-machine Flower round scope",,,,
2026-10-04T10:29:27.688934+00:00,c6201425117045d48f98b3ecdcbf2e0e,2,client_03,4,88,946.9097000001057,5.859200000486453,,0.3245999996579485,39.11169999992126,,106701,,,,,,,,,,
2026-10-04T10:29:27.688934+00:00,c6201425117045d48f98b3ecdcbf2e0e,2,client_04,4,86,970.2914999998029,5.38560000131838,,0.16080000023066532,39.82690000157163,,106693,,,,,,,,,,
2026-10-04T10:29:27.702119+00:00,c6201425117045d48f98b3ecdcbf2e0e,2,client_01,4,88,925.9048999992956,8.006499998373329,,0.18970000019180588,16.731200001231628,,106696,,,,,,,,,,
2026-10-04T10:29:27.717776+00:00,c6201425117045d48f98b3ecdcbf2e0e,2,client_02,4,88,916.1406000002899,14.257100001486833,,0.19419999989622738,20.702900001197122,,106706,,,,,,,,,,
2026-10-04T10:29:27.751461+00:00,c6201425117045d48f98b3ecdcbf2e0e,2,,4,350,,5.700899999283138,8.657100002892548,0.1619000013306504,0.6627000020671403,0.296499998512445,,,5565.954800000327,0.8246000033977907,51.40963199999533,estimated,"CodeCarbon software estimate (CPU/GPU/RAM), whole-machine Flower round scope",,,,
2026-10-04T10:29:33.944405+00:00,c6201425117045d48f98b3ecdcbf2e0e,3,client_03,4,88,1250.8615000006102,5.843799999638577,,0.18069999896397348,37.42409999904339,,106732,,,,,,,,,,
2026-10-04T10:29:33.945405+00:00,c6201425117045d48f98b3ecdcbf2e0e,3,client_01,4,88,1148.5761999992974,12.926899999001762,,0.1747999995131977,9.159400000498863,,106714,,,,,,,,,,
2026-10-04T10:29:33.955403+00:00,c6201425117045d48f98b3ecdcbf2e0e,3,client_04,4,86,1160.2331999984017,9.289699999499135,,0.16280000090773683,11.152499999298016,,106735,,,,,,,,,,
2026-10-04T10:29:33.959595+00:00,c6201425117045d48f98b3ecdcbf2e0e,3,client_02,4,88,1257.0642999999109,5.637299998852541,,1.4843999997538049,30.653499999971245,,106708,,,,,,,,,,
2026-10-04T10:29:34.072836+00:00,c6201425117045d48f98b3ecdcbf2e0e,3,,4,350,,6.040700000085053,9.98260000233131,0.1666999996814411,0.7298000000446336,0.30700000024808105,,,5798.031100001026,0.8964999997260747,54.3315100000109,estimated,"CodeCarbon software estimate (CPU/GPU/RAM), whole-machine Flower round scope",,,,
2026-10-04T10:29:40.531446+00:00,c6201425117045d48f98b3ecdcbf2e0e,4,client_04,4,86,1258.9598000013211,7.040300000880961,,0.2193000000261236,11.621300000115298,,106770,,,,,,,,,,
2026-10-04T10:29:40.533445+00:00,c6201425117045d48f98b3ecdcbf2e0e,4,client_01,4,88,1260.7277000006434,7.269600000654464,,0.2251999994768994,2.9252000003907597,,106786,,,,,,,,,,
2026-10-04T10:29:40.543442+00:00,c6201425117045d48f98b3ecdcbf2e0e,4,client_02,4,88,1195.7994999993389,8.016300000235788,,1.5423000004375353,4.852099998970516,,106785,,,,,,,,,,
2026-10-04T10:29:40.553438+00:00,c6201425117045d48f98b3ecdcbf2e0e,4,client_03,4,88,1227.8726999993523,6.667600000582752,,0.19350000002305023,30.41069999926549,,106761,,,,,,,,,,
2026-10-04T10:29:40.587428+00:00,c6201425117045d48f98b3ecdcbf2e0e,4,,4,350,,5.341900001440081,10.388600001533632,0.18670000099518802,0.8418999987043208,0.281300001006457,,,5913.095699999758,1.0285999996995088,55.00976600000286,estimated,"CodeCarbon software estimate (CPU/GPU/RAM), whole-machine Flower round scope",,,,
2026-10-04T10:29:46.758627+00:00,c6201425117045d48f98b3ecdcbf2e0e,5,client_03,4,88,1091.6274999999587,10.466100000485312,,0.44999999954598024,11.542000000190455,,106758,,,,,,,,,,
2026-10-04T10:29:46.758627+00:00,c6201425117045d48f98b3ecdcbf2e0e,5,client_01,4,88,1111.6081999989547,6.4419000009365845,,0.29100000028847717,33.39839999898686,,106754,,,,,,,,,,
2026-10-04T10:29:46.758627+00:00,c6201425117045d48f98b3ecdcbf2e0e,5,client_04,4,86,1111.7856000000756,6.152099998871563,,0.8161999994626967,10.282900000675,,106758,,,,,,,,,,
2026-10-04T10:29:46.771790+00:00,c6201425117045d48f98b3ecdcbf2e0e,5,client_02,4,88,1068.8255000004574,8.391899998969166,,0.26199999956588726,31.340099998487858,,106780,,,,,,,,,,
2026-10-04T10:29:46.812222+00:00,c6201425117045d48f98b3ecdcbf2e0e,5,,4,350,,5.539499999940745,9.484900001552887,0.21099999867146835,0.8263000017905142,0.3040999999939231,,,5707.446999998865,1.0373000004619826,52.69677500000398,estimated,"CodeCarbon software estimate (CPU/GPU/RAM), whole-machine Flower round scope",,,,
2026-10-04T10:29:52.812878+00:00,c6201425117045d48f98b3ecdcbf2e0e,6,client_02,4,88,871.6663000013796,6.989600000451901,,0.1795999996829778,67.512199999328,,106757,,,,,,,,,,
2026-10-04T10:29:52.813695+00:00,c6201425117045d48f98b3ecdcbf2e0e,6,client_03,4,88,864.9276999985887,9.519799999907264,,0.289100000372855,75.7223000000522,,106768,,,,,,,,,,
2026-10-04T10:29:52.813695+00:00,c6201425117045d48f98b3ecdcbf2e0e,6,client_04,4,86,877.9835000004823,15.5668000006699,,0.8084000000962988,24.467600000207312,,106750,,,,,,,,,,
2026-10-04T10:29:52.826783+00:00,c6201425117045d48f98b3ecdcbf2e0e,6,client_01,4,88,914.6490999992238,5.225699998845812,,0.286600001345505,15.06599999993341,,106792,,,,,,,,,,
2026-10-04T10:29:52.864651+00:00,c6201425117045d48f98b3ecdcbf2e0e,6,,4,350,,5.406100000982406,8.717600001546089,0.17050000133167487,0.671600000714534,0.6823000003350899,,,5523.6623999990115,0.8421000020462088,51.07318700000178,estimated,"CodeCarbon software estimate (CPU/GPU/RAM), whole-machine Flower round scope",,,,
2026-10-04T10:29:58.926894+00:00,c6201425117045d48f98b3ecdcbf2e0e,7,client_04,4,86,942.7046000000701,6.944400000065798,,0.35709999974642415,15.396400000099675,,106812,,,,,,,,,,
2026-10-04T10:29:58.927891+00:00,c6201425117045d48f98b3ecdcbf2e0e,7,client_03,4,88,994.0513000001374,6.258800000068732,,0.1801999987947056,50.55259999971895,,106819,,,,,,,,,,
2026-10-04T10:29:58.934850+00:00,c6201425117045d48f98b3ecdcbf2e0e,7,client_02,4,88,983.5983000011765,11.769500000809785,,0.3409999990253709,11.118799999167095,,106805,,,,,,,,,,
2026-10-04T10:29:58.947347+00:00,c6201425117045d48f98b3ecdcbf2e0e,7,client_01,4,88,953.0008999990969,11.152299999594106,,0.5000000001018634,54.567400000451016,,106800,,,,,,,,,,
2026-10-04T10:29:58.974463+00:00,c6201425117045d48f98b3ecdcbf2e0e,7,,4,350,,6.292099998972844,9.484800000791438,0.17599999955564272,0.7649000035598874,0.277299999652314,,,5663.255500001469,0.9409000031155301,51.83322099999714,estimated,"CodeCarbon software estimate (CPU/GPU/RAM), whole-machine Flower round scope",,,,
2026-10-04T10:30:05.455744+00:00,c6201425117045d48f98b3ecdcbf2e0e,8,client_04,4,86,849.0731999991112,7.780500000080792,,0.20529999892460182,17.024700000547455,,106822,,,,,,,,,,
2026-10-04T10:30:05.455744+00:00,c6201425117045d48f98b3ecdcbf2e0e,8,client_02,4,88,859.0380000005098,5.4454000000987435,,0.18249999993713573,39.11119999975199,,106840,,,,,,,,,,
2026-10-04T10:30:05.471370+00:00,c6201425117045d48f98b3ecdcbf2e0e,8,client_01,4,88,819.9776999990718,8.033199999772478,,1.3301999988470925,54.07750000085798,,106830,,,,,,,,,,
2026-10-04T10:30:05.471370+00:00,c6201425117045d48f98b3ecdcbf2e0e,8,client_03,4,88,837.7435999991576,7.679199999984121,,1.9154000001435634,17.25850000002538,,106833,,,,,,,,,,
2026-10-04T10:30:05.502620+00:00,c6201425117045d48f98b3ecdcbf2e0e,8,,4,350,,5.221599998549209,8.88880000275094,0.13720000060857274,0.6820999988121912,0.2762000003713183,,,5694.279400000596,0.8192999994207639,50.2297929999986,estimated,"CodeCarbon software estimate (CPU/GPU/RAM), whole-machine Flower round scope",,,,
2026-10-04T10:30:11.742256+00:00,c6201425117045d48f98b3ecdcbf2e0e,9,client_04,4,86,855.897700001151,9.13109999964945,,0.24589999884483404,18.529499999203836,,106876,,,,,,,,,,
2026-10-04T10:30:11.743256+00:00,c6201425117045d48f98b3ecdcbf2e0e,9,client_03,4,88,886.4659999999276,7.973600000696024,,0.17380000099365134,11.651200000414974,,106880,,,,,,,,,,
2026-10-04T10:30:11.752373+00:00,c6201425117045d48f98b3ecdcbf2e0e,9,client_01,4,88,868.8051000008272,5.646600000545732,,0.18459999955666717,11.346799999955692,,106865,,,,,,,,,,
2026-10-04T10:30:11.760365+00:00,c6201425117045d48f98b3ecdcbf2e0e,9,client_02,4,88,896.7432999997982,8.926799999244395,,0.8950999999797205,12.208299998746952,,106871,,,,,,,,,,
2026-10-04T10:30:11.788666+00:00,c6201425117045d48f98b3ecdcbf2e0e,9,,4,350,,5.564000000958913,9.403499998370535,0.1694999991741497,6.9456999972317135,0.3195999997842591,,,5491.250600000058,7.115199996405863,50.5370210000001,estimated,"CodeCarbon software estimate (CPU/GPU/RAM), whole-machine Flower round scope",,,,
2026-10-04T10:30:17.641710+00:00,c6201425117045d48f98b3ecdcbf2e0e,10,client_02,4,88,843.9428999990923,5.496499999935622,,0.1419000000169035,97.2870999994484,,106879,,,,,,,,,,
2026-10-04T10:30:17.642710+00:00,c6201425117045d48f98b3ecdcbf2e0e,10,client_03,4,88,841.2411000008433,6.937800000741845,,0.17610000031709205,39.74449999986973,,106866,,,,,,,,,,
2026-10-04T10:30:17.650708+00:00,c6201425117045d48f98b3ecdcbf2e0e,10,client_01,4,88,843.9440000001923,7.291800000530202,,0.17110000044340268,42.14270000011311,,106879,,,,,,,,,,
2026-10-04T10:30:17.655321+00:00,c6201425117045d48f98b3ecdcbf2e0e,10,client_04,4,86,859.2798999998195,5.469699999594013,,0.17019999904732686,41.48970000096597,,106863,,,,,,,,,,
2026-10-04T10:30:17.682944+00:00,c6201425117045d48f98b3ecdcbf2e0e,10,,4,350,,5.5049000002327375,8.527199999662116,0.18170000112149864,0.6751000000804197,0.2719000003708061,,,5437.338899999304,0.8568000012019183,50.4930990000139,estimated,"CodeCarbon software estimate (CPU/GPU/RAM), whole-machine Flower round scope",,,,
2026-10-04T10:30:23.569312+00:00,c6201425117045d48f98b3ecdcbf2e0e,11,client_01,4,88,839.956699999675,6.824899999628542,,0.28079999901819974,21.379800000431715,,106918,,,,,,,,,,
2026-10-04T10:30:23.570312+00:00,c6201425117045d48f98b3ecdcbf2e0e,11,client_02,4,88,859.6864999999525,7.040099999358063,,2.1278000003803754,19.693600001119194,,106920,,,,,,,,,,
2026-10-04T10:30:23.576487+00:00,c6201425117045d48f98b3ecdcbf2e0e,11,client_03,4,88,885.7318999998824,5.292299998473027,,0.17010000010486692,24.3929999996908,,106946,,,,,,,,,,
2026-10-04T10:30:23.576487+00:00,c6201425117045d48f98b3ecdcbf2e0e,11,client_04,4,86,848.6255999996501,5.516600000191829,,0.19640000027720816,67.23590000001423,,106926,,,,,,,,,,
2026-10-04T10:30:23.616372+00:00,c6201425117045d48f98b3ecdcbf2e0e,11,,4,350,,5.854699998963042,15.179099998931633,0.17219999972439837,1.1145000007672934,0.28469999961089343,,,5480.438499998854,1.2867000004916918,50.75146700000914,estimated,"CodeCarbon software estimate (CPU/GPU/RAM), whole-machine Flower round scope",,,,
2026-10-04T10:30:29.417101+00:00,c6201425117045d48f98b3ecdcbf2e0e,12,client_03,4,88,802.3109000005206,6.745099999534432,,0.5573999987973366,9.712200000649318,,106833,,,,,,,,,,
2026-10-04T10:30:29.417101+00:00,c6201425117045d48f98b3ecdcbf2e0e,12,client_01,4,88,794.3215999985114,6.363499998769839,,0.19830000019283034,29.05760000066948,,106806,,,,,,,,,,
2026-10-04T10:30:29.431770+00:00,c6201425117045d48f98b3ecdcbf2e0e,12,client_02,4,88,839.1429000002972,5.7582999997976,,0.1717000013741199,14.625499999965541,,106832,,,,,,,,,,
2026-10-04T10:30:29.439767+00:00,c6201425117045d48f98b3ecdcbf2e0e,12,client_04,4,86,817.834600000424,6.700400001136586,,0.9527000001980923,11.88199999887729,,106796,,,,,,,,,,
2026-10-04T10:30:29.470800+00:00,c6201425117045d48f98b3ecdcbf2e0e,12,,4,350,,5.052399999840418,9.378699996887008,0.15640000128769316,0.7219000017357757,0.2891999993153149,,,5377.690999999686,0.8783000030234689,49.99515400000745,estimated,"CodeCarbon software estimate (CPU/GPU/RAM), whole-machine Flower round scope",,,,
2026-10-04T10:30:35.282313+00:00,c6201425117045d48f98b3ecdcbf2e0e,13,client_02,4,88,875.5633000000671,5.047900000135996,,0.15870000061113387,17.10839999941527,,106727,,,,,,,,,,
2026-10-04T10:30:35.283975+00:00,c6201425117045d48f98b3ecdcbf2e0e,13,client_04,4,86,801.8465000004653,6.81819999954314,,0.3570000008039642,10.016000000177883,,106708,,,,,,,,,,
2026-10-04T10:30:35.284851+00:00,c6201425117045d48f98b3ecdcbf2e0e,13,client_01,4,88,818.3143999995082,5.777200000011362,,0.1750999999785563,9.71909999861964,,106692,,,,,,,,,,
2026-10-04T10:30:35.302359+00:00,c6201425117045d48f98b3ecdcbf2e0e,13,client_03,4,88,804.7963000008167,5.333799999789335,,0.1475000008213101,15.631399999620044,,106726,,,,,,,,,,
2026-10-04T10:30:35.323618+00:00,c6201425117045d48f98b3ecdcbf2e0e,13,,4,350,,5.933300000833697,8.167799998773262,0.15690000145696104,0.6242999970709207,0.2441000015096506,,,5416.150200000629,0.7811999985278817,50.217389000008545,estimated,"CodeCarbon software estimate (CPU/GPU/RAM), whole-machine Flower round scope",,,,
2026-10-04T10:30:41.165252+00:00,c6201425117045d48f98b3ecdcbf2e0e,14,client_02,4,88,842.2202999990986,9.227099999407073,,0.2023999986704439,22.07519999865326,,106682,,,,,,,,,,
2026-10-04T10:30:41.165252+00:00,c6201425117045d48f98b3ecdcbf2e0e,14,client_03,4,88,878.9944000000105,8.618699999715318,,0.8656000009068521,20.6770000004326,,106668,,,,,,,,,,
2026-10-04T10:30:41.179133+00:00,c6201425117045d48f98b3ecdcbf2e0e,14,client_04,4,86,869.3782999998803,5.53579999905196,,0.17070000103558414,24.604100000942708,,106676,,,,,,,,,,
2026-10-04T10:30:41.187131+00:00,c6201425117045d48f98b3ecdcbf2e0e,14,client_01,4,88,855.3544000005786,9.41150000107882,,0.38409999979194254,29.433600000629667,,106689,,,,,,,,,,
2026-10-04T10:30:41.219022+00:00,c6201425117045d48f98b3ecdcbf2e0e,14,,4,350,,5.310099999405793,9.172899999612127,0.1542999998491723,0.7968000008986564,0.32730000020819716,,,5446.22469999922,0.9511000007478287,50.70291400001224,estimated,"CodeCarbon software estimate (CPU/GPU/RAM), whole-machine Flower round scope",,,,
2026-10-04T10:30:47.019336+00:00,c6201425117045d48f98b3ecdcbf2e0e,15,client_03,4,88,785.6969000004028,7.40129999940109,,0.23809999947843608,14.538200000970392,,106597,,,,,,,,,,
2026-10-04T10:30:47.019336+00:00,c6201425117045d48f98b3ecdcbf2e0e,15,client_04,4,86,837.5381000005291,5.273799999486073,,0.16529999993508682,35.96850000030827,,106616,,,,,,,,,,
2026-10-04T10:30:47.038099+00:00,c6201425117045d48f98b3ecdcbf2e0e,15,client_02,4,88,824.2001999988133,5.465000000185682,,0.17190000107802916,40.71720000138157,,106582,,,,,,,,,,
2026-10-04T10:30:47.047371+00:00,c6201425117045d48f98b3ecdcbf2e0e,15,client_01,4,88,817.8373999999167,7.983899999089772,,0.18530000124883372,17.94010000048729,,106564,,,,,,,,,,
2026-10-04T10:30:47.077903+00:00,c6201425117045d48f98b3ecdcbf2e0e,15,,4,350,,5.447300000014366,8.918999998059007,0.2440999996906612,0.7485999994969461,0.2602000004117144,,,5394.016199999896,0.9926999991876073,50.08818500000416,estimated,"CodeCarbon software estimate (CPU/GPU/RAM), whole-machine Flower round scope",,,,
2026-10-04T10:30:52.915016+00:00,c6201425117045d48f98b3ecdcbf2e0e,16,client_03,4,88,844.7845999999117,5.639599999994971,,0.19350000002305023,55.92410000099335,,106540,,,,,,,,,,
2026-10-04T10:30:52.916015+00:00,c6201425117045d48f98b3ecdcbf2e0e,16,client_04,4,86,824.5619000008446,6.710600000587874,,0.19069999871135224,24.370099999941885,,106551,,,,,,,,,,
2026-10-04T10:30:52.924013+00:00,c6201425117045d48f98b3ecdcbf2e0e,16,client_02,4,88,832.8366999994614,6.522399999084882,,0.34670000059122685,21.448100000270642,,106568,,,,,,,,,,
2026-10-04T10:30:52.927048+00:00,c6201425117045d48f98b3ecdcbf2e0e,16,client_01,4,88,824.6554999986984,6.886099999974249,,0.15940000048431102,57.9422999999224,,106552,,,,,,,,,,
2026-10-04T10:30:52.967735+00:00,c6201425117045d48f98b3ecdcbf2e0e,16,,4,350,,10.444300000017392,8.321100000102888,0.1616000008652918,0.661000000036438,0.2583999994385522,,,5446.01750000038,0.8226000009017298,50.57317400000102,estimated,"CodeCarbon software estimate (CPU/GPU/RAM), whole-machine Flower round scope",,,,
2026-10-04T10:30:58.853158+00:00,c6201425117045d48f98b3ecdcbf2e0e,17,client_01,4,88,871.6905000001134,7.04070000028878,,0.1706000002741348,26.501700000153505,,106490,,,,,,,,,,
2026-10-04T10:30:58.854157+00:00,c6201425117045d48f98b3ecdcbf2e0e,17,client_04,4,86,830.9247999986837,6.836900000052992,,1.0335999995731981,65.39820000034524,,106479,,,,,,,,,,
2026-10-04T10:30:58.860078+00:00,c6201425117045d48f98b3ecdcbf2e0e,17,client_03,4,88,815.3922999990755,7.141000000046915,,0.38379999932658393,65.16209999972489,,106473,,,,,,,,,,
2026-10-04T10:30:58.860078+00:00,c6201425117045d48f98b3ecdcbf2e0e,17,client_02,4,88,888.2705999985774,5.501000001459033,,0.170899998920504,33.79469999890716,,106473,,,,,,,,,,
2026-10-04T10:30:58.903486+00:00,c6201425117045d48f98b3ecdcbf2e0e,17,,4,350,,5.173199999262579,9.165300001768628,0.130899999930989,0.8189999989554053,0.2778999987640418,,,5473.258999998507,0.9498999988863943,50.855307999991055,estimated,"CodeCarbon software estimate (CPU/GPU/RAM), whole-machine Flower round scope",,,,
2026-10-04T10:31:04.755107+00:00,c6201425117045d48f98b3ecdcbf2e0e,18,client_04,4,86,835.9443000008469,5.9685999985958915,,0.16710000090824906,29.2927000009513,,106477,,,,,,,,,,
2026-10-04T10:31:04.755107+00:00,c6201425117045d48f98b3ecdcbf2e0e,18,client_02,4,88,860.3839999996126,5.258899998807465,,0.16449999930046033,67.61050000022806,,106446,,,,,,,,,,
2026-10-04T10:31:04.768736+00:00,c6201425117045d48f98b3ecdcbf2e0e,18,client_03,4,88,826.1075999998866,6.518500000311178,,0.8436000007350231,23.97019999989425,,106454,,,,,,,,,,
2026-10-04T10:31:04.781962+00:00,c6201425117045d48f98b3ecdcbf2e0e,18,client_01,4,88,813.1518000009237,8.47070000054373,,0.18500000078347512,26.3768999993772,,106441,,,,,,,,,,
2026-10-04T10:31:04.820969+00:00,c6201425117045d48f98b3ecdcbf2e0e,18,,4,350,,5.530299999009003,9.003799999845796,0.4378000012366101,0.6799000002501998,0.24479999956383836,,,5469.66699999939,1.11770000148681,50.77439900000172,estimated,"CodeCarbon software estimate (CPU/GPU/RAM), whole-machine Flower round scope",,,,
2026-10-04T10:31:10.642385+00:00,c6201425117045d48f98b3ecdcbf2e0e,19,client_04,4,86,844.3528999996488,6.770699999833596,,0.20000000040454324,19.3675999998959,,106423,,,,,,,,,,
2026-10-04T10:31:10.643385+00:00,c6201425117045d48f98b3ecdcbf2e0e,19,client_02,4,88,838.8904000003095,5.425100000138627,,0.1663999992160825,46.28650000086054,,106436,,,,,,,,,,
2026-10-04T10:31:10.649392+00:00,c6201425117045d48f98b3ecdcbf2e0e,19,client_01,4,88,825.6486000009318,6.336399999781861,,0.9592999995220453,42.70160000123724,,106419,,,,,,,,,,
2026-10-04T10:31:10.662043+00:00,c6201425117045d48f98b3ecdcbf2e0e,19,client_03,4,88,840.181699999448,5.5685000006633345,,0.16680000044289045,40.53999999996449,,106394,,,,,,,,,,
2026-10-04T10:31:10.688376+00:00,c6201425117045d48f98b3ecdcbf2e0e,19,,4,350,,4.899300000033691,8.684999998877174,0.11889999950653873,0.6784999986848561,0.2652000002854038,,,5424.313899999106,0.7973999981913948,50.424867999990965,estimated,"CodeCarbon software estimate (CPU/GPU/RAM), whole-machine Flower round scope",,,,
2026-10-04T10:31:16.551747+00:00,c6201425117045d48f98b3ecdcbf2e0e,20,client_04,4,86,816.8354999997973,5.7210999984818045,,0.23600000167789403,59.955599999739206,,106380,,,,,,,,,,
2026-10-04T10:31:16.552747+00:00,c6201425117045d48f98b3ecdcbf2e0e,20,client_03,4,88,846.2465000011434,5.285700000968063,,0.1663999992160825,57.563000000300235,,106371,,,,,,,,,,
2026-10-04T10:31:16.556602+00:00,c6201425117045d48f98b3ecdcbf2e0e,20,client_02,4,88,839.4663999988552,5.907400000069174,,0.16529999993508682,25.7724999992206,,106387,,,,,,,,,,
2026-10-04T10:31:16.570430+00:00,c6201425117045d48f98b3ecdcbf2e0e,20,client_01,4,88,835.1841000003333,5.805500000860775,,0.14240000018617138,30.004799999005627,,106363,,,,,,,,,,
2026-10-04T10:31:16.607943+00:00,c6201425117045d48f98b3ecdcbf2e0e,20,,4,350,,6.204900000739144,15.618200000972138,0.15890000031504314,0.720500000170432,0.5466000002343208,,,5471.936100000676,0.8794000004854752,50.80446400001165,estimated,"CodeCarbon software estimate (CPU/GPU/RAM), whole-machine Flower round scope",,,,
2026-10-04T10:31:29.625436+00:00,516d9cb2bca540bc82575e72a8aa98b3,1,client_02,4,88,5947.808000000805,49.12819999844942,,14.308399999208632,22.72859999902721,,106744,,,,,,,,,,
2026-10-04T10:31:29.625436+00:00,516d9cb2bca540bc82575e72a8aa98b3,1,client_01,4,88,7226.003099998707,19.330700000864454,,0.9565999989717966,11.191800000233343,,106730,,,,,,,,,,
2026-10-04T10:31:29.637675+00:00,516d9cb2bca540bc82575e72a8aa98b3,1,client_04,4,86,7459.703799999261,5.325599999196129,,0.1640999998926418,22.31510000092385,,106724,,,,,,,,,,
2026-10-04T10:31:29.638671+00:00,516d9cb2bca540bc82575e72a8aa98b3,1,client_03,4,88,7463.98279999994,7.215300000098068,,0.34190000042144675,54.151700000147684,,106748,,,,,,,,,,
2026-10-04T10:31:29.678070+00:00,516d9cb2bca540bc82575e72a8aa98b3,1,,4,350,,5.088099998829421,8.8313999985985,0.1644000003580004,0.6671999999525724,0.3040999999939231,,,12060.963199999605,0.8316000003105728,116.54202499999883,estimated,"CodeCarbon software estimate (CPU/GPU/RAM), whole-machine Flower round scope",,,,
2026-10-04T10:31:35.652827+00:00,516d9cb2bca540bc82575e72a8aa98b3,2,client_04,4,86,976.287699999375,5.555600000661798,,0.1593000015418511,37.75400000085938,,106742,,,,,,,,,,
2026-10-04T10:31:35.666331+00:00,516d9cb2bca540bc82575e72a8aa98b3,2,client_02,4,88,951.1680999985401,6.614399999307352,,0.20140000015089754,41.935399998692446,,106740,,,,,,,,,,
2026-10-04T10:31:35.674329+00:00,516d9cb2bca540bc82575e72a8aa98b3,2,client_03,4,88,983.3489000011468,5.2937000000383705,,0.14719999853696208,52.629400001023896,,106771,,,,,,,,,,
2026-10-04T10:31:35.683049+00:00,516d9cb2bca540bc82575e72a8aa98b3,2,client_01,4,88,922.4638999985473,6.837799999630079,,0.9638000010454562,57.92299999848183,,106763,,,,,,,,,,
2026-10-04T10:31:35.713331+00:00,516d9cb2bca540bc82575e72a8aa98b3,2,,4,350,,5.5525999996461906,8.904600003006635,0.16069999946921598,1.4848999999230728,0.24789999952190556,,,5558.006299999761,1.6455999993922887,51.705884000002705,estimated,"CodeCarbon software estimate (CPU/GPU/RAM), whole-machine Flower round scope",,,,
2026-10-04T10:31:41.760188+00:00,516d9cb2bca540bc82575e72a8aa98b3,3,client_01,4,88,951.2035000007018,6.257600000026287,,0.15109999912965577,62.67730000035954,,106822,,,,,,,,,,
2026-10-04T10:31:41.760188+00:00,516d9cb2bca540bc82575e72a8aa98b3,3,client_03,4,88,943.0420000007871,6.70669999999518,,0.18319999981031287,17.157899999801884,,106851,,,,,,,,,,
2026-10-04T10:31:41.773651+00:00,516d9cb2bca540bc82575e72a8aa98b3,3,client_02,4,88,1058.6339000001317,5.215000001044245,,0.16219999997701962,25.930700001481455,,106846,,,,,,,,,,
2026-10-04T10:31:41.787028+00:00,516d9cb2bca540bc82575e72a8aa98b3,3,client_04,4,86,949.9847999995836,6.322799999907147,,0.17320000006293412,51.61919999954989,,106821,,,,,,,,,,
2026-10-04T10:31:41.813593+00:00,516d9cb2bca540bc82575e72a8aa98b3,3,,4,350,,5.104199999550474,8.659500001158449,0.12199999946460593,0.6104999974922976,0.283800000033807,,,5652.8634000005695,0.7324999969569035,52.697265000006155,estimated,"CodeCarbon software estimate (CPU/GPU/RAM), whole-machine Flower round scope",,,,
2026-10-04T10:31:47.826682+00:00,516d9cb2bca540bc82575e72a8aa98b3,4,client_01,4,88,973.3642999999574,6.223899999895366,,0.2599000017653452,38.12189999916882,,106883,,,,,,,,,,
2026-10-04T10:31:47.826682+00:00,516d9cb2bca540bc82575e72a8aa98b3,4,client_02,4,88,1003.7400999990496,6.306600000243634,,0.19079999947280157,29.959700001199963,,106872,,,,,,,,,,
2026-10-04T10:31:47.840466+00:00,516d9cb2bca540bc82575e72a8aa98b3,4,client_04,4,86,953.9006999984849,8.416000000579515,,0.22289999833446927,31.952299999829847,,106871,,,,,,,,,,
2026-10-04T10:31:47.848465+00:00,516d9cb2bca540bc82575e72a8aa98b3,4,client_03,4,88,1007.9927999995562,6.156299999929615,,0.17320000006293412,29.051500001514796,,106848,,,,,,,,,,
2026-10-04T10:31:47.877978+00:00,516d9cb2bca540bc82575e72a8aa98b3,4,,4,350,,5.243800000243937,8.378199998333002,0.15270000039890874,0.5579000026045833,0.3121999998256797,,,5606.953099999373,0.710600003003492,52.24666800000705,estimated,"CodeCarbon software estimate (CPU/GPU/RAM), whole-machine Flower round scope",,,,
2026-10-04T10:31:54.167221+00:00,516d9cb2bca540bc82575e72a8aa98b3,5,client_01,4,88,1234.8559999991267,7.597099998747581,,0.17999999909079634,47.67109999920649,,106773,,,,,,,,,,
2026-10-04T10:31:54.168220+00:00,516d9cb2bca540bc82575e72a8aa98b3,5,client_02,4,88,1280.133799999021,5.4959000008238945,,0.17389999993611127,17.16870000018389,,106855,,,,,,,,,,
2026-10-04T10:31:54.176793+00:00,516d9cb2bca540bc82575e72a8aa98b3,5,client_03,4,88,1151.8458999998984,8.900300001187134,,0.23700000019744039,49.997300000541145,,106811,,,,,,,,,,
2026-10-04T10:31:54.184790+00:00,516d9cb2bca540bc82575e72a8aa98b3,5,client_04,4,86,1320.2617000006285,5.701500000213855,,0.16490000052726828,52.380699999048375,,106810,,,,,,,,,,
2026-10-04T10:31:54.215417+00:00,516d9cb2bca540bc82575e72a8aa98b3,5,,4,350,,5.126600000949111,8.760100001381943,0.19299999985378236,0.6881000008434057,0.31820000003790483,,,5881.788900000174,0.8811000006971881,55.06902799999807,estimated,"CodeCarbon software estimate (CPU/GPU/RAM), whole-machine Flower round scope",,,,
2026-10-04T10:32:00.376005+00:00,516d9cb2bca540bc82575e72a8aa98b3,6,client_04,4,86,1060.1564999997208,5.904099998588208,,0.19600000086938962,28.854000000137603,,106952,,,,,,,,,,
2026-10-04T10:32:00.376005+00:00,516d9cb2bca540bc82575e72a8aa98b3,6,client_03,4,88,1044.6537000007083,8.50669999999809,,0.9164000002783723,24.074900000414345,,106937,,,,,,,,,,
2026-10-04T10:32:00.389347+00:00,516d9cb2bca540bc82575e72a8aa98b3,6,client_02,4,88,1125.2604000001156,5.077499999970314,,0.16370000048482325,20.1759999999922,,106924,,,,,,,,,,
2026-10-04T10:32:00.404481+00:00,516d9cb2bca540bc82575e72a8aa98b3,6,client_01,4,88,1120.2215000012075,5.210600000282284,,0.1702999998087762,28.625799999645096,,106928,,,,,,,,,,
2026-10-04T10:32:00.435085+00:00,516d9cb2bca540bc82575e72a8aa98b3,6,,4,350,,5.1223999998910585,9.604700000636512,0.15460000031453092,0.7652000003872672,0.24839999969117343,,,5715.045200000532,0.9198000007017981,53.40582099999665,estimated,"CodeCarbon software estimate (CPU/GPU/RAM), whole-machine Flower round scope",,,,
2026-10-04T10:32:06.522645+00:00,516d9cb2bca540bc82575e72a8aa98b3,7,client_03,4,88,958.7515000002895,6.785199999285396,,0.8433000002696645,56.183900000178255,,106920,,,,,,,,,,
2026-10-04T10:32:06.522645+00:00,516d9cb2bca540bc82575e72a8aa98b3,7,client_04,4,86,1001.2339000004431,5.405699999755598,,0.16010000035748817,23.030000000289874,,106945,,,,,,,,,,
2026-10-04T10:32:06.522645+00:00,516d9cb2bca540bc82575e72a8aa98b3,7,client_02,4,88,996.9340999996348,6.954799999220995,,0.40699999954085797,11.89909999993688,,106914,,,,,,,,,,
2026-10-04T10:32:06.542413+00:00,516d9cb2bca540bc82575e72a8aa98b3,7,client_01,4,88,1056.9644999995944,4.925699999148492,,0.16560000040044542,24.250999998912448,,106956,,,,,,,,,,
2026-10-04T10:32:06.571632+00:00,516d9cb2bca540bc82575e72a8aa98b3,7,,4,350,,5.3989000007277355,7.918700001027901,0.14709999959450215,0.630899998213863,0.23259999943547882,,,5667.907600000035,0.7779999978083652,52.524909999992815,estimated,"CodeCarbon software estimate (CPU/GPU/RAM), whole-machine Flower round scope",,,,
2026-10-04T10:32:12.604480+00:00,516d9cb2bca540bc82575e72a8aa98b3,8,client_02,4,88,984.0358000001288,7.782399999996414,,1.4839000014035264,27.308599999742,,106815,,,,,,,,,,
2026-10-04T10:32:12.604480+00:00,516d9cb2bca540bc82575e72a8aa98b3,8,client_03,4,88,1036.5299999994022,6.750000000465661,,0.1792999992176192,54.20299999968847,,106858,,,,,,,,,,
2026-10-04T10:32:12.617820+00:00,516d9cb2bca540bc82575e72a8aa98b3,8,client_01,4,88,1010.7394000006025,6.179299998620991,,0.18850000014936086,26.63810000012745,,106836,,,,,,,,,,
2026-10-04T10:32:12.631090+00:00,516d9cb2bca540bc82575e72a8aa98b3,8,client_04,4,86,1078.9998000000196,5.178899999009445,,0.1685999995970633,27.547500001674052,,106828,,,,,,,,,,
2026-10-04T10:32:12.657591+00:00,516d9cb2bca540bc82575e72a8aa98b3,8,,4,350,,5.244299998594215,9.128299998337752,0.19939999947382603,0.6859000022814143,0.2522999984648777,,,5639.240999998947,0.8853000017552404,52.662696999996115,estimated,"CodeCarbon software estimate (CPU/GPU/RAM), whole-machine Flower round scope",,,,
2026-10-04T10:32:18.672256+00:00,516d9cb2bca540bc82575e72a8aa98b3,9,client_02,4,88,996.539899999334,5.194899998969049,,0.16839999989315402,76.07129999996687,,106648,,,,,,,,,,
2026-10-04T10:32:18.673256+00:00,516d9cb2bca540bc82575e72a8aa98b3,9,client_03,4,88,915.8200999991095,7.276899999851594,,0.19439999960013665,35.889400000087335,,106646,,,,,,,,,,
2026-10-04T10:32:18.681253+00:00,516d9cb2bca540bc82575e72a8aa98b3,9,client_04,4,86,966.440700000021,6.805299999541603,,0.1750999999785563,43.60899999846879,,106659,,,,,,,,,,
2026-10-04T10:32:18.685287+00:00,516d9cb2bca540bc82575e72a8aa98b3,9,client_01,4,88,969.8887000013201,6.079400000089663,,0.2072000006592134,67.86990000000515,,106639,,,,,,,,,,
2026-10-04T10:32:18.719736+00:00,516d9cb2bca540bc82575e72a8aa98b3,9,,4,350,,5.335899999408866,8.518399998138193,0.13760000001639128,0.733900002160226,0.25439999990339857,,,5596.303499998612,0.8715000021766173,52.22549600001003,estimated,"CodeCarbon software estimate (CPU/GPU/RAM), whole-machine Flower round scope",,,,
2026-10-04T10:32:24.779362+00:00,516d9cb2bca540bc82575e72a8aa98b3,10,client_04,4,86,968.3490999996138,6.50839999980235,,0.8213000000978354,17.814099999668542,,106520,,,,,,,,,,
2026-10-04T10:32:24.791786+00:00,516d9cb2bca540bc82575e72a8aa98b3,10,client_03,4,88,964.7372999988875,6.89790000069479,,0.19050000082643237,21.922100000665523,,106512,,,,,,,,,,
2026-10-04T10:32:24.792734+00:00,516d9cb2bca540bc82575e72a8aa98b3,10,client_02,4,88,1066.7549000008876,5.172500001208391,,0.1627000001462875,58.264600000256905,,106493,,,,,,,,,,
2026-10-04T10:32:24.809566+00:00,516d9cb2bca540bc82575e72a8aa98b3,10,client_01,4,88,1007.241499999509,5.213599999478902,,0.19750000137719326,17.56990000103542,,106518,,,,,,,,,,
2026-10-04T10:32:24.832516+00:00,516d9cb2bca540bc82575e72a8aa98b3,10,,4,350,,5.018900001232396,8.825299997624825,0.25009999990288634,0.6531999988510506,0.24149999990186188,,,5640.118400000574,0.903299998753937,52.608940999998595,estimated,"CodeCarbon software estimate (CPU/GPU/RAM), whole-machine Flower round scope",,,,
2026-10-04T10:32:30.791704+00:00,516d9cb2bca540bc82575e72a8aa98b3,11,client_03,4,88,949.6629999994184,7.835000000341097,,0.20289999883971177,38.446400001703296,,106495,,,,,,,,,,
2026-10-04T10:32:30.792577+00:00,516d9cb2bca540bc82575e72a8aa98b3,11,client_02,4,88,934.0926000004401,6.641099998887512,,0.1984999998967396,15.11190000019269,,106481,,,,,,,,,,
2026-10-04T10:32:30.792577+00:00,516d9cb2bca540bc82575e72a8aa98b3,11,client_04,4,86,957.527200000186,5.241400000159047,,0.164399998539011,53.32820000148786,,106504,,,,,,,,,,
2026-10-04T10:32:30.810783+00:00,516d9cb2bca540bc82575e72a8aa98b3,11,client_01,4,88,958.6605000004056,5.480800000441377,,0.17420000040146988,26.073099999848637,,106482,,,,,,,,,,
2026-10-04T10:32:30.840432+00:00,516d9cb2bca540bc82575e72a8aa98b3,11,,4,350,,5.279799999698298,9.021700001540012,0.14550000014423858,0.7843000021239277,0.2598000010038959,,,5543.711700000131,0.9298000022681663,51.696869999996125,estimated,"CodeCarbon software estimate (CPU/GPU/RAM), whole-machine Flower round scope",,,,
2026-10-04T10:32:37.393452+00:00,516d9cb2bca540bc82575e72a8aa98b3,12,client_03,4,88,1541.3422999990871,5.571799998506322,,0.18359999921813142,39.81729999941308,,106380,,,,,,,,,,
2026-10-04T10:32:37.393452+00:00,516d9cb2bca540bc82575e72a8aa98b3,12,client_02,4,88,1571.1567999987892,5.877499999769498,,0.2918999998655636,48.39600000013888,,106434,,,,,,,,,,
2026-10-04T10:32:37.393452+00:00,516d9cb2bca540bc82575e72a8aa98b3,12,client_01,4,88,1453.3881999996083,6.261000000449712,,0.8811000006971881,21.113900000273134,,106436,,,,,,,,,,
2026-10-04T10:32:37.415113+00:00,516d9cb2bca540bc82575e72a8aa98b3,12,client_04,4,86,1439.9525000007998,6.1410999987856485,,0.22170000011101365,17.280400001254748,,106426,,,,,,,,,,
2026-10-04T10:32:37.448093+00:00,516d9cb2bca540bc82575e72a8aa98b3,12,,4,350,,5.258899998807465,9.011499998450745,0.2350999984628288,0.7204999983514426,0.2730000014707912,,,6143.730199999482,0.9555999968142714,57.63137500000085,estimated,"CodeCarbon software estimate (CPU/GPU/RAM), whole-machine Flower round scope",,,,
2026-10-04T10:32:43.577193+00:00,516d9cb2bca540bc82575e72a8aa98b3,13,client_02,4,88,998.9202999986446,5.185999998502666,,0.16280000090773683,116.3128999996843,,106460,,,,,,,,,,
2026-10-04T10:32:43.579186+00:00,516d9cb2bca540bc82575e72a8aa98b3,13,client_03,4,88,953.923199998826,6.344800000078976,,0.20729999960167333,38.357199999154545,,106434,,,,,,,,,,
2026-10-04T10:32:43.581863+00:00,516d9cb2bca540bc82575e72a8aa98b3,13,client_01,4,88,986.5917000006448,6.51079999988724,,0.2908000005845679,55.12269999962882,,106437,,,,,,,,,,
2026-10-04T10:32:43.595654+00:00,516d9cb2bca540bc82575e72a8aa98b3,13,client_04,4,86,997.6824999994278,5.676899998434237,,0.2767999994830461,45.958800001244526,,106453,,,,,,,,,,
2026-10-04T10:32:43.620968+00:00,516d9cb2bca540bc82575e72a8aa98b3,13,,4,350,,4.921600000670878,8.377100002689986,0.12100000094505958,0.6773000004614005,0.2610000010463409,,,5664.831000000049,0.7983000014064601,52.82475500000146,estimated,"CodeCarbon software estimate (CPU/GPU/RAM), whole-machine Flower round scope",,,,
2026-10-04T10:32:49.742270+00:00,516d9cb2bca540bc82575e72a8aa98b3,14,client_02,4,88,1131.2946000016382,5.050900001151604,,0.1596000001882203,11.17080000040005,,106415,,,,,,,,,,
2026-10-04T10:32:49.743284+00:00,516d9cb2bca540bc82575e72a8aa98b3,14,client_03,4,88,1066.5946999997686,11.473799999293988,,0.3406000014365418,18.008900000495487,,106401,,,,,,,,,,
2026-10-04T10:32:49.751089+00:00,516d9cb2bca540bc82575e72a8aa98b3,14,client_04,4,86,1056.567499999801,10.777999999845633,,0.3854000005958369,11.738400000467664,,106421,,,,,,,,,,
2026-10-04T10:32:49.755101+00:00,516d9cb2bca540bc82575e72a8aa98b3,14,client_01,4,88,1037.859899999603,6.696599999486352,,0.2330999996047467,44.74350000054983,,106409,,,,,,,,,,
2026-10-04T10:32:49.782736+00:00,516d9cb2bca540bc82575e72a8aa98b3,14,,4,350,,5.766699998275726,8.45570000274165,0.1627000001462875,0.7812999974703416,0.2522999984648777,,,5715.314600000056,0.9439999976166291,53.31870199999684,estimated,"CodeCarbon software estimate (CPU/GPU/RAM), whole-machine Flower round scope",,,,
2026-10-04T10:32:55.751279+00:00,516d9cb2bca540bc82575e72a8aa98b3,15,client_02,4,88,934.2305000009219,6.197900000188383,,0.19810000048892107,88.16990000013902,,106394,,,,,,,,,,
2026-10-04T10:32:55.752279+00:00,516d9cb2bca540bc82575e72a8aa98b3,15,client_01,4,88,973.3305999998265,5.231200000707759,,0.14449999980570283,71.38289999966219,,106373,,,,,,,,,,
2026-10-04T10:32:55.755901+00:00,516d9cb2bca540bc82575e72a8aa98b3,15,client_04,4,86,989.2218000004505,6.492099999377388,,0.2922000003309222,44.38610000033805,,106403,,,,,,,,,,
2026-10-04T10:32:55.769577+00:00,516d9cb2bca540bc82575e72a8aa98b3,15,client_03,4,88,971.1455999986356,6.070800000088639,,0.16770000001997687,60.829000000012456,,106400,,,,,,,,,,
2026-10-04T10:32:55.800102+00:00,516d9cb2bca540bc82575e72a8aa98b3,15,,4,350,,4.961900000125752,9.066999999049585,0.12379999861877877,0.6958999983908143,0.26360000083514024,,,5557.46309999995,0.8196999970095931,51.64796999999453,estimated,"CodeCarbon software estimate (CPU/GPU/RAM), whole-machine Flower round scope",,,,
2026-10-04T10:33:01.781035+00:00,516d9cb2bca540bc82575e72a8aa98b3,16,client_01,4,88,968.4369000005972,6.831699998656404,,0.49249999938183464,67.75740000011865,,106447,,,,,,,,,,
2026-10-04T10:33:01.783035+00:00,516d9cb2bca540bc82575e72a8aa98b3,16,client_02,4,88,971.8777999987651,7.647599999472732,,0.6475999998656334,42.47200000099838,,106471,,,,,,,,,,
2026-10-04T10:33:01.784402+00:00,516d9cb2bca540bc82575e72a8aa98b3,16,client_04,4,86,967.0987000008608,7.772599999952945,,0.4869999993388774,34.0040000010049,,106437,,,,,,,,,,
2026-10-04T10:33:01.800041+00:00,516d9cb2bca540bc82575e72a8aa98b3,16,client_03,4,88,956.5425999990111,5.28180000037537,,0.14120000014372636,52.75439999968512,,106428,,,,,,,,,,
2026-10-04T10:33:01.823358+00:00,516d9cb2bca540bc82575e72a8aa98b3,16,,4,350,,5.309799998940434,8.821999996143859,0.1573999998072395,0.5780999981652712,0.2575999988039257,,,5575.705099998231,0.7354999979725108,51.6521130000001,estimated,"CodeCarbon software estimate (CPU/GPU/RAM), whole-machine Flower round scope",,,,
2026-10-04T10:33:07.801901+00:00,516d9cb2bca540bc82575e72a8aa98b3,17,client_01,4,88,953.4996000002138,6.607799999983399,,0.316400000883732,43.00320000038482,,106472,,,,,,,,,,
2026-10-04T10:33:07.802901+00:00,516d9cb2bca540bc82575e72a8aa98b3,17,client_03,4,88,989.507299998877,6.163699999888195,,2.083400000628899,30.08149999914167,,106466,,,,,,,,,,
2026-10-04T10:33:07.811396+00:00,516d9cb2bca540bc82575e72a8aa98b3,17,client_02,4,88,991.4119999994,7.287899999937508,,1.4200999994500307,26.09399999892048,,106457,,,,,,,,,,
2026-10-04T10:33:07.819394+00:00,516d9cb2bca540bc82575e72a8aa98b3,17,client_04,4,86,994.8895000015909,9.854100000666222,,0.7550999998784391,13.293699999849196,,106447,,,,,,,,,,
2026-10-04T10:33:07.848814+00:00,516d9cb2bca540bc82575e72a8aa98b3,17,,4,350,,5.279900000459747,8.239400001912145,0.1467000001866836,0.5428000022220658,0.37340000017138664,,,5571.14779999938,0.6895000024087494,51.826932999993005,estimated,"CodeCarbon software estimate (CPU/GPU/RAM), whole-machine Flower round scope",,,,
2026-10-04T10:33:13.852706+00:00,516d9cb2bca540bc82575e72a8aa98b3,18,client_02,4,88,1012.258999999176,5.572899999606307,,0.20880000010947697,19.438900000750436,,106597,,,,,,,,,,
2026-10-04T10:33:13.865502+00:00,516d9cb2bca540bc82575e72a8aa98b3,18,client_04,4,86,1038.914200000363,5.835900001329719,,0.1883000004454516,24.870499999451567,,106579,,,,,,,,,,
2026-10-04T10:33:13.874500+00:00,516d9cb2bca540bc82575e72a8aa98b3,18,client_03,4,88,1051.8026999998256,5.379599999287166,,0.1556999995955266,42.61349999978847,,106595,,,,,,,,,,
2026-10-04T10:33:13.882976+00:00,516d9cb2bca540bc82575e72a8aa98b3,18,client_01,4,88,1021.3506000000052,6.1600000008184,,0.16449999930046033,51.62860000018554,,106550,,,,,,,,,,
2026-10-04T10:33:13.912850+00:00,516d9cb2bca540bc82575e72a8aa98b3,18,,4,350,,5.346800000552321,9.372299999085953,0.14620000001741573,0.6434000006265705,0.2550999997765757,,,5616.860699999961,0.7896000006439863,52.218549999997784,estimated,"CodeCarbon software estimate (CPU/GPU/RAM), whole-machine Flower round scope",,,,
2026-10-04T10:33:19.986806+00:00,516d9cb2bca540bc82575e72a8aa98b3,19,client_01,4,88,1049.1610000008222,5.5644999993091915,,0.20430000040505547,32.56399999918358,,106592,,,,,,,,,,
2026-10-04T10:33:19.986806+00:00,516d9cb2bca540bc82575e72a8aa98b3,19,client_04,4,86,1080.932799999573,5.588699999862001,,0.1984999998967396,25.444200000492856,,106589,,,,,,,,,,
2026-10-04T10:33:20.008599+00:00,516d9cb2bca540bc82575e72a8aa98b3,19,client_03,4,88,1009.8053000001528,7.504500001232373,,0.1933999992616009,50.3461000007519,,106590,,,,,,,,,,
2026-10-04T10:33:20.017169+00:00,516d9cb2bca540bc82575e72a8aa98b3,19,client_02,4,88,1065.9662000016397,7.0548000003327616,,0.2571000004536472,32.50760000082664,,106594,,,,,,,,,,
2026-10-04T10:33:20.045533+00:00,516d9cb2bca540bc82575e72a8aa98b3,19,,4,350,,5.4853999990882585,10.034800001449184,0.1810000012483215,0.6686000015179161,0.2502999996067956,,,5690.720799999326,0.8496000027662376,53.170687000001635,estimated,"CodeCarbon software estimate (CPU/GPU/RAM), whole-machine Flower round scope",,,,
2026-10-04T10:33:26.014008+00:00,516d9cb2bca540bc82575e72a8aa98b3,20,client_02,4,88,975.1870999989478,6.117200000517187,,0.868199998876662,13.140900000507827,,106706,,,,,,,,,,
2026-10-04T10:33:26.015008+00:00,516d9cb2bca540bc82575e72a8aa98b3,20,client_04,4,86,974.1010000016104,5.202700000154437,,0.17139999908977188,37.878299999647425,,106729,,,,,,,,,,
2026-10-04T10:33:26.027465+00:00,516d9cb2bca540bc82575e72a8aa98b3,20,client_01,4,88,969.543799999883,7.239800001116237,,0.4014999994979007,17.008400000122492,,106690,,,,,,,,,,
2026-10-04T10:33:26.027465+00:00,516d9cb2bca540bc82575e72a8aa98b3,20,client_03,4,88,942.8677000014432,7.5283000005583744,,0.8182000001397682,44.94359999989683,,106702,,,,,,,,,,
2026-10-04T10:33:26.070117+00:00,516d9cb2bca540bc82575e72a8aa98b3,20,,4,350,,5.0836999998864485,8.931099999244907,0.1343000003544148,0.784199999543489,0.2824000002874527,,,5561.156499999925,0.9184999998979038,51.467778999995055,estimated,"CodeCarbon software estimate (CPU/GPU/RAM), whole-machine Flower round scope",,,,
2026-10-04T10:33:38.482568+00:00,5122d7f23cac4468878273bcda828faf,1,client_01,4,88,6696.842200000901,5.821500000820379,,0.17250000018975697,66.26150000010966,,106790,,,,,,,,,,
2026-10-04T10:33:38.482568+00:00,5122d7f23cac4468878273bcda828faf,1,client_03,4,88,6245.184600000357,5.700500001694309,,0.17499999921710696,23.63859999968554,,106806,,,,,,,,,,
2026-10-04T10:33:38.499391+00:00,5122d7f23cac4468878273bcda828faf,1,client_04,4,86,4834.4448000007105,37.40939999988768,,32.34419999898819,27.085099998657824,,106834,,,,,,,,,,
2026-10-04T10:33:38.507388+00:00,5122d7f23cac4468878273bcda828faf,1,client_02,4,88,6808.4601999998995,5.449299998872448,,0.17909999951370992,18.072599999868544,,106825,,,,,,,,,,
2026-10-04T10:33:38.538425+00:00,5122d7f23cac4468878273bcda828faf,1,,4,350,,5.24779999977909,9.26180000169552,0.15759999951114878,0.7504999975935789,0.2807000000757398,,,11429.94440000075,0.9080999971047277,110.09946500000297,estimated,"CodeCarbon software estimate (CPU/GPU/RAM), whole-machine Flower round scope",,,,
2026-10-04T10:33:44.776899+00:00,5122d7f23cac4468878273bcda828faf,2,client_03,4,88,961.5775999991456,8.376099998713471,,0.5696000007446855,40.865999999368796,,106789,,,,,,,,,,
2026-10-04T10:33:44.776899+00:00,5122d7f23cac4468878273bcda828faf,2,client_01,4,88,1005.6246000003739,5.7304999991174554,,0.14969999938330147,38.74019999966549,,106819,,,,,,,,,,
2026-10-04T10:33:44.790303+00:00,5122d7f23cac4468878273bcda828faf,2,client_02,4,88,1155.1939000000857,6.230999999388587,,0.16630000027362257,25.519599999825004,,106831,,,,,,,,,,
2026-10-04T10:33:44.790303+00:00,5122d7f23cac4468878273bcda828faf,2,client_04,4,86,997.9115999994974,5.953899999440182,,0.15809999968041666,25.120199999946635,,106798,,,,,,,,,,
2026-10-04T10:33:44.829690+00:00,5122d7f23cac4468878273bcda828faf,2,,4,350,,4.8178999986703275,8.923499999582418,0.15109999912965577,0.6081999999878462,0.2905000001192093,,,5766.349499999706,0.759299999117502,53.88352099998883,estimated,"CodeCarbon software estimate (CPU/GPU/RAM), whole-machine Flower round scope",,,,
2026-10-04T10:33:50.840348+00:00,5122d7f23cac4468878273bcda828faf,3,client_04,4,86,1010.1264000004448,9.403000000020256,,0.2677999982552137,38.529100000232575,,106826,,,,,,,,,,
2026-10-04T10:33:50.841366+00:00,5122d7f23cac4468878273bcda828faf,3,client_01,4,88,1063.2468000003428,6.266800000958028,,0.39060000017343555,35.75020000062068,,106834,,,,,,,,,,
2026-10-04T10:33:50.849782+00:00,5122d7f23cac4468878273bcda828faf,3,client_03,4,88,1057.629499999166,5.1407999999355525,,0.15809999968041666,59.5536999990145,,106815,,,,,,,,,,
2026-10-04T10:33:50.856713+00:00,5122d7f23cac4468878273bcda828faf,3,client_02,4,88,1015.7510999997612,5.481000000145286,,0.18049999926006421,35.37329999926442,,106821,,,,,,,,,,
2026-10-04T10:33:50.884412+00:00,5122d7f23cac4468878273bcda828faf,3,,4,350,,5.0669000011112075,9.19889999750012,0.11460000132501591,0.6840999994892627,0.2542000001994893,,,5606.678500000271,0.7987000008142786,52.32327800000349,estimated,"CodeCarbon software estimate (CPU/GPU/RAM), whole-machine Flower round scope",,,,
2026-10-04T10:33:57.324244+00:00,5122d7f23cac4468878273bcda828faf,4,client_04,4,86,1329.2571000001772,5.972000000838307,,0.189200000022538,29.039899998679175,,106721,,,,,,,,,,
2026-10-04T10:33:57.324244+00:00,5122d7f23cac4468878273bcda828faf,4,client_01,4,88,1387.0231000000786,7.240599999931874,,0.17329999900539406,36.79220000049099,,106703,,,,,,,,,,
2026-10-04T10:33:57.343653+00:00,5122d7f23cac4468878273bcda828faf,4,client_02,4,88,1443.9657000002626,5.174899999474292,,0.155399999130168,30.053099999349797,,106739,,,,,,,,,,
2026-10-04T10:33:57.351987+00:00,5122d7f23cac4468878273bcda828faf,4,client_03,4,88,1395.588700001099,6.651899999269517,,0.1909000002342509,29.116599998815218,,106752,,,,,,,,,,
2026-10-04T10:33:57.382500+00:00,5122d7f23cac4468878273bcda828faf,4,,4,350,,5.183400000532856,9.26870000148483,0.13489999946614262,0.6592000008822652,0.2689000011741882,,,6031.941299999744,0.7941000003484078,56.60099700000501,estimated,"CodeCarbon software estimate (CPU/GPU/RAM), whole-machine Flower round scope",,,,
2026-10-04T10:34:03.586967+00:00,5122d7f23cac4468878273bcda828faf,5,client_03,4,88,980.6188000002294,6.3640999997005565,,0.3375999986019451,70.05099999878439,,106506,,,,,,,,,,
2026-10-04T10:34:03.587966+00:00,5122d7f23cac4468878273bcda828faf,5,client_04,4,86,1014.4326000008732,6.538599998748396,,0.8213000000978354,19.993199999589706,,106546,,,,,,,,,,
2026-10-04T10:34:03.592537+00:00,5122d7f23cac4468878273bcda828faf,5,client_02,4,88,989.5913000000292,6.732599998940714,,0.8896999988792231,27.943199998844648,,106523,,,,,,,,,,
2026-10-04T10:34:03.606073+00:00,5122d7f23cac4468878273bcda828faf,5,client_01,4,88,1016.8807999998535,5.4959000008238945,,0.27890000092156697,35.76280000015686,,106545,,,,,,,,,,
2026-10-04T10:34:03.635893+00:00,5122d7f23cac4468878273bcda828faf,5,,4,350,,5.0640999997995095,8.912600000257953,0.12009999954898376,0.656100000924198,0.26509999952395447,,,5720.343299999513,0.7762000004731817,52.25688300000911,estimated,"CodeCarbon software estimate (CPU/GPU/RAM), whole-machine Flower round scope",,,,
2026-10-04T10:34:09.726979+00:00,5122d7f23cac4468878273bcda828faf,6,client_04,4,86,1127.2480999996333,6.437199999709264,,0.16309999955410603,40.968199999042554,,106405,,,,,,,,,,
2026-10-04T10:34:09.726979+00:00,5122d7f23cac4468878273bcda828faf,6,client_03,4,88,973.0325000000448,10.958299999401788,,1.6644999996060506,27.569099998800084,,106357,,,,,,,,,,
2026-10-04T10:34:09.741701+00:00,5122d7f23cac4468878273bcda828faf,6,client_01,4,88,966.2816999989445,5.907700000534533,,0.17049999951268546,70.13050000023213,,106380,,,,,,,,,,
2026-10-04T10:34:09.749698+00:00,5122d7f23cac4468878273bcda828faf,6,client_02,4,88,1002.2822999999335,6.016899998940062,,0.17440000010537915,55.5688000004011,,106380,,,,,,,,,,
2026-10-04T10:34:09.766915+00:00,5122d7f23cac4468878273bcda828faf,6,,4,350,,5.00359999932698,8.785700001681107,0.14559999908669852,0.5300999982864596,0.33940000139409676,,,5684.890600001381,0.6756999973731581,53.19410800000696,estimated,"CodeCarbon software estimate (CPU/GPU/RAM), whole-machine Flower round scope",,,,
2026-10-04T10:34:15.745457+00:00,5122d7f23cac4468878273bcda828faf,7,client_02,4,88,970.9231999986514,5.563099999562837,,0.3947000004700385,48.59329999999318,,106301,,,,,,,,,,
2026-10-04T10:34:15.746456+00:00,5122d7f23cac4468878273bcda828faf,7,client_01,4,88,980.002100001002,7.1388999986083945,,0.28050000037183054,38.47160000077565,,106309,,,,,,,,,,
2026-10-04T10:34:15.754549+00:00,5122d7f23cac4468878273bcda828faf,7,client_03,4,88,982.6990000001388,6.876800000100047,,0.2662999995663995,51.30000000099244,,106309,,,,,,,,,,
2026-10-04T10:34:15.754549+00:00,5122d7f23cac4468878273bcda828faf,7,client_04,4,86,925.2293000008649,6.199899999046465,,0.2586999999039108,21.88399999977264,,106318,,,,,,,,,,
2026-10-04T10:34:15.792529+00:00,5122d7f23cac4468878273bcda828faf,7,,4,350,,5.1306000004842645,9.008800003357464,0.1436000002286164,0.6412000002455898,0.2784000007522991,,,5561.497900000177,0.7848000004742062,51.572384999999485,estimated,"CodeCarbon software estimate (CPU/GPU/RAM), whole-machine Flower round scope",,,,
2026-10-04T10:34:21.821841+00:00,5122d7f23cac4468878273bcda828faf,8,client_04,4,86,1005.5075000000215,6.345200001305784,,0.913800000489573,39.27359999943292,,106359,,,,,,,,,,
2026-10-04T10:34:21.835530+00:00,5122d7f23cac4468878273bcda828faf,8,client_01,4,88,1068.6229999992065,5.756699998528347,,0.17490000027464703,14.523200001349323,,106358,,,,,,,,,,
2026-10-04T10:34:21.835530+00:00,5122d7f23cac4468878273bcda828faf,8,client_03,4,88,1099.9776000007842,5.292899999403744,,0.16689999938535038,15.745400000014342,,106364,,,,,,,,,,
2026-10-04T10:34:21.848542+00:00,5122d7f23cac4468878273bcda828faf,8,client_02,4,88,1001.7879999995785,6.695399999443907,,0.20989999939047266,50.38150000109454,,106339,,,,,,,,,,
2026-10-04T10:34:21.875219+00:00,5122d7f23cac4468878273bcda828faf,8,,4,350,,5.634499999359832,8.362900000065565,0.1453000004403293,0.6841999984317226,0.259300000834628,,,5643.341200000577,0.829499998872052,52.635240999989044,estimated,"CodeCarbon software estimate (CPU/GPU/RAM), whole-machine Flower round scope",,,,
2026-10-04T10:34:27.944870+00:00,5122d7f23cac4468878273bcda828faf,9,client_03,4,88,1032.0168000016565,5.617199998596334,,0.16820000018924475,39.054000000760425,,106335,,,,,,,,,,
2026-10-04T10:34:27.945873+00:00,5122d7f23cac4468878273bcda828faf,9,client_02,4,88,969.5917000008194,9.372000000439584,,0.43899999946006574,15.928900000290014,,106354,,,,,,,,,,
2026-10-04T10:34:27.954869+00:00,5122d7f23cac4468878273bcda828faf,9,client_01,4,88,962.5937000000704,7.539800000813557,,0.19980000070063397,15.761099999508588,,106352,,,,,,,,,,
2026-10-04T10:34:27.955095+00:00,5122d7f23cac4468878273bcda828faf,9,client_04,4,86,970.1292999998259,5.645000001095468,,0.20559999938996043,46.26490000009653,,106370,,,,,,,,,,
2026-10-04T10:34:27.982745+00:00,5122d7f23cac4468878273bcda828faf,9,,4,350,,5.170800000996678,8.793999999397784,0.1613000003999332,0.6601999994018115,0.3480000013951212,,,5646.0490999998,0.8214999998017447,52.15013600000021,estimated,"CodeCarbon software estimate (CPU/GPU/RAM), whole-machine Flower round scope",,,,
2026-10-04T10:34:33.996912+00:00,5122d7f23cac4468878273bcda828faf,10,client_04,4,86,1035.1439000005485,5.436800000097719,,0.1452999986213399,25.53760000046168,,106519,,,,,,,,,,
2026-10-04T10:34:34.010462+00:00,5122d7f23cac4468878273bcda828faf,10,client_01,4,88,1004.0214999989985,9.246699999494012,,0.31230000058712903,38.884999999936554,,106496,,,,,,,,,,
2026-10-04T10:34:34.018460+00:00,5122d7f23cac4468878273bcda828faf,10,client_02,4,88,975.4486000001634,6.598400001166738,,0.18389999968349002,48.13730000023497,,106497,,,,,,,,,,
2026-10-04T10:34:34.023769+00:00,5122d7f23cac4468878273bcda828faf,10,client_03,4,88,1030.5818999986514,5.514899999980116,,0.1678000007814262,30.09319999910076,,106508,,,,,,,,,,
2026-10-04T10:34:34.051038+00:00,5122d7f23cac4468878273bcda828faf,10,,4,350,,5.865700000867946,9.362399996462045,0.1627000001462875,1.023400003759889,0.27070000032836106,,,5607.597299998815,1.1861000039061764,52.23831600000267,estimated,"CodeCarbon software estimate (CPU/GPU/RAM), whole-machine Flower round scope",,,,
2026-10-04T10:34:40.584318+00:00,5122d7f23cac4468878273bcda828faf,11,client_03,4,88,1515.8823000001576,7.658599999558646,,0.4138000003877096,15.819300000657677,,106653,,,,,,,,,,
2026-10-04T10:34:40.584318+00:00,5122d7f23cac4468878273bcda828faf,11,client_04,4,86,1538.782199999332,6.66319999982079,,0.23799999871698674,17.362900000080117,,106673,,,,,,,,,,
2026-10-04T10:34:40.600741+00:00,5122d7f23cac4468878273bcda828faf,11,client_02,4,88,1427.2510999999213,7.003799999438343,,0.1801999987947056,14.418000000659958,,106645,,,,,,,,,,
2026-10-04T10:34:40.610843+00:00,5122d7f23cac4468878273bcda828faf,11,client_01,4,88,1585.6052999988606,6.631500000366941,,0.17110000044340268,15.580499999487074,,106673,,,,,,,,,,
2026-10-04T10:34:40.644645+00:00,5122d7f23cac4468878273bcda828faf,11,,4,350,,5.796199999167584,10.821499998201034,0.17759999900590628,0.7961000010254793,0.30920000062906183,,,6131.519999999,0.9737000000313856,57.57530200000474,estimated,"CodeCarbon software estimate (CPU/GPU/RAM), whole-machine Flower round scope",,,,
2026-10-04T10:34:46.757600+00:00,5122d7f23cac4468878273bcda828faf,12,client_04,4,86,976.9985999992059,5.162999999811291,,0.1578999999765074,26.104300000952207,,106682,,,,,,,,,,
2026-10-04T10:34:46.757600+00:00,5122d7f23cac4468878273bcda828faf,12,client_02,4,88,939.8445000006177,7.487999999284511,,0.20030000086990185,24.31590000014694,,106655,,,,,,,,,,
2026-10-04T10:34:46.777727+00:00,5122d7f23cac4468878273bcda828faf,12,client_01,4,88,964.9208000009821,6.379000000379165,,0.1587999995535938,55.40780000046652,,106706,,,,,,,,,,
2026-10-04T10:34:46.785410+00:00,5122d7f23cac4468878273bcda828faf,12,client_03,4,88,961.7505999995046,5.391900000176975,,0.18259999887959566,23.27560000048834,,106680,,,,,,,,,,
2026-10-04T10:34:46.815612+00:00,5122d7f23cac4468878273bcda828faf,12,,4,350,,5.04210000144667,8.910200000173063,0.12369999967631884,0.6529000002046814,0.26529999922786374,,,5541.674899999634,0.7765999998810003,51.61677700001747,estimated,"CodeCarbon software estimate (CPU/GPU/RAM), whole-machine Flower round scope",,,,
2026-10-04T10:34:52.732705+00:00,5122d7f23cac4468878273bcda828faf,13,client_01,4,88,988.076199999341,5.426199999419623,,0.18730000010691583,28.572400000484777,,106737,,,,,,,,,,
2026-10-04T10:34:52.732705+00:00,5122d7f23cac4468878273bcda828faf,13,client_02,4,88,994.7511999998824,8.07850000092003,,0.44329999946057796,29.964800000016112,,106699,,,,,,,,,,
2026-10-04T10:34:52.746483+00:00,5122d7f23cac4468878273bcda828faf,13,client_04,4,86,990.7413000000815,6.242899999051588,,0.1733999997668434,7.271800001035444,,106723,,,,,,,,,,
2026-10-04T10:34:52.754480+00:00,5122d7f23cac4468878273bcda828faf,13,client_03,4,88,948.8292999994883,8.435599998847465,,0.6718999993609032,7.2554999987914925,,106705,,,,,,,,,,
2026-10-04T10:34:52.772677+00:00,5122d7f23cac4468878273bcda828faf,13,,4,350,,4.9605000003793975,9.026999998241081,0.1542999998491723,0.6248000026971567,0.3011999997397652,,,5531.226700000843,0.779100002546329,51.554988999996574,estimated,"CodeCarbon software estimate (CPU/GPU/RAM), whole-machine Flower round scope",,,,
2026-10-04T10:34:58.742927+00:00,5122d7f23cac4468878273bcda828faf,14,client_02,4,88,938.1009999997332,7.371600000624312,,1.0236999987682793,48.35249999996449,,106681,,,,,,,,,,
2026-10-04T10:34:58.743926+00:00,5122d7f23cac4468878273bcda828faf,14,client_04,4,86,985.3932999994868,5.757500000981963,,0.182699999641045,47.263200000088545,,106700,,,,,,,,,,
2026-10-04T10:34:58.752345+00:00,5122d7f23cac4468878273bcda828faf,14,client_01,4,88,1014.0649999993911,5.83089999963704,,0.9427000004507136,20.735800000693416,,106721,,,,,,,,,,
2026-10-04T10:34:58.759214+00:00,5122d7f23cac4468878273bcda828faf,14,client_03,4,88,942.1533000004274,8.616099999926519,,1.752100000885548,45.433900000716676,,106724,,,,,,,,,,
2026-10-04T10:34:58.787725+00:00,5122d7f23cac4468878273bcda828faf,14,,4,350,,5.072900001323433,9.035600000061095,0.12140000035287812,0.7282000024133595,0.26139999863517005,,,5546.4024000011705,0.8496000027662376,51.7647290000059,estimated,"CodeCarbon software estimate (CPU/GPU/RAM), whole-machine Flower round scope",,,,
2026-10-04T10:35:04.841051+00:00,5122d7f23cac4468878273bcda828faf,15,client_02,4,88,1014.7402999991755,8.920800000851159,,0.19020000036107376,16.608199999609496,,106623,,,,,,,,,,
2026-10-04T10:35:04.841051+00:00,5122d7f23cac4468878273bcda828faf,15,client_04,4,86,1021.4970000015455,6.096600000091712,,0.8340999993379228,49.080400000093505,,106665,,,,,,,,,,
2026-10-04T10:35:04.854406+00:00,5122d7f23cac4468878273bcda828faf,15,client_01,4,88,1056.7857999994885,5.199299999731011,,0.1644000003580004,15.824400001292815,,106677,,,,,,,,,,
2026-10-04T10:35:04.869164+00:00,5122d7f23cac4468878273bcda828faf,15,client_03,4,88,1028.2423999997263,5.356200001187972,,0.24139999914041255,72.75049999952898,,106635,,,,,,,,,,
2026-10-04T10:35:04.894426+00:00,5122d7f23cac4468878273bcda828faf,15,,4,350,,4.895599999144906,9.14780000130122,0.2521999995224178,0.7819000020390376,0.2566999992268393,,,5656.077299998287,1.0341000015614554,52.4742950000109,estimated,"CodeCarbon software estimate (CPU/GPU/RAM), whole-machine Flower round scope",,,,
2026-10-04T10:35:10.920859+00:00,5122d7f23cac4468878273bcda828faf,16,client_04,4,86,936.8226999995386,6.095499998991727,,0.3428999989409931,64.51370000104362,,106557,,,,,,,,,,
2026-10-04T10:35:10.920859+00:00,5122d7f23cac4468878273bcda828faf,16,client_03,4,88,1052.8016000007483,6.00510000003851,,0.19520000023476314,32.274700000925804,,106560,,,,,,,,,,
2026-10-04T10:35:10.920859+00:00,5122d7f23cac4468878273bcda828faf,16,client_01,4,88,979.5618999996805,7.209899998997571,,3.1023999999888474,25.357299999086536,,106580,,,,,,,,,,
2026-10-04T10:35:10.941681+00:00,5122d7f23cac4468878273bcda828faf,16,client_02,4,88,994.6040000013454,7.212800001070718,,0.17320000006293412,17.740600000252016,,106556,,,,,,,,,,
2026-10-04T10:35:10.972215+00:00,5122d7f23cac4468878273bcda828faf,16,,4,350,,5.409699999290751,8.329100002811174,0.15039999925647862,0.6181000007927651,0.5451999986689771,,,5611.1380999991525,0.7685000000492437,52.404600999998365,estimated,"CodeCarbon software estimate (CPU/GPU/RAM), whole-machine Flower round scope",,,,
2026-10-04T10:35:16.962623+00:00,5122d7f23cac4468878273bcda828faf,17,client_04,4,86,1030.0867000005383,8.915399999750662,,0.8465999999316409,18.919299998742645,,106529,,,,,,,,,,
2026-10-04T10:35:16.962623+00:00,5122d7f23cac4468878273bcda828faf,17,client_01,4,88,1019.3285999994259,5.575499999395106,,0.7291000001714565,19.23210000131803,,106541,,,,,,,,,,
2026-10-04T10:35:16.976162+00:00,5122d7f23cac4468878273bcda828faf,17,client_02,4,88,1030.2480999998807,7.3451999996905215,,0.39370000013150275,59.73760000051698,,106484,,,,,,,,,,
2026-10-04T10:35:16.989483+00:00,5122d7f23cac4468878273bcda828faf,17,client_03,4,88,1028.443100000004,7.230400000480586,,0.9403999993082834,43.91360000045097,,106470,,,,,,,,,,
2026-10-04T10:35:17.016466+00:00,5122d7f23cac4468878273bcda828faf,17,,4,350,,5.1365999988775,9.863599998425343,0.1401999998051906,0.7384000000456581,0.28340000062598847,,,5595.786300000327,0.8785999998508487,52.18308600000455,estimated,"CodeCarbon software estimate (CPU/GPU/RAM), whole-machine Flower round scope",,,,
2026-10-04T10:35:23.382279+00:00,5122d7f23cac4468878273bcda828faf,18,client_04,4,86,1278.30030000041,5.507100000613718,,0.1426999988325406,43.612499999653664,,106492,,,,,,,,,,
2026-10-04T10:35:23.383278+00:00,5122d7f23cac4468878273bcda828faf,18,client_03,4,88,1309.0783000006923,5.682899998646462,,0.18879999879573006,20.542500000374275,,106452,,,,,,,,,,
2026-10-04T10:35:23.389216+00:00,5122d7f23cac4468878273bcda828faf,18,client_02,4,88,1251.9793000010395,11.16090000141412,,0.4582999990816461,17.25619999888295,,106459,,,,,,,,,,
2026-10-04T10:35:23.389216+00:00,5122d7f23cac4468878273bcda828faf,18,client_01,4,88,1289.0100000004168,6.26630000078876,,0.16899999900488183,20.384800000101677,,106516,,,,,,,,,,
2026-10-04T10:35:23.430465+00:00,5122d7f23cac4468878273bcda828faf,18,,4,350,,5.137800000738935,9.204500000123517,0.1322999996773433,0.6577000003744615,0.27909999880648684,,,5870.574999999008,0.7900000000518048,54.80438700000377,estimated,"CodeCarbon software estimate (CPU/GPU/RAM), whole-machine Flower round scope",,,,
2026-10-04T10:35:29.537116+00:00,5122d7f23cac4468878273bcda828faf,19,client_02,4,88,968.6479000010877,6.255100000998937,,0.18730000010691583,67.02370000130031,,106448,,,,,,,,,,
2026-10-04T10:35:29.538117+00:00,5122d7f23cac4468878273bcda828faf,19,client_04,4,86,1005.9938000013062,8.049000000028173,,0.32669999927747995,30.86049999910756,,106478,,,,,,,,,,
2026-10-04T10:35:29.547131+00:00,5122d7f23cac4468878273bcda828faf,19,client_03,4,88,966.0003999997571,10.211599999820464,,0.4639999988285126,18.279799998708768,,106461,,,,,,,,,,
2026-10-04T10:35:29.551035+00:00,5122d7f23cac4468878273bcda828faf,19,client_01,4,88,1052.1767999998701,4.963800000041374,,0.14209999972081278,23.528100000476115,,106471,,,,,,,,,,
2026-10-04T10:35:29.587133+00:00,5122d7f23cac4468878273bcda828faf,19,,4,350,,5.231799999819486,8.57920000271406,0.12700000115728471,0.6350000003294554,0.25749999986146577,,,5636.793800000305,0.7620000014867401,52.48269499999879,estimated,"CodeCarbon software estimate (CPU/GPU/RAM), whole-machine Flower round scope",,,,
2026-10-04T10:35:36.641456+00:00,5122d7f23cac4468878273bcda828faf,20,client_02,4,88,1942.7169999999023,8.6087999989104,,0.8170999990397831,73.58380000005127,,106448,,,,,,,,,,
2026-10-04T10:35:36.642475+00:00,5122d7f23cac4468878273bcda828faf,20,client_01,4,88,2079.4920999996975,5.0241000008099945,,0.1658000001043547,25.001699999847915,,106477,,,,,,,,,,
2026-10-04T10:35:36.650902+00:00,5122d7f23cac4468878273bcda828faf,20,client_04,4,86,1976.0557000008703,8.169799999450333,,0.3171999996993691,23.19069999975909,,106464,,,,,,,,,,
2026-10-04T10:35:36.657694+00:00,5122d7f23cac4468878273bcda828faf,20,client_03,4,88,1953.6586000012903,7.4932000006810995,,0.7075000012264354,32.97240000028978,,106469,,,,,,,,,,
2026-10-04T10:35:36.685423+00:00,5122d7f23cac4468878273bcda828faf,20,,4,350,,4.822900000363006,8.814999999231077,0.12309999874560162,0.850200000058976,0.25289999939559493,,,6658.7734000004275,0.9732999988045776,62.81369499998618,estimated,"CodeCarbon software estimate (CPU/GPU/RAM), whole-machine Flower round scope",,,,
2026-10-04T10:35:48.926005+00:00,9ff0dbd9b65241f8973eea6c0011dc14,1,client_02,4,88,4234.188500000528,31.411400001161383,,4.607299999406678,20.443899999008863,,106724,,,,,,,,,,
2026-10-04T10:35:48.926005+00:00,9ff0dbd9b65241f8973eea6c0011dc14,1,client_04,4,86,6416.0700000011275,5.943599999227445,,0.167199999850709,28.452200000174344,,106700,,,,,,,,,,
2026-10-04T10:35:48.926005+00:00,9ff0dbd9b65241f8973eea6c0011dc14,1,client_03,4,88,6634.220300000379,5.304399999658926,,0.16039999900385737,24.541400000089197,,106718,,,,,,,,,,
2026-10-04T10:35:48.946759+00:00,9ff0dbd9b65241f8973eea6c0011dc14,1,client_01,4,88,6589.1303999997035,5.379800000810064,,0.17099999968195334,64.5911999999953,,106736,,,,,,,,,,
2026-10-04T10:35:48.976684+00:00,9ff0dbd9b65241f8973eea6c0011dc14,1,,4,350,,5.827799999678973,8.045900000070105,0.15269999857991934,0.6226000004971866,0.2449000003252877,,,11304.695200000424,0.7752999990771059,108.43657800000074,estimated,"CodeCarbon software estimate (CPU/GPU/RAM), whole-machine Flower round scope",,,,
2026-10-04T10:35:54.885972+00:00,9ff0dbd9b65241f8973eea6c0011dc14,2,client_04,4,86,879.5905000006314,5.272700000205077,,0.1638000012462726,56.017199998677825,,106690,,,,,,,,,,
2026-10-04T10:35:54.886949+00:00,9ff0dbd9b65241f8973eea6c0011dc14,2,client_03,4,88,821.7817999993713,7.482299999537645,,0.19040000006498303,18.02529999986291,,106721,,,,,,,,,,
2026-10-04T10:35:54.887850+00:00,9ff0dbd9b65241f8973eea6c0011dc14,2,client_02,4,88,878.2226000002993,7.560600000942941,,0.19289999909233302,16.134999999849242,,106702,,,,,,,,,,
2026-10-04T10:35:54.910462+00:00,9ff0dbd9b65241f8973eea6c0011dc14,2,client_01,4,88,889.5906999987346,6.035899999915273,,0.18869999985327013,42.02700000132609,,106729,,,,,,,,,,
2026-10-04T10:35:54.927648+00:00,9ff0dbd9b65241f8973eea6c0011dc14,2,,4,350,,5.302300000039395,8.906799999749637,0.15970000094966963,0.6277000011323253,0.32889999965846073,,,5480.205900001238,0.7874000020819949,50.955345000002126,estimated,"CodeCarbon software estimate (CPU/GPU/RAM), whole-machine Flower round scope",,,,
2026-10-04T10:36:00.882737+00:00,9ff0dbd9b65241f8973eea6c0011dc14,3,client_01,4,88,926.9311999996717,5.760500000178581,,0.18570000065665226,31.106200000067474,,106753,,,,,,,,,,
2026-10-04T10:36:00.883737+00:00,9ff0dbd9b65241f8973eea6c0011dc14,3,client_04,4,86,892.6914000003308,8.82409999940137,,0.785399999585934,9.669600000052014,,106779,,,,,,,,,,
2026-10-04T10:36:00.887619+00:00,9ff0dbd9b65241f8973eea6c0011dc14,3,client_02,4,88,920.5951000003552,6.79879999916011,,0.22029999854566995,30.11549999973795,,106750,,,,,,,,,,
2026-10-04T10:36:00.906904+00:00,9ff0dbd9b65241f8973eea6c0011dc14,3,client_03,4,88,893.7429999987216,6.205699999554781,,0.18879999879573006,30.56269999979122,,106735,,,,,,,,,,
2026-10-04T10:36:00.941503+00:00,9ff0dbd9b65241f8973eea6c0011dc14,3,,4,350,,5.697500000678701,9.019300003274111,0.1987999985431088,0.7606000017403858,0.5696000007446855,,,5531.09140000015,0.9594000002834946,51.045599999997656,estimated,"CodeCarbon software estimate (CPU/GPU/RAM), whole-machine Flower round scope",,,,
2026-10-04T10:36:06.902899+00:00,9ff0dbd9b65241f8973eea6c0011dc14,4,client_04,4,86,942.4639999997453,8.200000000215368,,0.1554000009491574,29.369399999268353,,106776,,,,,,,,,,
2026-10-04T10:36:06.902899+00:00,9ff0dbd9b65241f8973eea6c0011dc14,4,client_01,4,88,939.4601999993029,5.718800000977353,,0.15689999963797163,19.802400000116904,,106763,,,,,,,,,,
2026-10-04T10:36:06.916270+00:00,9ff0dbd9b65241f8973eea6c0011dc14,4,client_03,4,88,850.4319000003306,7.83419999970647,,0.18730000010691583,60.4923000009876,,106767,,,,,,,,,,
2026-10-04T10:36:06.916270+00:00,9ff0dbd9b65241f8973eea6c0011dc14,4,client_02,4,88,923.2331000002887,8.473500000036438,,0.29689999973925296,25.819000000410597,,106786,,,,,,,,,,
2026-10-04T10:36:06.956018+00:00,9ff0dbd9b65241f8973eea6c0011dc14,4,,4,350,,5.11249999908614,9.292400001868373,0.1534000002720859,1.1859000023832778,0.27210000007471535,,,5514.49219999995,1.3393000026553636,51.1865779999971,estimated,"CodeCarbon software estimate (CPU/GPU/RAM), whole-machine Flower round scope",,,,
2026-10-04T10:36:12.916994+00:00,9ff0dbd9b65241f8973eea6c0011dc14,5,client_03,4,88,884.134300000369,6.983699999182136,,0.1962000005732989,61.53400000039255,,106767,,,,,,,,,,
2026-10-04T10:36:12.916994+00:00,9ff0dbd9b65241f8973eea6c0011dc14,5,client_01,4,88,924.7137999991537,6.391500000972883,,0.37030000021331944,35.27810000014142,,106775,,,,,,,,,,
2026-10-04T10:36:12.937648+00:00,9ff0dbd9b65241f8973eea6c0011dc14,5,client_04,4,86,895.0809999987541,5.457600000227103,,0.2783999989333097,69.8562999987189,,106758,,,,,,,,,,
2026-10-04T10:36:12.946019+00:00,9ff0dbd9b65241f8973eea6c0011dc14,5,client_02,4,88,860.9708999993018,7.801300000210176,,0.827799998660339,35.88610000042536,,106769,,,,,,,,,,
2026-10-04T10:36:12.975503+00:00,9ff0dbd9b65241f8973eea6c0011dc14,5,,4,350,,5.3312000000005355,9.210499998516752,0.1441000003978843,1.0121000013896264,0.25400000049558,,,5545.320600000196,1.1562000017875107,51.520221999999194,estimated,"CodeCarbon software estimate (CPU/GPU/RAM), whole-machine Flower round scope",,,,
2026-10-04T10:36:18.890947+00:00,9ff0dbd9b65241f8973eea6c0011dc14,6,client_03,4,88,911.9496000002982,5.906300000788178,,0.14650000048277434,59.57549999948242,,106761,,,,,,,,,,
2026-10-04T10:36:18.890947+00:00,9ff0dbd9b65241f8973eea6c0011dc14,6,client_01,4,88,876.4424000000872,7.4296000002505025,,0.1658000001043547,72.00469999952475,,106760,,,,,,,,,,
2026-10-04T10:36:18.904264+00:00,9ff0dbd9b65241f8973eea6c0011dc14,6,client_04,4,86,887.1106999995391,8.472299999993993,,0.5025999998906627,78.18200000110664,,106764,,,,,,,,,,
2026-10-04T10:36:18.904264+00:00,9ff0dbd9b65241f8973eea6c0011dc14,6,client_02,4,88,926.6078000000562,12.575999999171472,,0.35849999949277844,34.122999999453896,,106765,,,,,,,,,,
2026-10-04T10:36:18.944530+00:00,9ff0dbd9b65241f8973eea6c0011dc14,6,,4,350,,5.161700000826386,9.371199999804958,0.12770000103046186,0.6675999975414015,0.2669000004971167,,,5519.872900000337,0.7952999985718634,51.378086999993684,estimated,"CodeCarbon software estimate (CPU/GPU/RAM), whole-machine Flower round scope",,,,
2026-10-04T10:36:24.870063+00:00,9ff0dbd9b65241f8973eea6c0011dc14,7,client_03,4,88,895.2735000002576,5.656499999531661,,0.16709999908925965,59.88869999964663,,106772,,,,,,,,,,
2026-10-04T10:36:24.871063+00:00,9ff0dbd9b65241f8973eea6c0011dc14,7,client_04,4,86,873.596000001271,6.8464000014500925,,0.2086000004055677,65.01089999983378,,106763,,,,,,,,,,
2026-10-04T10:36:24.879060+00:00,9ff0dbd9b65241f8973eea6c0011dc14,7,client_02,4,88,873.5459999988961,5.5388000000675675,,0.44470000102592167,20.98189999924216,,106787,,,,,,,,,,
2026-10-04T10:36:24.887058+00:00,9ff0dbd9b65241f8973eea6c0011dc14,7,client_01,4,88,849.1759000007733,5.944000000454253,,0.3023999997822102,26.55100000083621,,106776,,,,,,,,,,
2026-10-04T10:36:24.916577+00:00,9ff0dbd9b65241f8973eea6c0011dc14,7,,4,350,,4.970200001480407,8.575900001233094,0.15010000061010942,0.5302000008668983,0.2942000010079937,,,5516.706899999917,0.6803000014770078,51.33327600000485,estimated,"CodeCarbon software estimate (CPU/GPU/RAM), whole-machine Flower round scope",,,,
2026-10-04T10:36:30.852691+00:00,9ff0dbd9b65241f8973eea6c0011dc14,8,client_04,4,86,944.0465000006952,6.175200000143377,,0.18430000091029797,18.38280000083614,,106829,,,,,,,,,,
2026-10-04T10:36:30.866131+00:00,9ff0dbd9b65241f8973eea6c0011dc14,8,client_02,4,88,979.9517999999807,5.319500000041444,,0.16390000018873252,13.673499999640626,,106830,,,,,,,,,,
2026-10-04T10:36:30.866131+00:00,9ff0dbd9b65241f8973eea6c0011dc14,8,client_03,4,88,887.4826000010216,8.357299999261159,,0.8129999987431802,31.204900000375346,,106821,,,,,,,,,,
2026-10-04T10:36:30.884731+00:00,9ff0dbd9b65241f8973eea6c0011dc14,8,client_01,4,88,951.2081999982911,6.534800000736141,,0.9613999991415767,13.155599999663536,,106852,,,,,,,,,,
2026-10-04T10:36:30.914274+00:00,9ff0dbd9b65241f8973eea6c0011dc14,8,,4,350,,5.492099999173661,8.425500000157626,0.1571000011608703,0.72090000139724,0.24880000091798138,,,5555.560900000273,0.8780000025581103,51.51671300000089,estimated,"CodeCarbon software estimate (CPU/GPU/RAM), whole-machine Flower round scope",,,,
2026-10-04T10:36:36.781353+00:00,9ff0dbd9b65241f8973eea6c0011dc14,9,client_01,4,88,824.1637999999512,6.709900000714697,,0.20810000023629982,22.693799999615294,,106875,,,,,,,,,,
2026-10-04T10:36:36.782353+00:00,9ff0dbd9b65241f8973eea6c0011dc14,9,client_03,4,88,889.8826000004192,5.824999998367275,,0.17020000086631626,60.76109999958135,,106848,,,,,,,,,,
2026-10-04T10:36:36.786868+00:00,9ff0dbd9b65241f8973eea6c0011dc14,9,client_02,4,88,853.8179000006494,7.62380000014673,,0.18540000019129366,59.37950000043202,,106854,,,,,,,,,,
2026-10-04T10:36:36.801449+00:00,9ff0dbd9b65241f8973eea6c0011dc14,9,client_04,4,86,878.6902999981976,6.847399999969639,,0.16820000018924475,41.01280000031693,,106824,,,,,,,,,,
2026-10-04T10:36:36.831563+00:00,9ff0dbd9b65241f8973eea6c0011dc14,9,,4,350,,5.106299999170005,9.183600002870662,0.11980000090261456,0.5999000004521804,0.2624000007926952,,,5460.264499999539,0.719700001354795,51.014032999992196,estimated,"CodeCarbon software estimate (CPU/GPU/RAM), whole-machine Flower round scope",,,,
2026-10-04T10:36:42.805351+00:00,9ff0dbd9b65241f8973eea6c0011dc14,10,client_03,4,88,928.0886999986251,5.763799999840558,,0.16909999976633117,55.351700000755955,,106893,,,,,,,,,,
2026-10-04T10:36:42.806350+00:00,9ff0dbd9b65241f8973eea6c0011dc14,10,client_02,4,88,868.0452999997215,13.405300000158604,,0.16959999993559904,77.606900000319,,106934,,,,,,,,,,
2026-10-04T10:36:42.814369+00:00,9ff0dbd9b65241f8973eea6c0011dc14,10,client_01,4,88,865.9637000000657,5.640300001687137,,0.19139999858452938,16.48179999938293,,106921,,,,,,,,,,
2026-10-04T10:36:42.814369+00:00,9ff0dbd9b65241f8973eea6c0011dc14,10,client_04,4,86,924.6762000002491,5.563599999732105,,0.16900000082387123,18.85269999911543,,106913,,,,,,,,,,
2026-10-04T10:36:42.854626+00:00,9ff0dbd9b65241f8973eea6c0011dc14,10,,4,350,,5.111700000270503,8.998399998745299,0.14390000069397502,0.6424999992304947,0.2977999993163394,,,5574.185400000715,0.7863999999244697,51.308362999989185,estimated,"CodeCarbon software estimate (CPU/GPU/RAM), whole-machine Flower round scope",,,,
2026-10-04T10:36:48.748704+00:00,9ff0dbd9b65241f8973eea6c0011dc14,11,client_04,4,86,891.8600000015431,6.0839999987365445,,0.2922000003309222,38.10970000085945,,106913,,,,,,,,,,
2026-10-04T10:36:48.748704+00:00,9ff0dbd9b65241f8973eea6c0011dc14,11,client_02,4,88,880.5621000010433,5.723500000385684,,0.1933999992616009,13.303899999300484,,106912,,,,,,,,,,
2026-10-04T10:36:48.761807+00:00,9ff0dbd9b65241f8973eea6c0011dc14,11,client_03,4,88,847.5553999996919,6.063799999537878,,0.917900000786176,44.56149999896297,,106872,,,,,,,,,,
2026-10-04T10:36:48.774624+00:00,9ff0dbd9b65241f8973eea6c0011dc14,11,client_01,4,88,915.5214000002161,5.966299999272451,,0.16850000065460335,43.81999999895925,,106898,,,,,,,,,,
2026-10-04T10:36:48.802092+00:00,9ff0dbd9b65241f8973eea6c0011dc14,11,,4,350,,5.123099999764236,8.938500001022476,0.12819999938074034,0.7030999986454844,0.27130000125907827,,,5490.152700000181,0.8312999980262248,50.77132399999755,estimated,"CodeCarbon software estimate (CPU/GPU/RAM), whole-machine Flower round scope",,,,
2026-10-04T10:36:54.716483+00:00,9ff0dbd9b65241f8973eea6c0011dc14,12,client_03,4,88,913.5702000003221,6.023899999490823,,0.5383000006986549,55.10820000017702,,106874,,,,,,,,,,
2026-10-04T10:36:54.717483+00:00,9ff0dbd9b65241f8973eea6c0011dc14,12,client_04,4,86,875.9251999999833,6.224799999472452,,0.7831000002624933,24.343799999769544,,106880,,,,,,,,,,
2026-10-04T10:36:54.721591+00:00,9ff0dbd9b65241f8973eea6c0011dc14,12,client_01,4,88,865.8259999992879,5.91800000074727,,0.26219999926979654,57.40259999947739,,106883,,,,,,,,,,
2026-10-04T10:36:54.735445+00:00,9ff0dbd9b65241f8973eea6c0011dc14,12,client_02,4,88,930.3777999994054,6.925399999090587,,0.26530000104685314,21.653399999195244,,106889,,,,,,,,,,
2026-10-04T10:36:54.765617+00:00,9ff0dbd9b65241f8973eea6c0011dc14,12,,4,350,,4.823499999474734,9.49199999740813,0.1260999997612089,0.7318999996641651,0.2609000002848916,,,5506.805700000768,0.857999999425374,51.11141299999873,estimated,"CodeCarbon software estimate (CPU/GPU/RAM), whole-machine Flower round scope",,,,
2026-10-04T10:37:00.630327+00:00,9ff0dbd9b65241f8973eea6c0011dc14,13,client_04,4,86,913.1335999991279,7.482799999706913,,0.1742999993439298,12.779300001056981,,106854,,,,,,,,,,
2026-10-04T10:37:00.631326+00:00,9ff0dbd9b65241f8973eea6c0011dc14,13,client_02,4,88,916.0382999998546,5.206399999224232,,0.2074999993055826,11.951399999816203,,106841,,,,,,,,,,
2026-10-04T10:37:00.641324+00:00,9ff0dbd9b65241f8973eea6c0011dc14,13,client_01,4,88,852.9758000004222,5.4959000008238945,,0.17489999845565762,13.27320000018517,,106846,,,,,,,,,,
2026-10-04T10:37:00.649872+00:00,9ff0dbd9b65241f8973eea6c0011dc14,13,client_03,4,88,900.499100000161,6.118699999206001,,0.17580000167072285,34.14640000119107,,106854,,,,,,,,,,
2026-10-04T10:37:00.683480+00:00,9ff0dbd9b65241f8973eea6c0011dc14,13,,4,350,,5.575200000748737,8.38610000027984,0.18810000074154232,0.6260000009206124,0.2581999997346429,,,5464.908800000558,0.8141000016621547,50.756717000003846,estimated,"CodeCarbon software estimate (CPU/GPU/RAM), whole-machine Flower round scope",,,,
2026-10-04T10:37:06.609537+00:00,9ff0dbd9b65241f8973eea6c0011dc14,14,client_04,4,86,854.3491999989783,16.156699999555713,,0.34779999987222254,78.64039999913075,,106736,,,,,,,,,,
2026-10-04T10:37:06.610536+00:00,9ff0dbd9b65241f8973eea6c0011dc14,14,client_03,4,88,908.2679999992251,7.526199999119854,,0.7718999986536801,23.676099999647704,,106693,,,,,,,,,,
2026-10-04T10:37:06.618236+00:00,9ff0dbd9b65241f8973eea6c0011dc14,14,client_02,4,88,897.0849999986967,6.96810000044934,,0.19249999968451448,22.45030000085535,,106730,,,,,,,,,,
2026-10-04T10:37:06.618236+00:00,9ff0dbd9b65241f8973eea6c0011dc14,14,client_01,4,88,906.5200999993976,6.899400001202594,,1.5688000003137859,25.58850000059465,,106737,,,,,,,,,,
2026-10-04T10:37:06.656497+00:00,9ff0dbd9b65241f8973eea6c0011dc14,14,,4,350,,5.068500000561471,8.551599999918835,0.13439999929687474,0.5918999995628837,0.2693999995244667,,,5518.134600000849,0.7262999988597585,51.21561899999506,estimated,"CodeCarbon software estimate (CPU/GPU/RAM), whole-machine Flower round scope",,,,
2026-10-04T10:37:12.504210+00:00,9ff0dbd9b65241f8973eea6c0011dc14,15,client_02,4,88,841.3603999997576,6.124100000306498,,0.2024000004894333,12.881500000730739,,106654,,,,,,,,,,
2026-10-04T10:37:12.505209+00:00,9ff0dbd9b65241f8973eea6c0011dc14,15,client_01,4,88,885.3828999999678,5.683700001100078,,0.2509000005375128,40.546600001107436,,106635,,,,,,,,,,
2026-10-04T10:37:12.514067+00:00,9ff0dbd9b65241f8973eea6c0011dc14,15,client_04,4,86,905.9347999991587,6.429999999454594,,0.25300000015704427,14.562500000465661,,106655,,,,,,,,,,
2026-10-04T10:37:12.522065+00:00,9ff0dbd9b65241f8973eea6c0011dc14,15,client_03,4,88,880.8691999984148,6.374399999913294,,0.18230000023322646,12.543599999844446,,106624,,,,,,,,,,
2026-10-04T10:37:12.553576+00:00,9ff0dbd9b65241f8973eea6c0011dc14,15,,4,350,,5.102400000396301,8.773100002144929,0.12310000056459103,0.7019000004220288,0.26839999918593094,,,5445.303099999364,0.8250000009866199,50.659706000005826,estimated,"CodeCarbon software estimate (CPU/GPU/RAM), whole-machine Flower round scope",,,,
2026-10-04T10:37:18.390789+00:00,9ff0dbd9b65241f8973eea6c0011dc14,16,client_02,4,88,865.8065999989049,7.299499999135151,,0.17699999989417847,41.1086999993131,,106569,,,,,,,,,,
2026-10-04T10:37:18.391431+00:00,9ff0dbd9b65241f8973eea6c0011dc14,16,client_04,4,86,893.1037000002107,5.259300000034273,,0.16310000137309544,40.174300000217045,,106571,,,,,,,,,,
2026-10-04T10:37:18.391431+00:00,9ff0dbd9b65241f8973eea6c0011dc14,16,client_01,4,88,881.177100000059,5.32279999970342,,0.1757000009092735,21.97340000020631,,106562,,,,,,,,,,
2026-10-04T10:37:18.413697+00:00,9ff0dbd9b65241f8973eea6c0011dc14,16,client_03,4,88,857.6131999998324,6.2682000007043825,,0.17919999845616985,19.417999999859603,,106571,,,,,,,,,,
2026-10-04T10:37:18.443524+00:00,9ff0dbd9b65241f8973eea6c0011dc14,16,,4,350,,5.004000000553788,8.940400000938098,0.15220000022964086,0.6195999994815793,0.2868999999918742,,,5441.263400000025,0.7717999997112202,50.74784799999179,estimated,"CodeCarbon software estimate (CPU/GPU/RAM), whole-machine Flower round scope",,,,
2026-10-04T10:37:24.390169+00:00,9ff0dbd9b65241f8973eea6c0011dc14,17,client_01,4,88,1000.6505999990623,5.1616000000649365,,0.1578999999765074,33.1638000006933,,106535,,,,,,,,,,
2026-10-04T10:37:24.391172+00:00,9ff0dbd9b65241f8973eea6c0011dc14,17,client_04,4,86,905.5695999995805,6.241099999897415,,0.19600000086938962,11.417800000344869,,106546,,,,,,,,,,
2026-10-04T10:37:24.392276+00:00,9ff0dbd9b65241f8973eea6c0011dc14,17,client_02,4,88,945.6361000011384,6.273900000451249,,0.198199999431381,42.22170000139158,,106523,,,,,,,,,,
2026-10-04T10:37:24.409949+00:00,9ff0dbd9b65241f8973eea6c0011dc14,17,client_03,4,88,949.0249999998923,5.997300000672112,,0.19889999930455815,38.747099999454804,,106532,,,,,,,,,,
2026-10-04T10:37:24.439587+00:00,9ff0dbd9b65241f8973eea6c0011dc14,17,,4,350,,5.263500001092325,8.977999999842723,0.1449999999749707,0.6607000013900688,0.26340000113123097,,,5544.883700000355,0.8057000013650395,51.524267000004336,estimated,"CodeCarbon software estimate (CPU/GPU/RAM), whole-machine Flower round scope",,,,
2026-10-04T10:37:30.374727+00:00,9ff0dbd9b65241f8973eea6c0011dc14,18,client_04,4,86,953.3793999999034,5.7027000002563,,0.17769999976735562,50.0783000006777,,106525,,,,,,,,,,
2026-10-04T10:37:30.375727+00:00,9ff0dbd9b65241f8973eea6c0011dc14,18,client_03,4,88,933.816000000661,7.391900000584428,,0.39939999987836927,13.034900001002825,,106495,,,,,,,,,,
2026-10-04T10:37:30.384866+00:00,9ff0dbd9b65241f8973eea6c0011dc14,18,client_01,4,88,977.5486999988061,5.636000001686625,,0.16460000006190967,16.24230000015814,,106529,,,,,,,,,,
2026-10-04T10:37:30.395066+00:00,9ff0dbd9b65241f8973eea6c0011dc14,18,client_02,4,88,928.4570999989228,7.064699999318691,,0.2184999993914971,42.814000000362284,,106526,,,,,,,,,,
2026-10-04T10:37:30.420446+00:00,9ff0dbd9b65241f8973eea6c0011dc14,18,,4,350,,5.229600001257495,9.102699998038588,0.1458000006095972,0.6515000004583271,0.2612000007502502,,,5537.988800000676,0.7973000010679243,51.66230300001189,estimated,"CodeCarbon software estimate (CPU/GPU/RAM), whole-machine Flower round scope",,,,
2026-10-04T10:37:36.279675+00:00,9ff0dbd9b65241f8973eea6c0011dc14,19,client_04,4,86,834.8239999995712,6.205600000612321,,0.17910000133269932,16.52789999934612,,106461,,,,,,,,,,
2026-10-04T10:37:36.280674+00:00,9ff0dbd9b65241f8973eea6c0011dc14,19,client_01,4,88,876.2542000004032,5.848900000273716,,0.3840000008494826,23.170300000856514,,106486,,,,,,,,,,
2026-10-04T10:37:36.288153+00:00,9ff0dbd9b65241f8973eea6c0011dc14,19,client_02,4,88,879.2228999991494,6.568599999809521,,0.3839999990304932,39.99590000057651,,106485,,,,,,,,,,
2026-10-04T10:37:36.288153+00:00,9ff0dbd9b65241f8973eea6c0011dc14,19,client_03,4,88,837.2639999997773,5.982099999528145,,0.1706000002741348,33.48339999865857,,106471,,,,,,,,,,
2026-10-04T10:37:36.327178+00:00,9ff0dbd9b65241f8973eea6c0011dc14,19,,4,350,,5.822299999636016,8.026800000152434,0.2131000001099892,0.6946999965293799,0.2609000002848916,,,5450.563299998976,0.9077999966393691,50.588526999999885,estimated,"CodeCarbon software estimate (CPU/GPU/RAM), whole-machine Flower round scope",,,,
2026-10-04T10:37:42.221327+00:00,9ff0dbd9b65241f8973eea6c0011dc14,20,client_04,4,86,893.6776999998983,5.412199998318101,,0.15780000103404745,52.11100000087754,,106439,,,,,,,,,,
2026-10-04T10:37:42.235802+00:00,9ff0dbd9b65241f8973eea6c0011dc14,20,client_03,4,88,841.8894000005821,8.309599999847705,,0.23580000015499536,51.74479999914183,,106429,,,,,,,,,,
2026-10-04T10:37:42.243800+00:00,9ff0dbd9b65241f8973eea6c0011dc14,20,client_01,4,88,880.8460000000196,6.825899999967078,,0.3316000002087094,24.97140000014042,,106437,,,,,,,,,,
2026-10-04T10:37:42.249726+00:00,9ff0dbd9b65241f8973eea6c0011dc14,20,client_02,4,88,886.6658999995707,11.29900000159978,,0.1691999987087911,49.046600001020124,,106437,,,,,,,,,,
2026-10-04T10:37:42.282264+00:00,9ff0dbd9b65241f8973eea6c0011dc14,20,,4,350,,5.264900000838679,8.48020000194083,0.12820000119972974,0.742500000342261,0.2561999990575714,,,5497.1608000014385,0.8707000015419908,51.14696599999661,estimated,"CodeCarbon software estimate (CPU/GPU/RAM), whole-machine Flower round scope",,,,
